[27Aug2026 22:17:03.516] [main/INFO] [cpw.mods.modlauncher.Launcher/MODLAUNCHER]: ModLauncher running: args [--gameDir, ., --launchTarget, fmlserver, --fml.forgeVersion, 36.2.42, --fml.mcpVersion, 20210115.111550, --fml.mcVersion, 1.16.5, --fml.forgeGroup, net.minecraftforge, nogui]
[27Aug2026 22:17:03.519] [main/INFO] [cpw.mods.modlauncher.Launcher/MODLAUNCHER]: ModLauncher 8.1.3+8.1.3+main-8.1.x.c94d18ec starting: java version 11.0.32 by Ubuntu
[27Aug2026 22:17:03.532] [main/DEBUG] [cpw.mods.modlauncher.LaunchServiceHandler/MODLAUNCHER]: Found launch services [minecraft,testharness,fmlclient,fmlserver]
[27Aug2026 22:17:03.545] [main/DEBUG] [cpw.mods.modlauncher.NameMappingServiceHandler/MODLAUNCHER]: Found naming services : []
[27Aug2026 22:17:03.607] [main/DEBUG] [cpw.mods.modlauncher.LaunchPluginHandler/MODLAUNCHER]: Found launch plugins: [mixin,eventbus,object_holder_definalize,runtime_enum_extender,capability_inject_definalize,accesstransformer,runtimedistcleaner]
[27Aug2026 22:17:03.616] [main/DEBUG] [cpw.mods.modlauncher.TransformationServicesHandler/MODLAUNCHER]: Discovering transformation services
[27Aug2026 22:17:03.658] [main/DEBUG] [cpw.mods.modlauncher.TransformationServicesHandler/MODLAUNCHER]: Found additional transformation services from discovery services: []
[27Aug2026 22:17:03.706] [main/DEBUG] [cpw.mods.modlauncher.TransformationServicesHandler/MODLAUNCHER]: Found transformer services : [mixin,fml]
[27Aug2026 22:17:03.706] [main/DEBUG] [cpw.mods.modlauncher.TransformationServicesHandler/MODLAUNCHER]: Transformation services loading
[27Aug2026 22:17:03.707] [main/DEBUG] [cpw.mods.modlauncher.TransformationServiceDecorator/MODLAUNCHER]: Loading service mixin
[27Aug2026 22:17:03.708] [main/DEBUG] [cpw.mods.modlauncher.TransformationServiceDecorator/MODLAUNCHER]: Loaded service mixin
[27Aug2026 22:17:03.708] [main/DEBUG] [cpw.mods.modlauncher.TransformationServiceDecorator/MODLAUNCHER]: Loading service fml
[27Aug2026 22:17:03.708] [main/DEBUG] [net.minecraftforge.fml.loading.FMLServiceProvider/]: Injecting tracing printstreams for STDOUT/STDERR.
[27Aug2026 22:17:03.713] [main/DEBUG] [net.minecraftforge.fml.loading.LauncherVersion/CORE]: Found FMLLauncher version 36.2
[27Aug2026 22:17:03.713] [main/DEBUG] [net.minecraftforge.fml.loading.FMLLoader/CORE]: FML 36.2 loading
[27Aug2026 22:17:03.713] [main/DEBUG] [net.minecraftforge.fml.loading.FMLLoader/CORE]: FML found ModLauncher version : 8.1.3+8.1.3+main-8.1.x.c94d18ec
[27Aug2026 22:17:03.714] [main/DEBUG] [net.minecraftforge.fml.loading.FMLLoader/CORE]: Initializing modjar URL handler
[27Aug2026 22:17:03.714] [main/DEBUG] [net.minecraftforge.fml.loading.FMLLoader/CORE]: FML found AccessTransformer version : 3.0.1+61+master.47bca0e
[27Aug2026 22:17:03.715] [main/DEBUG] [net.minecraftforge.fml.loading.FMLLoader/CORE]: FML found EventBus version : 4.0.0+65+master.6080a3f
[27Aug2026 22:17:03.715] [main/DEBUG] [net.minecraftforge.fml.loading.FMLLoader/CORE]: Found Runtime Dist Cleaner
[27Aug2026 22:17:03.717] [main/DEBUG] [net.minecraftforge.fml.loading.FMLLoader/CORE]: FML found CoreMod version : 4.0.6+14+master.c21a551
[27Aug2026 22:17:03.717] [main/DEBUG] [net.minecraftforge.fml.loading.FMLLoader/CORE]: Found ForgeSPI package implementation version 3.2.0+13+master.8ddb2cc
[27Aug2026 22:17:03.717] [main/DEBUG] [net.minecraftforge.fml.loading.FMLLoader/CORE]: Found ForgeSPI package specification 3
[27Aug2026 22:17:03.814] [main/INFO] [net.minecraftforge.fml.loading.FixSSL/CORE]: Added Lets Encrypt root certificates as additional trust
[27Aug2026 22:17:03.814] [main/DEBUG] [cpw.mods.modlauncher.TransformationServiceDecorator/MODLAUNCHER]: Loaded service fml
[27Aug2026 22:17:03.815] [main/DEBUG] [cpw.mods.modlauncher.TransformationServicesHandler/MODLAUNCHER]: Configuring option handling for services
[27Aug2026 22:17:03.823] [main/DEBUG] [cpw.mods.modlauncher.TransformationServicesHandler/MODLAUNCHER]: Transformation services initializing
[27Aug2026 22:17:03.824] [main/DEBUG] [cpw.mods.modlauncher.TransformationServiceDecorator/MODLAUNCHER]: Initializing transformation service mixin
[27Aug2026 22:17:03.852] [main/DEBUG] [mixin/]: Mixin bootstrap service org.spongepowered.asm.service.mojang.MixinServiceLaunchWrapperBootstrap is not available: LaunchWrapper is not available
[27Aug2026 22:17:03.852] [main/DEBUG] [mixin/]: MixinService [ModLauncher] was successfully booted in jdk.internal.loader.ClassLoaders$AppClassLoader@55054057
[27Aug2026 22:17:03.873] [main/INFO] [mixin/]: SpongePowered MIXIN Subsystem Version=0.8.4 Source=file:/workspaces/Antony/servidor_minecraft/libraries/org/spongepowered/mixin/0.8.4/mixin-0.8.4.jar Service=ModLauncher Env=SERVER
[27Aug2026 22:17:03.876] [main/DEBUG] [mixin/]: Initialising Mixin Platform Manager
[27Aug2026 22:17:03.876] [main/DEBUG] [mixin/]: Adding mixin platform agents for container ModLauncher Root Container(ModLauncher:4f56a0a2)
[27Aug2026 22:17:03.877] [main/DEBUG] [mixin/]: Instancing new MixinPlatformAgentMinecraftForge for ModLauncher Root Container(ModLauncher:4f56a0a2)
[27Aug2026 22:17:03.877] [main/DEBUG] [mixin/]: MixinPlatformAgentMinecraftForge rejected container ModLauncher Root Container(ModLauncher:4f56a0a2)
[27Aug2026 22:17:03.878] [main/DEBUG] [mixin/]: Instancing new MixinPlatformAgentDefault for ModLauncher Root Container(ModLauncher:4f56a0a2)
[27Aug2026 22:17:03.878] [main/DEBUG] [mixin/]: MixinPlatformAgentDefault accepted container ModLauncher Root Container(ModLauncher:4f56a0a2)
[27Aug2026 22:17:03.879] [main/DEBUG] [cpw.mods.modlauncher.TransformationServiceDecorator/MODLAUNCHER]: Initialized transformation service mixin
[27Aug2026 22:17:03.880] [main/DEBUG] [cpw.mods.modlauncher.TransformationServiceDecorator/MODLAUNCHER]: Initializing transformation service fml
[27Aug2026 22:17:03.880] [main/DEBUG] [net.minecraftforge.fml.loading.FMLServiceProvider/CORE]: Setting up basic FML game directories
[27Aug2026 22:17:03.881] [main/DEBUG] [net.minecraftforge.fml.loading.FileUtils/CORE]: Found existing GAMEDIR directory : /workspaces/Antony/servidor_minecraft
[27Aug2026 22:17:03.881] [main/DEBUG] [net.minecraftforge.fml.loading.FMLPaths/CORE]: Path GAMEDIR is /workspaces/Antony/servidor_minecraft
[27Aug2026 22:17:03.881] [main/DEBUG] [net.minecraftforge.fml.loading.FileUtils/CORE]: Found existing MODSDIR directory : /workspaces/Antony/servidor_minecraft/mods
[27Aug2026 22:17:03.881] [main/DEBUG] [net.minecraftforge.fml.loading.FMLPaths/CORE]: Path MODSDIR is /workspaces/Antony/servidor_minecraft/mods
[27Aug2026 22:17:03.882] [main/DEBUG] [net.minecraftforge.fml.loading.FileUtils/CORE]: Found existing CONFIGDIR directory : /workspaces/Antony/servidor_minecraft/config
[27Aug2026 22:17:03.882] [main/DEBUG] [net.minecraftforge.fml.loading.FMLPaths/CORE]: Path CONFIGDIR is /workspaces/Antony/servidor_minecraft/config
[27Aug2026 22:17:03.882] [main/DEBUG] [net.minecraftforge.fml.loading.FMLPaths/CORE]: Path FMLCONFIG is /workspaces/Antony/servidor_minecraft/config/fml.toml
[27Aug2026 22:17:03.882] [main/DEBUG] [net.minecraftforge.fml.loading.FMLServiceProvider/CORE]: Loading configuration
[27Aug2026 22:17:03.914] [main/DEBUG] [net.minecraftforge.fml.loading.FileUtils/CORE]: Found existing default config directory directory : /workspaces/Antony/servidor_minecraft/defaultconfigs
[27Aug2026 22:17:03.914] [main/DEBUG] [net.minecraftforge.fml.loading.FMLServiceProvider/CORE]: Preparing ModFile
[27Aug2026 22:17:03.917] [main/DEBUG] [net.minecraftforge.fml.loading.FMLServiceProvider/CORE]: Preparing launch handler
[27Aug2026 22:17:03.917] [main/DEBUG] [net.minecraftforge.fml.loading.FMLLoader/CORE]: Using fmlserver as launch service
[27Aug2026 22:17:03.923] [main/DEBUG] [net.minecraftforge.fml.loading.FMLLoader/CORE]: Received command line version data  : MC Version: '1.16.5' MCP Version: '20210115.111550' Forge Version: '36.2.42' Forge group: 'net.minecraftforge'
[27Aug2026 22:17:03.924] [main/DEBUG] [net.minecraftforge.fml.loading.LibraryFinder/CORE]: Found JAR asm at path /workspaces/Antony/servidor_minecraft/libraries/org/ow2/asm/asm/9.6/asm-9.6.jar
[27Aug2026 22:17:03.924] [main/DEBUG] [net.minecraftforge.fml.loading.LibraryFinder/CORE]: Found probable library path /workspaces/Antony/servidor_minecraft/libraries
[27Aug2026 22:17:03.925] [main/DEBUG] [net.minecraftforge.fml.loading.LibraryFinder/CORE]: Found forge path /workspaces/Antony/servidor_minecraft/libraries/net/minecraftforge/forge/1.16.5-36.2.42/forge-1.16.5-36.2.42-universal.jar is present
[27Aug2026 22:17:03.925] [main/DEBUG] [net.minecraftforge.fml.loading.LibraryFinder/CORE]: SRG MC at /workspaces/Antony/servidor_minecraft/libraries/net/minecraft/server/1.16.5-20210115.111550/server-1.16.5-20210115.111550-srg.jar is present
[27Aug2026 22:17:03.925] [main/DEBUG] [net.minecraftforge.fml.loading.LibraryFinder/CORE]: MC Extras at /workspaces/Antony/servidor_minecraft/libraries/net/minecraft/server/1.16.5-20210115.111550/server-1.16.5-20210115.111550-extra.jar is present
[27Aug2026 22:17:03.925] [main/DEBUG] [net.minecraftforge.fml.loading.LibraryFinder/CORE]: Forge patches at /workspaces/Antony/servidor_minecraft/libraries/net/minecraftforge/forge/1.16.5-36.2.42/forge-1.16.5-36.2.42-server.jar is present
[27Aug2026 22:17:03.928] [main/DEBUG] [net.minecraftforge.fml.loading.LanguageLoadingProvider/CORE]: Found 0 language providers
[27Aug2026 22:17:03.928] [main/DEBUG] [net.minecraftforge.fml.loading.LanguageLoadingProvider/CORE]: Adding forge as a language from /workspaces/Antony/servidor_minecraft/libraries/net/minecraftforge/forge/1.16.5-36.2.42/forge-1.16.5-36.2.42-universal.jar
[27Aug2026 22:17:03.930] [main/DEBUG] [net.minecraftforge.fml.loading.LanguageLoadingProvider/CORE]: Adding file:/workspaces/Antony/servidor_minecraft/libraries/net/minecraftforge/forge/1.16.5-36.2.42/forge-1.16.5-36.2.42-universal.jar to languageloader classloader
[27Aug2026 22:17:03.989] [main/DEBUG] [net.minecraftforge.fml.loading.LanguageLoadingProvider/CORE]: Found 2 language providers
[27Aug2026 22:17:03.990] [main/DEBUG] [net.minecraftforge.fml.loading.LanguageLoadingProvider/CORE]: Found language provider javafml, version 36.2
[27Aug2026 22:17:04.002] [main/DEBUG] [net.minecraftforge.fml.loading.LanguageLoadingProvider/CORE]: Found language provider minecraft, version 1
[27Aug2026 22:17:04.004] [main/DEBUG] [cpw.mods.modlauncher.TransformationServiceDecorator/MODLAUNCHER]: Initialized transformation service fml
[27Aug2026 22:17:04.004] [main/DEBUG] [cpw.mods.modlauncher.NameMappingServiceHandler/MODLAUNCHER]: Current naming domain is 'srg'
[27Aug2026 22:17:04.005] [main/DEBUG] [cpw.mods.modlauncher.NameMappingServiceHandler/MODLAUNCHER]: Identified name mapping providers {}
[27Aug2026 22:17:04.005] [main/DEBUG] [cpw.mods.modlauncher.TransformationServicesHandler/MODLAUNCHER]: Transformation services begin scanning
[27Aug2026 22:17:04.006] [main/DEBUG] [cpw.mods.modlauncher.TransformationServiceDecorator/MODLAUNCHER]: Beginning scan trigger - transformation service mixin
[27Aug2026 22:17:04.006] [main/DEBUG] [cpw.mods.modlauncher.TransformationServiceDecorator/MODLAUNCHER]: End scan trigger - transformation service mixin
[27Aug2026 22:17:04.006] [main/DEBUG] [cpw.mods.modlauncher.TransformationServiceDecorator/MODLAUNCHER]: Beginning scan trigger - transformation service fml
[27Aug2026 22:17:04.006] [main/DEBUG] [net.minecraftforge.fml.loading.FMLServiceProvider/CORE]: Initiating mod scan
[27Aug2026 22:17:04.038] [main/DEBUG] [net.minecraftforge.fml.loading.moddiscovery.ModListHandler/CORE]: Found mod coordinates from lists: []
[27Aug2026 22:17:04.072] [main/DEBUG] [net.minecraftforge.fml.loading.moddiscovery.ModDiscoverer/CORE]: Found Mod Locators : (mods folder:null),(maven libs:null),(exploded directory:null),(minecraft:null)
[27Aug2026 22:17:04.196] [main/DEBUG] [net.minecraftforge.fml.loading.moddiscovery.ModFileParser/LOADING]: Considering mod file candidate /workspaces/Antony/servidor_minecraft/mods/allfruitallboxes-1.0.0.jar
[27Aug2026 22:17:04.235] [main/DEBUG] [net.minecraftforge.fml.loading.moddiscovery.ModFileInfo/LOADING]: Found valid mod file allfruitallboxes-1.0.0.jar with {allfruitallboxes} mods - versions {1.0.0}
[27Aug2026 22:17:04.236] [main/DEBUG] [net.minecraftforge.fml.loading.moddiscovery.ModFile/LOADING]: Loading mod file /workspaces/Antony/servidor_minecraft/mods/allfruitallboxes-1.0.0.jar with language javafml
[27Aug2026 22:17:04.237] [main/DEBUG] [net.minecraftforge.fml.loading.moddiscovery.ModFileParser/LOADING]: Considering mod file candidate /workspaces/Antony/servidor_minecraft/mods/appleskin-forge-mc1.16.x-2.5.1.jar
[27Aug2026 22:17:04.241] [main/DEBUG] [net.minecraftforge.fml.loading.moddiscovery.ModFileInfo/LOADING]: Found valid mod file appleskin-forge-mc1.16.x-2.5.1.jar with {appleskin} mods - versions {2.5.1+mc1.16.4}
[27Aug2026 22:17:04.242] [main/DEBUG] [net.minecraftforge.fml.loading.moddiscovery.ModFile/LOADING]: Loading mod file /workspaces/Antony/servidor_minecraft/mods/appleskin-forge-mc1.16.x-2.5.1.jar with language javafml
[27Aug2026 22:17:04.242] [main/DEBUG] [net.minecraftforge.fml.loading.moddiscovery.ModFileParser/LOADING]: Considering mod file candidate /workspaces/Antony/servidor_minecraft/mods/architectury-1.32.68.jar
[27Aug2026 22:17:04.243] [main/DEBUG] [net.minecraftforge.fml.loading.moddiscovery.ModFileInfo/LOADING]: Found valid mod file architectury-1.32.68.jar with {architectury} mods - versions {1.32.68}
[27Aug2026 22:17:04.244] [main/DEBUG] [net.minecraftforge.fml.loading.moddiscovery.ModFile/LOADING]: Loading mod file /workspaces/Antony/servidor_minecraft/mods/architectury-1.32.68.jar with language javafml
[27Aug2026 22:17:04.244] [main/DEBUG] [net.minecraftforge.fml.loading.moddiscovery.ModFileParser/LOADING]: Considering mod file candidate /workspaces/Antony/servidor_minecraft/mods/awakenawakennomi-0.7.1.jar
[27Aug2026 22:17:04.246] [main/DEBUG] [net.minecraftforge.fml.loading.moddiscovery.ModFileInfo/LOADING]: Found valid mod file awakenawakennomi-0.7.1.jar with {awakenawakennomi} mods - versions {0.7.1}
[27Aug2026 22:17:04.247] [main/DEBUG] [net.minecraftforge.fml.loading.moddiscovery.ModFile/LOADING]: Loading mod file /workspaces/Antony/servidor_minecraft/mods/awakenawakennomi-0.7.1.jar with language javafml
[27Aug2026 22:17:04.247] [main/DEBUG] [net.minecraftforge.fml.loading.moddiscovery.ModFileParser/LOADING]: Considering mod file candidate /workspaces/Antony/servidor_minecraft/mods/blitzraces-0.0.2-1.16.5.jar
[27Aug2026 22:17:04.249] [main/DEBUG] [net.minecraftforge.fml.loading.moddiscovery.ModFileInfo/LOADING]: Found valid mod file blitzraces-0.0.2-1.16.5.jar with {blitzraces} mods - versions {0.2}
[27Aug2026 22:17:04.250] [main/DEBUG] [net.minecraftforge.fml.loading.moddiscovery.ModFile/LOADING]: Loading mod file /workspaces/Antony/servidor_minecraft/mods/blitzraces-0.0.2-1.16.5.jar with language javafml
[27Aug2026 22:17:04.250] [main/DEBUG] [net.minecraftforge.fml.loading.moddiscovery.ModFileParser/LOADING]: Considering mod file candidate /workspaces/Antony/servidor_minecraft/mods/bountyhunters-1.1.0.jar
[27Aug2026 22:17:04.252] [main/DEBUG] [net.minecraftforge.fml.loading.moddiscovery.ModFileInfo/LOADING]: Found valid mod file bountyhunters-1.1.0.jar with {bountyhunters} mods - versions {1.0.0}
[27Aug2026 22:17:04.252] [main/DEBUG] [net.minecraftforge.fml.loading.moddiscovery.ModFile/LOADING]: Loading mod file /workspaces/Antony/servidor_minecraft/mods/bountyhunters-1.1.0.jar with language javafml
[27Aug2026 22:17:04.253] [main/DEBUG] [net.minecraftforge.fml.loading.moddiscovery.ModFileParser/LOADING]: Considering mod file candidate /workspaces/Antony/servidor_minecraft/mods/cartaddon-0.8.2.jar
[27Aug2026 22:17:04.255] [main/DEBUG] [net.minecraftforge.fml.loading.moddiscovery.ModFileInfo/LOADING]: Found valid mod file cartaddon-0.8.2.jar with {cartaddon} mods - versions {0.8.2}
[27Aug2026 22:17:04.257] [main/DEBUG] [net.minecraftforge.fml.loading.moddiscovery.ModFile/LOADING]: Loading mod file /workspaces/Antony/servidor_minecraft/mods/cartaddon-0.8.2.jar with language javafml
[27Aug2026 22:17:04.258] [main/DEBUG] [net.minecraftforge.fml.loading.moddiscovery.ModFileParser/LOADING]: Considering mod file candidate /workspaces/Antony/servidor_minecraft/mods/citadel-1.8.1-1.16.5.jar
[27Aug2026 22:17:04.259] [main/DEBUG] [net.minecraftforge.fml.loading.moddiscovery.ModFileInfo/LOADING]: Found valid mod file citadel-1.8.1-1.16.5.jar with {citadel} mods - versions {1.8.1}
[27Aug2026 22:17:04.259] [main/DEBUG] [net.minecraftforge.fml.loading.moddiscovery.ModFile/LOADING]: Loading mod file /workspaces/Antony/servidor_minecraft/mods/citadel-1.8.1-1.16.5.jar with language javafml
[27Aug2026 22:17:04.260] [main/DEBUG] [net.minecraftforge.fml.loading.moddiscovery.ModFileParser/LOADING]: Considering mod file candidate /workspaces/Antony/servidor_minecraft/mods/Controlling-7.0.0.31.jar
[27Aug2026 22:17:04.261] [main/DEBUG] [net.minecraftforge.fml.loading.moddiscovery.ModFileInfo/LOADING]: Found valid mod file Controlling-7.0.0.31.jar with {controlling} mods - versions {7.0.0.31}
[27Aug2026 22:17:04.262] [main/DEBUG] [net.minecraftforge.fml.loading.moddiscovery.ModFile/LOADING]: Loading mod file /workspaces/Antony/servidor_minecraft/mods/Controlling-7.0.0.31.jar with language javafml
[27Aug2026 22:17:04.262] [main/DEBUG] [net.minecraftforge.fml.loading.moddiscovery.ModFileParser/LOADING]: Considering mod file candidate /workspaces/Antony/servidor_minecraft/mods/coroutil-forge-1.16.5-1.3.6.jar
[27Aug2026 22:17:04.263] [main/DEBUG] [net.minecraftforge.fml.loading.moddiscovery.ModFileInfo/LOADING]: Found valid mod file coroutil-forge-1.16.5-1.3.6.jar with {coroutil} mods - versions {1.16.5-1.3.6}
[27Aug2026 22:17:04.263] [main/DEBUG] [net.minecraftforge.fml.loading.moddiscovery.ModFile/LOADING]: Loading mod file /workspaces/Antony/servidor_minecraft/mods/coroutil-forge-1.16.5-1.3.6.jar with language javafml
[27Aug2026 22:17:04.264] [main/DEBUG] [net.minecraftforge.fml.loading.moddiscovery.ModFileParser/LOADING]: Considering mod file candidate /workspaces/Antony/servidor_minecraft/mods/CreativeCore_v2.2.1_mc1.16.5.jar
[27Aug2026 22:17:04.265] [main/DEBUG] [net.minecraftforge.fml.loading.moddiscovery.ModFileInfo/LOADING]: Found valid mod file CreativeCore_v2.2.1_mc1.16.5.jar with {creativecore} mods - versions {2.0.0}
[27Aug2026 22:17:04.265] [main/DEBUG] [net.minecraftforge.fml.loading.moddiscovery.ModFile/LOADING]: Loading mod file /workspaces/Antony/servidor_minecraft/mods/CreativeCore_v2.2.1_mc1.16.5.jar with language javafml
[27Aug2026 22:17:04.291] [main/DEBUG] [net.minecraftforge.fml.loading.moddiscovery.ModFileParser/LOADING]: Found coremod clientcommandtransformer with Javascript path META-INF/clientcommandtransformer.js
[27Aug2026 22:17:04.292] [main/DEBUG] [net.minecraftforge.fml.loading.moddiscovery.ModFile/LOADING]: Found coremod META-INF/clientcommandtransformer.js
[27Aug2026 22:17:04.292] [main/DEBUG] [net.minecraftforge.fml.loading.moddiscovery.ModFileParser/LOADING]: Considering mod file candidate /workspaces/Antony/servidor_minecraft/mods/curios-forge-1.16.5-4.1.0.0.jar
[27Aug2026 22:17:04.294] [main/DEBUG] [net.minecraftforge.fml.loading.moddiscovery.ModFileInfo/LOADING]: Found valid mod file curios-forge-1.16.5-4.1.0.0.jar with {curios} mods - versions {1.16.5-4.1.0.0}
[27Aug2026 22:17:04.294] [main/DEBUG] [net.minecraftforge.fml.loading.moddiscovery.ModFile/LOADING]: Loading mod file /workspaces/Antony/servidor_minecraft/mods/curios-forge-1.16.5-4.1.0.0.jar with language javafml
[27Aug2026 22:17:04.295] [main/DEBUG] [net.minecraftforge.fml.loading.moddiscovery.ModFileParser/LOADING]: Considering mod file candidate /workspaces/Antony/servidor_minecraft/mods/devilhordes-1.2.0-1.16.5.jar
[27Aug2026 22:17:04.296] [main/DEBUG] [net.minecraftforge.fml.loading.moddiscovery.ModFileInfo/LOADING]: Found valid mod file devilhordes-1.2.0-1.16.5.jar with {devilhordes} mods - versions {1.0.0}
[27Aug2026 22:17:04.296] [main/DEBUG] [net.minecraftforge.fml.loading.moddiscovery.ModFile/LOADING]: Loading mod file /workspaces/Antony/servidor_minecraft/mods/devilhordes-1.2.0-1.16.5.jar with language javafml
[27Aug2026 22:17:04.296] [main/DEBUG] [net.minecraftforge.fml.loading.moddiscovery.ModFileParser/LOADING]: Considering mod file candidate /workspaces/Antony/servidor_minecraft/mods/fightingstyles-1.2.5.jar
[27Aug2026 22:17:04.297] [main/DEBUG] [net.minecraftforge.fml.loading.moddiscovery.ModFileInfo/LOADING]: Found valid mod file fightingstyles-1.2.5.jar with {fightingstyles} mods - versions {1.2.5}
[27Aug2026 22:17:04.298] [main/DEBUG] [net.minecraftforge.fml.loading.moddiscovery.ModFile/LOADING]: Loading mod file /workspaces/Antony/servidor_minecraft/mods/fightingstyles-1.2.5.jar with language javafml
[27Aug2026 22:17:04.298] [main/DEBUG] [net.minecraftforge.fml.loading.moddiscovery.ModFileParser/LOADING]: Considering mod file candidate /workspaces/Antony/servidor_minecraft/mods/fruitreworks-1.3.3.jar
[27Aug2026 22:17:04.299] [main/DEBUG] [net.minecraftforge.fml.loading.moddiscovery.ModFileInfo/LOADING]: Found valid mod file fruitreworks-1.3.3.jar with {fruitreworks} mods - versions {1.3.3}
[27Aug2026 22:17:04.299] [main/DEBUG] [net.minecraftforge.fml.loading.moddiscovery.ModFile/LOADING]: Loading mod file /workspaces/Antony/servidor_minecraft/mods/fruitreworks-1.3.3.jar with language javafml
[27Aug2026 22:17:04.300] [main/DEBUG] [net.minecraftforge.fml.loading.moddiscovery.ModFileParser/LOADING]: Considering mod file candidate /workspaces/Antony/servidor_minecraft/mods/ftb-essentials-1605.1.5-build.32.jar
[27Aug2026 22:17:04.301] [main/DEBUG] [net.minecraftforge.fml.loading.moddiscovery.ModFileInfo/LOADING]: Found valid mod file ftb-essentials-1605.1.5-build.32.jar with {ftbessentials} mods - versions {1605.1.5-build.32}
[27Aug2026 22:17:04.301] [main/DEBUG] [net.minecraftforge.fml.loading.moddiscovery.ModFile/LOADING]: Loading mod file /workspaces/Antony/servidor_minecraft/mods/ftb-essentials-1605.1.5-build.32.jar with language javafml
[27Aug2026 22:17:04.302] [main/DEBUG] [net.minecraftforge.fml.loading.moddiscovery.ModFileParser/LOADING]: Considering mod file candidate /workspaces/Antony/servidor_minecraft/mods/ftb-library-forge-1605.3.5-build.724.jar
[27Aug2026 22:17:04.303] [main/DEBUG] [net.minecraftforge.fml.loading.moddiscovery.ModFileInfo/LOADING]: Found valid mod file ftb-library-forge-1605.3.5-build.724.jar with {ftblibrary} mods - versions {1605.3.5-build.724}
[27Aug2026 22:17:04.303] [main/DEBUG] [net.minecraftforge.fml.loading.moddiscovery.ModFile/LOADING]: Loading mod file /workspaces/Antony/servidor_minecraft/mods/ftb-library-forge-1605.3.5-build.724.jar with language javafml
[27Aug2026 22:17:04.303] [main/DEBUG] [net.minecraftforge.fml.loading.moddiscovery.ModFileParser/LOADING]: Considering mod file candidate /workspaces/Antony/servidor_minecraft/mods/hakibar-1.16.5-1.8.jar
[27Aug2026 22:17:04.304] [main/DEBUG] [net.minecraftforge.fml.loading.moddiscovery.ModFileInfo/LOADING]: Found valid mod file hakibar-1.16.5-1.8.jar with {hakibar} mods - versions {1.7}
[27Aug2026 22:17:04.305] [main/DEBUG] [net.minecraftforge.fml.loading.moddiscovery.ModFile/LOADING]: Loading mod file /workspaces/Antony/servidor_minecraft/mods/hakibar-1.16.5-1.8.jar with language javafml
[27Aug2026 22:17:04.305] [main/DEBUG] [net.minecraftforge.fml.loading.moddiscovery.ModFileParser/LOADING]: Considering mod file candidate /workspaces/Antony/servidor_minecraft/mods/hito_hito_nika-0.12.1.jar
[27Aug2026 22:17:04.306] [main/DEBUG] [net.minecraftforge.fml.loading.moddiscovery.ModFileInfo/LOADING]: Found valid mod file hito_hito_nika-0.12.1.jar with {hito_hito_no_mi_nika} mods - versions {0.12.1}
[27Aug2026 22:17:04.307] [main/DEBUG] [net.minecraftforge.fml.loading.moddiscovery.ModFile/LOADING]: Loading mod file /workspaces/Antony/servidor_minecraft/mods/hito_hito_nika-0.12.1.jar with language javafml
[27Aug2026 22:17:04.307] [main/DEBUG] [net.minecraftforge.fml.loading.moddiscovery.ModFileParser/LOADING]: Considering mod file candidate /workspaces/Antony/servidor_minecraft/mods/Jade-1.16.4-2.8.3.jar
[27Aug2026 22:17:04.308] [main/DEBUG] [net.minecraftforge.fml.loading.moddiscovery.ModFileInfo/LOADING]: Found valid mod file Jade-1.16.4-2.8.3.jar with {jade,waila} mods - versions {2.8.3,2.8.3}
[27Aug2026 22:17:04.309] [main/DEBUG] [net.minecraftforge.fml.loading.moddiscovery.ModFile/LOADING]: Loading mod file /workspaces/Antony/servidor_minecraft/mods/Jade-1.16.4-2.8.3.jar with language javafml
[27Aug2026 22:17:04.309] [main/DEBUG] [net.minecraftforge.fml.loading.moddiscovery.ModFileParser/LOADING]: Considering mod file candidate /workspaces/Antony/servidor_minecraft/mods/jei-1.16.5-7.8.0.1009.jar
[27Aug2026 22:17:04.310] [main/DEBUG] [net.minecraftforge.fml.loading.moddiscovery.ModFileInfo/LOADING]: Found valid mod file jei-1.16.5-7.8.0.1009.jar with {jei} mods - versions {7.8.0.1009}
[27Aug2026 22:17:04.311] [main/DEBUG] [net.minecraftforge.fml.loading.moddiscovery.ModFile/LOADING]: Loading mod file /workspaces/Antony/servidor_minecraft/mods/jei-1.16.5-7.8.0.1009.jar with language javafml
[27Aug2026 22:17:04.311] [main/DEBUG] [net.minecraftforge.fml.loading.moddiscovery.ModFileParser/LOADING]: Considering mod file candidate /workspaces/Antony/servidor_minecraft/mods/lazydfu-0.1.3.jar
[27Aug2026 22:17:04.312] [main/DEBUG] [net.minecraftforge.fml.loading.moddiscovery.ModFileInfo/LOADING]: Found valid mod file lazydfu-0.1.3.jar with {lazydfu} mods - versions {0.1.3}
[27Aug2026 22:17:04.312] [main/DEBUG] [net.minecraftforge.fml.loading.moddiscovery.ModFile/LOADING]: Loading mod file /workspaces/Antony/servidor_minecraft/mods/lazydfu-0.1.3.jar with language javafml
[27Aug2026 22:17:04.313] [main/DEBUG] [net.minecraftforge.fml.loading.moddiscovery.ModFileParser/LOADING]: Considering mod file candidate /workspaces/Antony/servidor_minecraft/mods/LeopardRework-1.4-1.16.5.jar
[27Aug2026 22:17:04.314] [main/DEBUG] [net.minecraftforge.fml.loading.moddiscovery.ModFileInfo/LOADING]: Found valid mod file LeopardRework-1.4-1.16.5.jar with {leopard_rework} mods - versions {1.0.0}
[27Aug2026 22:17:04.314] [main/DEBUG] [net.minecraftforge.fml.loading.moddiscovery.ModFile/LOADING]: Loading mod file /workspaces/Antony/servidor_minecraft/mods/LeopardRework-1.4-1.16.5.jar with language javafml
[27Aug2026 22:17:04.314] [main/DEBUG] [net.minecraftforge.fml.loading.moddiscovery.ModFileParser/LOADING]: Considering mod file candidate /workspaces/Antony/servidor_minecraft/mods/lootr-1.16.5-0.2.19.52.jar
[27Aug2026 22:17:04.315] [main/DEBUG] [net.minecraftforge.fml.loading.moddiscovery.ModFileInfo/LOADING]: Found valid mod file lootr-1.16.5-0.2.19.52.jar with {lootr} mods - versions {0.2.19.51}
[27Aug2026 22:17:04.316] [main/DEBUG] [net.minecraftforge.fml.loading.moddiscovery.ModFile/LOADING]: Loading mod file /workspaces/Antony/servidor_minecraft/mods/lootr-1.16.5-0.2.19.52.jar with language javafml
[27Aug2026 22:17:04.316] [main/DEBUG] [net.minecraftforge.fml.loading.moddiscovery.ModFileParser/LOADING]: Considering mod file candidate /workspaces/Antony/servidor_minecraft/mods/mine-mine-no-mi-1.16.5-0.10.11.jar
[27Aug2026 22:17:04.318] [main/DEBUG] [net.minecraftforge.fml.loading.moddiscovery.ModFileInfo/LOADING]: Found valid mod file mine-mine-no-mi-1.16.5-0.10.11.jar with {mineminenomi} mods - versions {0.10.11}
[27Aug2026 22:17:04.320] [main/DEBUG] [net.minecraftforge.fml.loading.moddiscovery.ModFile/LOADING]: Loading mod file /workspaces/Antony/servidor_minecraft/mods/mine-mine-no-mi-1.16.5-0.10.11.jar with language javafml
[27Aug2026 22:17:04.320] [main/DEBUG] [net.minecraftforge.fml.loading.moddiscovery.ModFileParser/LOADING]: Considering mod file candidate /workspaces/Antony/servidor_minecraft/mods/minemineextraslots-1.8-1.16.5.jar
[27Aug2026 22:17:04.321] [main/DEBUG] [net.minecraftforge.fml.loading.moddiscovery.ModFileInfo/LOADING]: Found valid mod file minemineextraslots-1.8-1.16.5.jar with {minemineextraslots} mods - versions {1.8-1.16.5}
[27Aug2026 22:17:04.322] [main/DEBUG] [net.minecraftforge.fml.loading.moddiscovery.ModFile/LOADING]: Loading mod file /workspaces/Antony/servidor_minecraft/mods/minemineextraslots-1.8-1.16.5.jar with language javafml
[27Aug2026 22:17:04.322] [main/DEBUG] [net.minecraftforge.fml.loading.moddiscovery.ModFileParser/LOADING]: Considering mod file candidate /workspaces/Antony/servidor_minecraft/mods/mineminenomiawakenpath-1.0.0.jar
[27Aug2026 22:17:04.326] [main/DEBUG] [net.minecraftforge.fml.loading.moddiscovery.ModFileInfo/LOADING]: Found valid mod file mineminenomiawakenpath-1.0.0.jar with {mineminenomiawakenpath} mods - versions {1.0.0}
[27Aug2026 22:17:04.326] [main/DEBUG] [net.minecraftforge.fml.loading.moddiscovery.ModFile/LOADING]: Loading mod file /workspaces/Antony/servidor_minecraft/mods/mineminenomiawakenpath-1.0.0.jar with language javafml
[27Aug2026 22:17:04.326] [main/DEBUG] [net.minecraftforge.fml.loading.moddiscovery.ModFileParser/LOADING]: Considering mod file candidate /workspaces/Antony/servidor_minecraft/mods/modernfix-forge-5.18.0+mc1.16.5.jar
[27Aug2026 22:17:04.331] [main/DEBUG] [net.minecraftforge.fml.loading.moddiscovery.ModFileInfo/LOADING]: Found valid mod file modernfix-forge-5.18.0+mc1.16.5.jar with {modernfix} mods - versions {5.18.0+mc1.16.5}
[27Aug2026 22:17:04.333] [main/DEBUG] [net.minecraftforge.fml.loading.moddiscovery.ModFile/LOADING]: Loading mod file /workspaces/Antony/servidor_minecraft/mods/modernfix-forge-5.18.0+mc1.16.5.jar with language javafml
[27Aug2026 22:17:04.334] [main/DEBUG] [net.minecraftforge.fml.loading.moddiscovery.ModFileParser/LOADING]: Considering mod file candidate /workspaces/Antony/servidor_minecraft/mods/mvs-2.6.1.jar
[27Aug2026 22:17:04.334] [main/DEBUG] [net.minecraftforge.fml.loading.moddiscovery.ModFileInfo/LOADING]: Found valid mod file mvs-2.6.1.jar with {mvs} mods - versions {2.6.1}
[27Aug2026 22:17:04.337] [main/DEBUG] [net.minecraftforge.fml.loading.moddiscovery.ModFile/LOADING]: Loading mod file /workspaces/Antony/servidor_minecraft/mods/mvs-2.6.1.jar with language javafml
[27Aug2026 22:17:04.337] [main/DEBUG] [net.minecraftforge.fml.loading.moddiscovery.ModFileParser/LOADING]: Considering mod file candidate /workspaces/Antony/servidor_minecraft/mods/PlayerRevive_v2.0.0-pre04_mc1.16.5.jar
[27Aug2026 22:17:04.338] [main/DEBUG] [net.minecraftforge.fml.loading.moddiscovery.ModFileInfo/LOADING]: Found valid mod file PlayerRevive_v2.0.0-pre04_mc1.16.5.jar with {playerrevive} mods - versions {2.0.0}
[27Aug2026 22:17:04.338] [main/DEBUG] [net.minecraftforge.fml.loading.moddiscovery.ModFile/LOADING]: Loading mod file /workspaces/Antony/servidor_minecraft/mods/PlayerRevive_v2.0.0-pre04_mc1.16.5.jar with language javafml
[27Aug2026 22:17:04.340] [main/DEBUG] [net.minecraftforge.fml.loading.moddiscovery.ModFileParser/LOADING]: Considering mod file candidate /workspaces/Antony/servidor_minecraft/mods/quickteleports-1.16.5-1.2.0-forge.jar
[27Aug2026 22:17:04.341] [main/DEBUG] [net.minecraftforge.fml.loading.moddiscovery.ModFileInfo/LOADING]: Found valid mod file quickteleports-1.16.5-1.2.0-forge.jar with {quickteleports} mods - versions {1.16.5-1.2.0}
[27Aug2026 22:17:04.342] [main/DEBUG] [net.minecraftforge.fml.loading.moddiscovery.ModFile/LOADING]: Loading mod file /workspaces/Antony/servidor_minecraft/mods/quickteleports-1.16.5-1.2.0-forge.jar with language javafml
[27Aug2026 22:17:04.342] [main/DEBUG] [net.minecraftforge.fml.loading.moddiscovery.ModFileParser/LOADING]: Considering mod file candidate /workspaces/Antony/servidor_minecraft/mods/SkinRestoreForge-1.4.jar
[27Aug2026 22:17:04.343] [main/DEBUG] [net.minecraftforge.fml.loading.moddiscovery.ModFileInfo/LOADING]: Found valid mod file SkinRestoreForge-1.4.jar with {skinrestoreforge} mods - versions {1.4}
[27Aug2026 22:17:04.346] [main/DEBUG] [net.minecraftforge.fml.loading.moddiscovery.ModFile/LOADING]: Loading mod file /workspaces/Antony/servidor_minecraft/mods/SkinRestoreForge-1.4.jar with language javafml
[27Aug2026 22:17:04.346] [main/DEBUG] [net.minecraftforge.fml.loading.moddiscovery.ModFileParser/LOADING]: Considering mod file candidate /workspaces/Antony/servidor_minecraft/mods/sophisticatedbackpacks-1.16.5-3.15.20.755.jar
[27Aug2026 22:17:04.347] [main/DEBUG] [net.minecraftforge.fml.loading.moddiscovery.ModFileInfo/LOADING]: Found valid mod file sophisticatedbackpacks-1.16.5-3.15.20.755.jar with {sophisticatedbackpacks} mods - versions {1.16.5-3.15.20.755}
[27Aug2026 22:17:04.348] [main/DEBUG] [net.minecraftforge.fml.loading.moddiscovery.ModFile/LOADING]: Loading mod file /workspaces/Antony/servidor_minecraft/mods/sophisticatedbackpacks-1.16.5-3.15.20.755.jar with language javafml
[27Aug2026 22:17:04.348] [main/DEBUG] [net.minecraftforge.fml.loading.moddiscovery.ModFileParser/LOADING]: Considering mod file candidate /workspaces/Antony/servidor_minecraft/mods/watut-forge-1.16.5-1.0.14.jar
[27Aug2026 22:17:04.349] [main/DEBUG] [net.minecraftforge.fml.loading.moddiscovery.ModFileInfo/LOADING]: Found valid mod file watut-forge-1.16.5-1.0.14.jar with {watut} mods - versions {1.16.5-1.0.14}
[27Aug2026 22:17:04.351] [main/DEBUG] [net.minecraftforge.fml.loading.moddiscovery.ModFile/LOADING]: Loading mod file /workspaces/Antony/servidor_minecraft/mods/watut-forge-1.16.5-1.0.14.jar with language javafml
[27Aug2026 22:17:04.351] [main/DEBUG] [net.minecraftforge.fml.loading.moddiscovery.ModFileParser/LOADING]: Considering mod file candidate /workspaces/Antony/servidor_minecraft/mods/yokai-0.0.51.jar
[27Aug2026 22:17:04.352] [main/DEBUG] [net.minecraftforge.fml.loading.moddiscovery.ModFileInfo/LOADING]: Found valid mod file yokai-0.0.51.jar with {yokai} mods - versions {0.0.51}
[27Aug2026 22:17:04.353] [main/DEBUG] [net.minecraftforge.fml.loading.moddiscovery.ModFile/LOADING]: Loading mod file /workspaces/Antony/servidor_minecraft/mods/yokai-0.0.51.jar with language javafml
[27Aug2026 22:17:04.354] [main/DEBUG] [net.minecraftforge.fml.loading.moddiscovery.ModFileParser/LOADING]: Considering mod file candidate /workspaces/Antony/servidor_minecraft/mods/zitoenpiece-0.3.15.jar
[27Aug2026 22:17:04.355] [main/DEBUG] [net.minecraftforge.fml.loading.moddiscovery.ModFileInfo/LOADING]: Found valid mod file zitoenpiece-0.3.15.jar with {zitoenpiece} mods - versions {0.3.15}
[27Aug2026 22:17:04.356] [main/DEBUG] [net.minecraftforge.fml.loading.moddiscovery.ModFile/LOADING]: Loading mod file /workspaces/Antony/servidor_minecraft/mods/zitoenpiece-0.3.15.jar with language javafml
[27Aug2026 22:17:04.356] [main/DEBUG] [net.minecraftforge.fml.loading.moddiscovery.ModFileParser/LOADING]: Considering mod file candidate /workspaces/Antony/servidor_minecraft/libraries/net/minecraftforge/forge/1.16.5-36.2.42/forge-1.16.5-36.2.42-universal.jar
[27Aug2026 22:17:04.357] [main/DEBUG] [net.minecraftforge.fml.loading.moddiscovery.ModFileInfo/LOADING]: Found valid mod file forge-1.16.5-36.2.42-universal.jar with {forge} mods - versions {36.2.42}
[27Aug2026 22:17:04.376] [main/DEBUG] [net.minecraftforge.fml.loading.moddiscovery.ModFile/LOADING]: Loading mod file /workspaces/Antony/servidor_minecraft/libraries/net/minecraftforge/forge/1.16.5-36.2.42/forge-1.16.5-36.2.42-universal.jar with language javafml
[27Aug2026 22:17:04.376] [main/DEBUG] [net.minecraftforge.fml.loading.moddiscovery.ModFileParser/LOADING]: Found coremod fieldtomethodtransformers with Javascript path META-INF/fieldtomethodtransformers.js
[27Aug2026 22:17:04.377] [main/DEBUG] [net.minecraftforge.fml.loading.moddiscovery.ModFileParser/LOADING]: Found coremod field_to_instanceof with Javascript path coremods/field_to_instanceof.js
[27Aug2026 22:17:04.377] [main/DEBUG] [net.minecraftforge.fml.loading.moddiscovery.ModFileParser/LOADING]: Found coremod add_bouncer_method with Javascript path coremods/add_bouncer_method.js
[27Aug2026 22:17:04.377] [main/DEBUG] [net.minecraftforge.fml.loading.moddiscovery.ModFile/LOADING]: Found coremod META-INF/fieldtomethodtransformers.js
[27Aug2026 22:17:04.377] [main/DEBUG] [net.minecraftforge.fml.loading.moddiscovery.ModFile/LOADING]: Found coremod coremods/field_to_instanceof.js
[27Aug2026 22:17:04.377] [main/DEBUG] [net.minecraftforge.fml.loading.moddiscovery.ModFile/LOADING]: Found coremod coremods/add_bouncer_method.js
[27Aug2026 22:17:04.378] [main/DEBUG] [net.minecraftforge.fml.loading.moddiscovery.ModFileParser/LOADING]: Considering mod file candidate /workspaces/Antony/servidor_minecraft/libraries/net/minecraftforge/forge/1.16.5-36.2.42/forge-1.16.5-36.2.42-server.jar
[27Aug2026 22:17:04.379] [main/DEBUG] [net.minecraftforge.fml.loading.moddiscovery.ModFileInfo/LOADING]: Found valid mod file forge-1.16.5-36.2.42-server.jar with {minecraft} mods - versions {1.16.5}
[27Aug2026 22:17:04.380] [main/DEBUG] [net.minecraftforge.fml.loading.moddiscovery.ModFile/LOADING]: Loading mod file /workspaces/Antony/servidor_minecraft/libraries/net/minecraftforge/forge/1.16.5-36.2.42/forge-1.16.5-36.2.42-server.jar with language minecraft
[27Aug2026 22:17:04.390] [main/DEBUG] [net.minecraftforge.fml.loading.ModSorter/LOADING]: Found 68 mod requirements (65 mandatory, 3 optional)
[27Aug2026 22:17:04.391] [main/DEBUG] [net.minecraftforge.fml.loading.ModSorter/LOADING]: Found 0 mod requirements missing (0 mandatory, 0 optional)
[27Aug2026 22:17:04.586] [main/INFO] [STDERR/]: [jdk.nashorn.api.scripting.NashornScriptEngine:<init>:143]: Warning: Nashorn engine is planned to be removed from a future JDK release
[27Aug2026 22:17:04.689] [main/INFO] [STDERR/]: [jdk.nashorn.api.scripting.NashornScriptEngine:<init>:143]: Warning: Nashorn engine is planned to be removed from a future JDK release
[27Aug2026 22:17:04.696] [main/INFO] [STDERR/]: [jdk.nashorn.api.scripting.NashornScriptEngine:<init>:143]: Warning: Nashorn engine is planned to be removed from a future JDK release
[27Aug2026 22:17:04.703] [main/INFO] [STDERR/]: [jdk.nashorn.api.scripting.NashornScriptEngine:<init>:143]: Warning: Nashorn engine is planned to be removed from a future JDK release
[27Aug2026 22:17:04.905] [main/DEBUG] [cpw.mods.modlauncher.TransformationServiceDecorator/MODLAUNCHER]: End scan trigger - transformation service fml
[27Aug2026 22:17:04.907] [main/DEBUG] [cpw.mods.modlauncher.TransformationServicesHandler/MODLAUNCHER]: Transformation services loading transformers
[27Aug2026 22:17:04.909] [main/DEBUG] [cpw.mods.modlauncher.TransformationServiceDecorator/MODLAUNCHER]: Initializing transformers for transformation service mixin
[27Aug2026 22:17:04.911] [main/DEBUG] [cpw.mods.modlauncher.TransformationServiceDecorator/MODLAUNCHER]: Initialized transformers for transformation service mixin
[27Aug2026 22:17:04.911] [main/DEBUG] [cpw.mods.modlauncher.TransformationServiceDecorator/MODLAUNCHER]: Initializing transformers for transformation service fml
[27Aug2026 22:17:04.911] [main/DEBUG] [net.minecraftforge.fml.loading.FMLServiceProvider/CORE]: Loading coremod transformers
[27Aug2026 22:17:04.913] [main/DEBUG] [net.minecraftforge.coremod.CoreModEngine/COREMOD]: Loading CoreMod from META-INF/clientcommandtransformer.js
[27Aug2026 22:17:05.124] [main/DEBUG] [net.minecraftforge.coremod.CoreModEngine/COREMOD]: CoreMod loaded successfully
[27Aug2026 22:17:05.124] [main/DEBUG] [net.minecraftforge.coremod.CoreModEngine/COREMOD]: Loading CoreMod from META-INF/fieldtomethodtransformers.js
[27Aug2026 22:17:05.158] [main/DEBUG] [net.minecraftforge.coremod.CoreModEngine/COREMOD]: CoreMod loaded successfully
[27Aug2026 22:17:05.159] [main/DEBUG] [net.minecraftforge.coremod.CoreModEngine/COREMOD]: Loading CoreMod from coremods/field_to_instanceof.js
[27Aug2026 22:17:05.579] [main/DEBUG] [net.minecraftforge.coremod.CoreModEngine/COREMOD]: CoreMod loaded successfully
[27Aug2026 22:17:05.579] [main/DEBUG] [net.minecraftforge.coremod.CoreModEngine/COREMOD]: Loading CoreMod from coremods/add_bouncer_method.js
[27Aug2026 22:17:05.802] [main/DEBUG] [net.minecraftforge.coremod.CoreModEngine/COREMOD]: CoreMod loaded successfully
[27Aug2026 22:17:05.817] [main/DEBUG] [cpw.mods.modlauncher.TransformStore/MODLAUNCHER]: Adding transformer net.minecraftforge.coremod.transformer.CoreModMethodTransformer@7847ef2c to Target : METHOD {Lnet/minecraft/client/network/play/ClientPlayNetHandler;} {func_195515_i} {()Lcom/mojang/brigadier/CommandDispatcher;}
[27Aug2026 22:17:05.818] [main/DEBUG] [cpw.mods.modlauncher.TransformStore/MODLAUNCHER]: Adding transformer net.minecraftforge.coremod.transformer.CoreModMethodTransformer@6a2c717f to Target : METHOD {Lnet/minecraft/client/entity/player/AbstractClientPlayerEntity;} {func_175156_o} {()F}
[27Aug2026 22:17:05.818] [main/DEBUG] [cpw.mods.modlauncher.TransformStore/MODLAUNCHER]: Adding transformer net.minecraftforge.coremod.transformer.CoreModMethodTransformer@41853299 to Target : METHOD {Lnet/minecraft/client/renderer/FirstPersonRenderer;} {func_228396_a_} {(FLcom/mojang/blaze3d/matrix/MatrixStack;Lnet/minecraft/client/renderer/IRenderTypeBuffer$Impl;Lnet/minecraft/client/entity/player/ClientPlayerEntity;I)V}
[27Aug2026 22:17:05.818] [main/DEBUG] [cpw.mods.modlauncher.TransformStore/MODLAUNCHER]: Adding transformer net.minecraftforge.coremod.transformer.CoreModMethodTransformer@60d40ff4 to Target : METHOD {Lnet/minecraft/client/renderer/entity/model/SkeletonModel;} {func_212843_a_} {(Lnet/minecraft/entity/MobEntity;FFF)V}
[27Aug2026 22:17:05.819] [main/DEBUG] [cpw.mods.modlauncher.TransformStore/MODLAUNCHER]: Adding transformer net.minecraftforge.coremod.transformer.CoreModMethodTransformer@2e5b7fba to Target : METHOD {Lnet/minecraft/client/renderer/entity/model/SkeletonModel;} {func_225597_a_} {(Lnet/minecraft/entity/MobEntity;FFFFF)V}
[27Aug2026 22:17:05.819] [main/DEBUG] [cpw.mods.modlauncher.TransformStore/MODLAUNCHER]: Adding transformer net.minecraftforge.coremod.transformer.CoreModMethodTransformer@27755487 to Target : METHOD {Lnet/minecraft/entity/monster/AbstractSkeletonEntity;} {func_230280_a_} {(Lnet/minecraft/item/ShootableItem;)Z}
[27Aug2026 22:17:05.819] [main/DEBUG] [cpw.mods.modlauncher.TransformStore/MODLAUNCHER]: Adding transformer net.minecraftforge.coremod.transformer.CoreModMethodTransformer@4f0cab0a to Target : METHOD {Lnet/minecraft/entity/monster/AbstractSkeletonEntity;} {func_85036_m} {()V}
[27Aug2026 22:17:05.820] [main/DEBUG] [cpw.mods.modlauncher.TransformStore/MODLAUNCHER]: Adding transformer net.minecraftforge.coremod.transformer.CoreModMethodTransformer@fe7b6b0 to Target : METHOD {Lnet/minecraft/client/renderer/FirstPersonRenderer;} {func_228396_a_} {(FLcom/mojang/blaze3d/matrix/MatrixStack;Lnet/minecraft/client/renderer/IRenderTypeBuffer$Impl;Lnet/minecraft/client/entity/player/ClientPlayerEntity;I)V}
[27Aug2026 22:17:05.821] [main/DEBUG] [cpw.mods.modlauncher.TransformStore/MODLAUNCHER]: Adding transformer net.minecraftforge.coremod.transformer.CoreModMethodTransformer@7ab4ae59 to Target : METHOD {Lnet/minecraft/client/renderer/FirstPersonRenderer;} {func_228405_a_} {(Lnet/minecraft/client/entity/player/AbstractClientPlayerEntity;FFLnet/minecraft/util/Hand;FLnet/minecraft/item/ItemStack;FLcom/mojang/blaze3d/matrix/MatrixStack;Lnet/minecraft/client/renderer/IRenderTypeBuffer;I)V}
[27Aug2026 22:17:05.821] [main/DEBUG] [cpw.mods.modlauncher.TransformStore/MODLAUNCHER]: Adding transformer net.minecraftforge.coremod.transformer.CoreModMethodTransformer@77681ce4 to Target : METHOD {Lnet/minecraft/client/renderer/entity/PlayerRenderer;} {func_241741_a_} {(Lnet/minecraft/client/entity/player/AbstractClientPlayerEntity;Lnet/minecraft/util/Hand;)Lnet/minecraft/client/renderer/entity/model/BipedModel$ArmPose;}
[27Aug2026 22:17:05.822] [main/DEBUG] [cpw.mods.modlauncher.TransformStore/MODLAUNCHER]: Adding transformer net.minecraftforge.coremod.transformer.CoreModMethodTransformer@5d96bdf8 to Target : METHOD {Lnet/minecraft/entity/monster/PillagerEntity;} {func_230280_a_} {(Lnet/minecraft/item/ShootableItem;)Z}
[27Aug2026 22:17:05.822] [main/DEBUG] [cpw.mods.modlauncher.TransformStore/MODLAUNCHER]: Adding transformer net.minecraftforge.coremod.transformer.CoreModMethodTransformer@6f76c2cc to Target : METHOD {Lnet/minecraft/entity/monster/PillagerEntity;} {func_241844_w} {(F)V}
[27Aug2026 22:17:05.822] [main/DEBUG] [cpw.mods.modlauncher.TransformStore/MODLAUNCHER]: Adding transformer net.minecraftforge.coremod.transformer.CoreModMethodTransformer@306f6f1d to Target : METHOD {Lnet/minecraft/entity/monster/piglin/PiglinEntity;} {func_208003_a} {(Lnet/minecraft/item/ItemStack;Lnet/minecraft/item/ItemStack;)Z}
[27Aug2026 22:17:05.822] [main/DEBUG] [cpw.mods.modlauncher.TransformStore/MODLAUNCHER]: Adding transformer net.minecraftforge.coremod.transformer.CoreModMethodTransformer@7d7cac8 to Target : METHOD {Lnet/minecraft/entity/monster/piglin/PiglinEntity;} {func_230280_a_} {(Lnet/minecraft/item/ShootableItem;)Z}
[27Aug2026 22:17:05.822] [main/DEBUG] [cpw.mods.modlauncher.TransformStore/MODLAUNCHER]: Adding transformer net.minecraftforge.coremod.transformer.CoreModMethodTransformer@6fc6deb7 to Target : METHOD {Lnet/minecraft/item/CrossbowItem;} {func_220013_l} {(Lnet/minecraft/item/ItemStack;)F}
[27Aug2026 22:17:05.822] [main/DEBUG] [cpw.mods.modlauncher.TransformStore/MODLAUNCHER]: Adding transformer net.minecraftforge.coremod.transformer.CoreModMethodTransformer@367f0121 to Target : METHOD {Lnet/minecraft/item/Item;} {func_219970_i} {(Lnet/minecraft/item/ItemStack;)Z}
[27Aug2026 22:17:05.823] [main/DEBUG] [cpw.mods.modlauncher.TransformStore/MODLAUNCHER]: Adding transformer net.minecraftforge.coremod.transformer.CoreModMethodTransformer@7da39774 to Target : METHOD {Lnet/minecraft/client/renderer/FirstPersonRenderer;} {func_228405_a_} {(Lnet/minecraft/client/entity/player/AbstractClientPlayerEntity;FFLnet/minecraft/util/Hand;FLnet/minecraft/item/ItemStack;FLcom/mojang/blaze3d/matrix/MatrixStack;Lnet/minecraft/client/renderer/IRenderTypeBuffer;I)V}
[27Aug2026 22:17:05.823] [main/DEBUG] [cpw.mods.modlauncher.TransformStore/MODLAUNCHER]: Adding transformer net.minecraftforge.coremod.transformer.CoreModMethodTransformer@441b8382 to Target : METHOD {Lnet/minecraft/entity/item/ItemFrameEntity;} {func_110131_b} {(Lnet/minecraft/item/ItemStack;)V}
[27Aug2026 22:17:05.823] [main/DEBUG] [cpw.mods.modlauncher.TransformStore/MODLAUNCHER]: Adding transformer net.minecraftforge.coremod.transformer.CoreModMethodTransformer@1df1ced0 to Target : METHOD {Lnet/minecraft/inventory/container/CartographyContainer$3;} {func_75214_a} {(Lnet/minecraft/item/ItemStack;)Z}
[27Aug2026 22:17:05.824] [main/DEBUG] [cpw.mods.modlauncher.TransformStore/MODLAUNCHER]: Adding transformer net.minecraftforge.coremod.transformer.CoreModMethodTransformer@5349b246 to Target : METHOD {Lnet/minecraft/inventory/container/CartographyContainer;} {func_82846_b} {(Lnet/minecraft/entity/player/PlayerEntity;I)Lnet/minecraft/item/ItemStack;}
[27Aug2026 22:17:05.825] [main/DEBUG] [cpw.mods.modlauncher.TransformStore/MODLAUNCHER]: Adding transformer net.minecraftforge.coremod.transformer.CoreModMethodTransformer@32b0876c to Target : METHOD {Lnet/minecraft/item/ItemStack;} {func_82840_a} {(Lnet/minecraft/entity/player/PlayerEntity;Lnet/minecraft/client/util/ITooltipFlag;)Ljava/util/List;}
[27Aug2026 22:17:05.825] [main/DEBUG] [cpw.mods.modlauncher.TransformStore/MODLAUNCHER]: Adding transformer net.minecraftforge.coremod.transformer.CoreModMethodTransformer@2aaf152b to Target : METHOD {Lnet/minecraft/client/renderer/entity/FishRenderer;} {func_225623_a_} {(Lnet/minecraft/entity/projectile/FishingBobberEntity;FFLcom/mojang/blaze3d/matrix/MatrixStack;Lnet/minecraft/client/renderer/IRenderTypeBuffer;I)V}
[27Aug2026 22:17:05.825] [main/DEBUG] [cpw.mods.modlauncher.TransformStore/MODLAUNCHER]: Adding transformer net.minecraftforge.coremod.transformer.CoreModMethodTransformer@39bbd9e0 to Target : METHOD {Lnet/minecraft/entity/projectile/FishingBobberEntity;} {func_234600_a_} {(Lnet/minecraft/entity/player/PlayerEntity;)Z}
[27Aug2026 22:17:05.825] [main/DEBUG] [cpw.mods.modlauncher.TransformStore/MODLAUNCHER]: Adding transformer net.minecraftforge.coremod.transformer.CoreModMethodTransformer@27fe9713 to Target : METHOD {Lnet/minecraft/block/BeehiveBlock;} {func_225533_a_} {(Lnet/minecraft/block/BlockState;Lnet/minecraft/world/World;Lnet/minecraft/util/math/BlockPos;Lnet/minecraft/entity/player/PlayerEntity;Lnet/minecraft/util/Hand;Lnet/minecraft/util/math/BlockRayTraceResult;)Lnet/minecraft/util/ActionResultType;}
[27Aug2026 22:17:05.825] [main/DEBUG] [cpw.mods.modlauncher.TransformStore/MODLAUNCHER]: Adding transformer net.minecraftforge.coremod.transformer.CoreModMethodTransformer@11c3ff67 to Target : METHOD {Lnet/minecraft/block/PumpkinBlock;} {func_225533_a_} {(Lnet/minecraft/block/BlockState;Lnet/minecraft/world/World;Lnet/minecraft/util/math/BlockPos;Lnet/minecraft/entity/player/PlayerEntity;Lnet/minecraft/util/Hand;Lnet/minecraft/util/math/BlockRayTraceResult;)Lnet/minecraft/util/ActionResultType;}
[27Aug2026 22:17:05.826] [main/DEBUG] [cpw.mods.modlauncher.TransformStore/MODLAUNCHER]: Adding transformer net.minecraftforge.coremod.transformer.CoreModMethodTransformer@4397a639 to Target : METHOD {Lnet/minecraft/block/TripWireBlock;} {func_176208_a} {(Lnet/minecraft/world/World;Lnet/minecraft/util/math/BlockPos;Lnet/minecraft/block/BlockState;Lnet/minecraft/entity/player/PlayerEntity;)V}
[27Aug2026 22:17:05.826] [main/DEBUG] [cpw.mods.modlauncher.TransformStore/MODLAUNCHER]: Adding transformer net.minecraftforge.coremod.transformer.CoreModMethodTransformer@24841372 to Target : METHOD {Lnet/minecraft/enchantment/EfficiencyEnchantment;} {func_92089_a} {(Lnet/minecraft/item/ItemStack;)Z}
[27Aug2026 22:17:05.826] [main/DEBUG] [cpw.mods.modlauncher.TransformStore/MODLAUNCHER]: Adding transformer net.minecraftforge.coremod.transformer.CoreModMethodTransformer@77114efe to Target : METHOD {Lnet/minecraft/entity/passive/MooshroomEntity;} {func_230254_b_} {(Lnet/minecraft/entity/player/PlayerEntity;Lnet/minecraft/util/Hand;)Lnet/minecraft/util/ActionResultType;}
[27Aug2026 22:17:05.826] [main/DEBUG] [cpw.mods.modlauncher.TransformStore/MODLAUNCHER]: Adding transformer net.minecraftforge.coremod.transformer.CoreModMethodTransformer@79a7bfbc to Target : METHOD {Lnet/minecraft/entity/passive/SheepEntity;} {func_230254_b_} {(Lnet/minecraft/entity/player/PlayerEntity;Lnet/minecraft/util/Hand;)Lnet/minecraft/util/ActionResultType;}
[27Aug2026 22:17:05.827] [main/DEBUG] [cpw.mods.modlauncher.TransformStore/MODLAUNCHER]: Adding transformer net.minecraftforge.coremod.transformer.CoreModMethodTransformer@77f68df to Target : METHOD {Lnet/minecraft/entity/passive/SnowGolemEntity;} {func_230254_b_} {(Lnet/minecraft/entity/player/PlayerEntity;Lnet/minecraft/util/Hand;)Lnet/minecraft/util/ActionResultType;}
[27Aug2026 22:17:05.827] [main/DEBUG] [cpw.mods.modlauncher.TransformStore/MODLAUNCHER]: Adding transformer net.minecraftforge.coremod.transformer.CoreModClassTransformer@7e7f3cfd to Target : CLASS {Lnet/minecraft/potion/EffectInstance;} {} {V}
[27Aug2026 22:17:05.828] [main/DEBUG] [cpw.mods.modlauncher.TransformStore/MODLAUNCHER]: Adding transformer net.minecraftforge.coremod.transformer.CoreModClassTransformer@3ae126d1 to Target : CLASS {Lnet/minecraft/block/FlowingFluidBlock;} {} {V}
[27Aug2026 22:17:05.828] [main/DEBUG] [cpw.mods.modlauncher.TransformStore/MODLAUNCHER]: Adding transformer net.minecraftforge.coremod.transformer.CoreModClassTransformer@46a488c2 to Target : CLASS {Lnet/minecraft/item/BucketItem;} {} {V}
[27Aug2026 22:17:05.828] [main/DEBUG] [cpw.mods.modlauncher.TransformStore/MODLAUNCHER]: Adding transformer net.minecraftforge.coremod.transformer.CoreModClassTransformer@6242ae3b to Target : CLASS {Lnet/minecraft/block/StairsBlock;} {} {V}
[27Aug2026 22:17:05.828] [main/DEBUG] [cpw.mods.modlauncher.TransformStore/MODLAUNCHER]: Adding transformer net.minecraftforge.coremod.transformer.CoreModClassTransformer@65ddee5a to Target : CLASS {Lnet/minecraft/block/FlowerPotBlock;} {} {V}
[27Aug2026 22:17:05.830] [main/DEBUG] [cpw.mods.modlauncher.TransformStore/MODLAUNCHER]: Adding transformer net.minecraftforge.coremod.transformer.CoreModClassTransformer@56399b9e to Target : CLASS {Lnet/minecraft/item/FishBucketItem;} {} {V}
[27Aug2026 22:17:05.830] [main/DEBUG] [cpw.mods.modlauncher.TransformStore/MODLAUNCHER]: Adding transformer net.minecraftforge.coremod.transformer.CoreModClassTransformer@34b9eb03 to Target : CLASS {Lnet/minecraft/item/ItemStack;} {} {V}
[27Aug2026 22:17:05.830] [main/DEBUG] [cpw.mods.modlauncher.TransformStore/MODLAUNCHER]: Adding transformer net.minecraftforge.coremod.transformer.CoreModClassTransformer@43fda8d9 to Target : CLASS {Lnet/minecraft/network/play/client/CClientSettingsPacket;} {} {V}
[27Aug2026 22:17:05.831] [main/DEBUG] [cpw.mods.modlauncher.TransformStore/MODLAUNCHER]: Adding transformer net.minecraftforge.coremod.transformer.CoreModClassTransformer@49d831c2 to Target : CLASS {Lnet/minecraft/util/math/vector/TransformationMatrix;} {} {V}
[27Aug2026 22:17:05.831] [main/DEBUG] [cpw.mods.modlauncher.TransformStore/MODLAUNCHER]: Adding transformer net.minecraftforge.coremod.transformer.CoreModClassTransformer@53a7a60c to Target : CLASS {Lnet/minecraft/util/math/vector/TransformationMatrix;} {} {V}
[27Aug2026 22:17:05.831] [main/DEBUG] [cpw.mods.modlauncher.TransformationServiceDecorator/MODLAUNCHER]: Initialized transformers for transformation service fml
[27Aug2026 22:17:05.864] [main/DEBUG] [mixin/]: Processing prepare() for PlatformAgent[MixinPlatformAgentDefault:ModLauncher Root Container(ModLauncher:4f56a0a2)]
[27Aug2026 22:17:05.866] [main/DEBUG] [mixin/]: Processing launch tasks for PlatformAgent[MixinPlatformAgentDefault:ModLauncher Root Container(ModLauncher:4f56a0a2)]
[27Aug2026 22:17:05.866] [main/DEBUG] [mixin/]: Adding mixin platform agents for container ContainerHandleModLauncher.Resource(forge-1.16.5-36.2.42-server.jar:/workspaces/Antony/servidor_minecraft/libraries/net/minecraftforge/forge/1.16.5-36.2.42/forge-1.16.5-36.2.42-server.jar)
[27Aug2026 22:17:05.866] [main/DEBUG] [mixin/]: Instancing new MixinPlatformAgentMinecraftForge for ContainerHandleModLauncher.Resource(forge-1.16.5-36.2.42-server.jar:/workspaces/Antony/servidor_minecraft/libraries/net/minecraftforge/forge/1.16.5-36.2.42/forge-1.16.5-36.2.42-server.jar)
[27Aug2026 22:17:05.866] [main/DEBUG] [mixin/]: MixinPlatformAgentMinecraftForge rejected container ContainerHandleModLauncher.Resource(forge-1.16.5-36.2.42-server.jar:/workspaces/Antony/servidor_minecraft/libraries/net/minecraftforge/forge/1.16.5-36.2.42/forge-1.16.5-36.2.42-server.jar)
[27Aug2026 22:17:05.866] [main/DEBUG] [mixin/]: Instancing new MixinPlatformAgentDefault for ContainerHandleModLauncher.Resource(forge-1.16.5-36.2.42-server.jar:/workspaces/Antony/servidor_minecraft/libraries/net/minecraftforge/forge/1.16.5-36.2.42/forge-1.16.5-36.2.42-server.jar)
[27Aug2026 22:17:05.867] [main/DEBUG] [mixin/]: MixinPlatformAgentDefault accepted container ContainerHandleModLauncher.Resource(forge-1.16.5-36.2.42-server.jar:/workspaces/Antony/servidor_minecraft/libraries/net/minecraftforge/forge/1.16.5-36.2.42/forge-1.16.5-36.2.42-server.jar)
[27Aug2026 22:17:05.867] [main/DEBUG] [mixin/]: Processing prepare() for PlatformAgent[MixinPlatformAgentDefault:ContainerHandleModLauncher.Resource(forge-1.16.5-36.2.42-server.jar:/workspaces/Antony/servidor_minecraft/libraries/net/minecraftforge/forge/1.16.5-36.2.42/forge-1.16.5-36.2.42-server.jar)]
[27Aug2026 22:17:05.867] [main/DEBUG] [mixin/]: Adding mixin platform agents for container ContainerHandleModLauncher.Resource(ftb-essentials-1605.1.5-build.32.jar:/workspaces/Antony/servidor_minecraft/mods/ftb-essentials-1605.1.5-build.32.jar)
[27Aug2026 22:17:05.867] [main/DEBUG] [mixin/]: Instancing new MixinPlatformAgentMinecraftForge for ContainerHandleModLauncher.Resource(ftb-essentials-1605.1.5-build.32.jar:/workspaces/Antony/servidor_minecraft/mods/ftb-essentials-1605.1.5-build.32.jar)
[27Aug2026 22:17:05.867] [main/DEBUG] [mixin/]: MixinPlatformAgentMinecraftForge rejected container ContainerHandleModLauncher.Resource(ftb-essentials-1605.1.5-build.32.jar:/workspaces/Antony/servidor_minecraft/mods/ftb-essentials-1605.1.5-build.32.jar)
[27Aug2026 22:17:05.868] [main/DEBUG] [mixin/]: Instancing new MixinPlatformAgentDefault for ContainerHandleModLauncher.Resource(ftb-essentials-1605.1.5-build.32.jar:/workspaces/Antony/servidor_minecraft/mods/ftb-essentials-1605.1.5-build.32.jar)
[27Aug2026 22:17:05.869] [main/DEBUG] [mixin/]: MixinPlatformAgentDefault accepted container ContainerHandleModLauncher.Resource(ftb-essentials-1605.1.5-build.32.jar:/workspaces/Antony/servidor_minecraft/mods/ftb-essentials-1605.1.5-build.32.jar)
[27Aug2026 22:17:05.869] [main/DEBUG] [mixin/]: Processing prepare() for PlatformAgent[MixinPlatformAgentDefault:ContainerHandleModLauncher.Resource(ftb-essentials-1605.1.5-build.32.jar:/workspaces/Antony/servidor_minecraft/mods/ftb-essentials-1605.1.5-build.32.jar)]
[27Aug2026 22:17:05.869] [main/DEBUG] [mixin/]: Adding mixin platform agents for container ContainerHandleModLauncher.Resource(mine-mine-no-mi-1.16.5-0.10.11.jar:/workspaces/Antony/servidor_minecraft/mods/mine-mine-no-mi-1.16.5-0.10.11.jar)
[27Aug2026 22:17:05.869] [main/DEBUG] [mixin/]: Instancing new MixinPlatformAgentMinecraftForge for ContainerHandleModLauncher.Resource(mine-mine-no-mi-1.16.5-0.10.11.jar:/workspaces/Antony/servidor_minecraft/mods/mine-mine-no-mi-1.16.5-0.10.11.jar)
[27Aug2026 22:17:05.869] [main/DEBUG] [mixin/]: MixinPlatformAgentMinecraftForge rejected container ContainerHandleModLauncher.Resource(mine-mine-no-mi-1.16.5-0.10.11.jar:/workspaces/Antony/servidor_minecraft/mods/mine-mine-no-mi-1.16.5-0.10.11.jar)
[27Aug2026 22:17:05.869] [main/DEBUG] [mixin/]: Instancing new MixinPlatformAgentDefault for ContainerHandleModLauncher.Resource(mine-mine-no-mi-1.16.5-0.10.11.jar:/workspaces/Antony/servidor_minecraft/mods/mine-mine-no-mi-1.16.5-0.10.11.jar)
[27Aug2026 22:17:05.871] [main/DEBUG] [mixin/]: MixinPlatformAgentDefault accepted container ContainerHandleModLauncher.Resource(mine-mine-no-mi-1.16.5-0.10.11.jar:/workspaces/Antony/servidor_minecraft/mods/mine-mine-no-mi-1.16.5-0.10.11.jar)
[27Aug2026 22:17:05.871] [main/DEBUG] [mixin/]: Processing prepare() for PlatformAgent[MixinPlatformAgentDefault:ContainerHandleModLauncher.Resource(mine-mine-no-mi-1.16.5-0.10.11.jar:/workspaces/Antony/servidor_minecraft/mods/mine-mine-no-mi-1.16.5-0.10.11.jar)]
[27Aug2026 22:17:05.871] [main/DEBUG] [mixin/]: Registering mixin config: mine-mine-no-mi.mixins.json
[27Aug2026 22:17:05.902] [main/DEBUG] [mixin/]: Adding mixin platform agents for container ContainerHandleModLauncher.Resource(Jade-1.16.4-2.8.3.jar:/workspaces/Antony/servidor_minecraft/mods/Jade-1.16.4-2.8.3.jar)
[27Aug2026 22:17:05.902] [main/DEBUG] [mixin/]: Instancing new MixinPlatformAgentMinecraftForge for ContainerHandleModLauncher.Resource(Jade-1.16.4-2.8.3.jar:/workspaces/Antony/servidor_minecraft/mods/Jade-1.16.4-2.8.3.jar)
[27Aug2026 22:17:05.902] [main/DEBUG] [mixin/]: MixinPlatformAgentMinecraftForge rejected container ContainerHandleModLauncher.Resource(Jade-1.16.4-2.8.3.jar:/workspaces/Antony/servidor_minecraft/mods/Jade-1.16.4-2.8.3.jar)
[27Aug2026 22:17:05.905] [main/DEBUG] [mixin/]: Instancing new MixinPlatformAgentDefault for ContainerHandleModLauncher.Resource(Jade-1.16.4-2.8.3.jar:/workspaces/Antony/servidor_minecraft/mods/Jade-1.16.4-2.8.3.jar)
[27Aug2026 22:17:05.905] [main/DEBUG] [mixin/]: MixinPlatformAgentDefault accepted container ContainerHandleModLauncher.Resource(Jade-1.16.4-2.8.3.jar:/workspaces/Antony/servidor_minecraft/mods/Jade-1.16.4-2.8.3.jar)
[27Aug2026 22:17:05.905] [main/DEBUG] [mixin/]: Processing prepare() for PlatformAgent[MixinPlatformAgentDefault:ContainerHandleModLauncher.Resource(Jade-1.16.4-2.8.3.jar:/workspaces/Antony/servidor_minecraft/mods/Jade-1.16.4-2.8.3.jar)]
[27Aug2026 22:17:05.905] [main/DEBUG] [mixin/]: Adding mixin platform agents for container ContainerHandleModLauncher.Resource(CreativeCore_v2.2.1_mc1.16.5.jar:/workspaces/Antony/servidor_minecraft/mods/CreativeCore_v2.2.1_mc1.16.5.jar)
[27Aug2026 22:17:05.906] [main/DEBUG] [mixin/]: Instancing new MixinPlatformAgentMinecraftForge for ContainerHandleModLauncher.Resource(CreativeCore_v2.2.1_mc1.16.5.jar:/workspaces/Antony/servidor_minecraft/mods/CreativeCore_v2.2.1_mc1.16.5.jar)
[27Aug2026 22:17:05.906] [main/DEBUG] [mixin/]: MixinPlatformAgentMinecraftForge rejected container ContainerHandleModLauncher.Resource(CreativeCore_v2.2.1_mc1.16.5.jar:/workspaces/Antony/servidor_minecraft/mods/CreativeCore_v2.2.1_mc1.16.5.jar)
[27Aug2026 22:17:05.906] [main/DEBUG] [mixin/]: Instancing new MixinPlatformAgentDefault for ContainerHandleModLauncher.Resource(CreativeCore_v2.2.1_mc1.16.5.jar:/workspaces/Antony/servidor_minecraft/mods/CreativeCore_v2.2.1_mc1.16.5.jar)
[27Aug2026 22:17:05.906] [main/DEBUG] [mixin/]: MixinPlatformAgentDefault accepted container ContainerHandleModLauncher.Resource(CreativeCore_v2.2.1_mc1.16.5.jar:/workspaces/Antony/servidor_minecraft/mods/CreativeCore_v2.2.1_mc1.16.5.jar)
[27Aug2026 22:17:05.906] [main/DEBUG] [mixin/]: Processing prepare() for PlatformAgent[MixinPlatformAgentDefault:ContainerHandleModLauncher.Resource(CreativeCore_v2.2.1_mc1.16.5.jar:/workspaces/Antony/servidor_minecraft/mods/CreativeCore_v2.2.1_mc1.16.5.jar)]
[27Aug2026 22:17:05.906] [main/DEBUG] [mixin/]: Adding mixin platform agents for container ContainerHandleModLauncher.Resource(bountyhunters-1.1.0.jar:/workspaces/Antony/servidor_minecraft/mods/bountyhunters-1.1.0.jar)
[27Aug2026 22:17:05.906] [main/DEBUG] [mixin/]: Instancing new MixinPlatformAgentMinecraftForge for ContainerHandleModLauncher.Resource(bountyhunters-1.1.0.jar:/workspaces/Antony/servidor_minecraft/mods/bountyhunters-1.1.0.jar)
[27Aug2026 22:17:05.907] [main/DEBUG] [mixin/]: MixinPlatformAgentMinecraftForge rejected container ContainerHandleModLauncher.Resource(bountyhunters-1.1.0.jar:/workspaces/Antony/servidor_minecraft/mods/bountyhunters-1.1.0.jar)
[27Aug2026 22:17:05.907] [main/DEBUG] [mixin/]: Instancing new MixinPlatformAgentDefault for ContainerHandleModLauncher.Resource(bountyhunters-1.1.0.jar:/workspaces/Antony/servidor_minecraft/mods/bountyhunters-1.1.0.jar)
[27Aug2026 22:17:05.907] [main/DEBUG] [mixin/]: MixinPlatformAgentDefault accepted container ContainerHandleModLauncher.Resource(bountyhunters-1.1.0.jar:/workspaces/Antony/servidor_minecraft/mods/bountyhunters-1.1.0.jar)
[27Aug2026 22:17:05.907] [main/DEBUG] [mixin/]: Processing prepare() for PlatformAgent[MixinPlatformAgentDefault:ContainerHandleModLauncher.Resource(bountyhunters-1.1.0.jar:/workspaces/Antony/servidor_minecraft/mods/bountyhunters-1.1.0.jar)]
[27Aug2026 22:17:05.907] [main/DEBUG] [mixin/]: Registering mixin config: bountyhunters.mixins.json
[27Aug2026 22:17:05.909] [main/DEBUG] [mixin/]: Adding mixin platform agents for container ContainerHandleModLauncher.Resource(LeopardRework-1.4-1.16.5.jar:/workspaces/Antony/servidor_minecraft/mods/LeopardRework-1.4-1.16.5.jar)
[27Aug2026 22:17:05.909] [main/DEBUG] [mixin/]: Instancing new MixinPlatformAgentMinecraftForge for ContainerHandleModLauncher.Resource(LeopardRework-1.4-1.16.5.jar:/workspaces/Antony/servidor_minecraft/mods/LeopardRework-1.4-1.16.5.jar)
[27Aug2026 22:17:05.912] [main/DEBUG] [mixin/]: MixinPlatformAgentMinecraftForge rejected container ContainerHandleModLauncher.Resource(LeopardRework-1.4-1.16.5.jar:/workspaces/Antony/servidor_minecraft/mods/LeopardRework-1.4-1.16.5.jar)
[27Aug2026 22:17:05.912] [main/DEBUG] [mixin/]: Instancing new MixinPlatformAgentDefault for ContainerHandleModLauncher.Resource(LeopardRework-1.4-1.16.5.jar:/workspaces/Antony/servidor_minecraft/mods/LeopardRework-1.4-1.16.5.jar)
[27Aug2026 22:17:05.912] [main/DEBUG] [mixin/]: MixinPlatformAgentDefault accepted container ContainerHandleModLauncher.Resource(LeopardRework-1.4-1.16.5.jar:/workspaces/Antony/servidor_minecraft/mods/LeopardRework-1.4-1.16.5.jar)
[27Aug2026 22:17:05.912] [main/DEBUG] [mixin/]: Processing prepare() for PlatformAgent[MixinPlatformAgentDefault:ContainerHandleModLauncher.Resource(LeopardRework-1.4-1.16.5.jar:/workspaces/Antony/servidor_minecraft/mods/LeopardRework-1.4-1.16.5.jar)]
[27Aug2026 22:17:05.913] [main/DEBUG] [mixin/]: Registering mixin config: mineminenomiaddontemplate.mixins.json
[27Aug2026 22:17:05.914] [main/DEBUG] [mixin/]: Adding mixin platform agents for container ContainerHandleModLauncher.Resource(curios-forge-1.16.5-4.1.0.0.jar:/workspaces/Antony/servidor_minecraft/mods/curios-forge-1.16.5-4.1.0.0.jar)
[27Aug2026 22:17:05.917] [main/DEBUG] [mixin/]: Instancing new MixinPlatformAgentMinecraftForge for ContainerHandleModLauncher.Resource(curios-forge-1.16.5-4.1.0.0.jar:/workspaces/Antony/servidor_minecraft/mods/curios-forge-1.16.5-4.1.0.0.jar)
[27Aug2026 22:17:05.917] [main/DEBUG] [mixin/]: MixinPlatformAgentMinecraftForge rejected container ContainerHandleModLauncher.Resource(curios-forge-1.16.5-4.1.0.0.jar:/workspaces/Antony/servidor_minecraft/mods/curios-forge-1.16.5-4.1.0.0.jar)
[27Aug2026 22:17:05.917] [main/DEBUG] [mixin/]: Instancing new MixinPlatformAgentDefault for ContainerHandleModLauncher.Resource(curios-forge-1.16.5-4.1.0.0.jar:/workspaces/Antony/servidor_minecraft/mods/curios-forge-1.16.5-4.1.0.0.jar)
[27Aug2026 22:17:05.917] [main/DEBUG] [mixin/]: MixinPlatformAgentDefault accepted container ContainerHandleModLauncher.Resource(curios-forge-1.16.5-4.1.0.0.jar:/workspaces/Antony/servidor_minecraft/mods/curios-forge-1.16.5-4.1.0.0.jar)
[27Aug2026 22:17:05.918] [main/DEBUG] [mixin/]: Processing prepare() for PlatformAgent[MixinPlatformAgentDefault:ContainerHandleModLauncher.Resource(curios-forge-1.16.5-4.1.0.0.jar:/workspaces/Antony/servidor_minecraft/mods/curios-forge-1.16.5-4.1.0.0.jar)]
[27Aug2026 22:17:05.918] [main/DEBUG] [mixin/]: Adding mixin platform agents for container ContainerHandleModLauncher.Resource(awakenawakennomi-0.7.1.jar:/workspaces/Antony/servidor_minecraft/mods/awakenawakennomi-0.7.1.jar)
[27Aug2026 22:17:05.918] [main/DEBUG] [mixin/]: Instancing new MixinPlatformAgentMinecraftForge for ContainerHandleModLauncher.Resource(awakenawakennomi-0.7.1.jar:/workspaces/Antony/servidor_minecraft/mods/awakenawakennomi-0.7.1.jar)
[27Aug2026 22:17:05.918] [main/DEBUG] [mixin/]: MixinPlatformAgentMinecraftForge rejected container ContainerHandleModLauncher.Resource(awakenawakennomi-0.7.1.jar:/workspaces/Antony/servidor_minecraft/mods/awakenawakennomi-0.7.1.jar)
[27Aug2026 22:17:05.918] [main/DEBUG] [mixin/]: Instancing new MixinPlatformAgentDefault for ContainerHandleModLauncher.Resource(awakenawakennomi-0.7.1.jar:/workspaces/Antony/servidor_minecraft/mods/awakenawakennomi-0.7.1.jar)
[27Aug2026 22:17:05.918] [main/DEBUG] [mixin/]: MixinPlatformAgentDefault accepted container ContainerHandleModLauncher.Resource(awakenawakennomi-0.7.1.jar:/workspaces/Antony/servidor_minecraft/mods/awakenawakennomi-0.7.1.jar)
[27Aug2026 22:17:05.921] [main/DEBUG] [mixin/]: Processing prepare() for PlatformAgent[MixinPlatformAgentDefault:ContainerHandleModLauncher.Resource(awakenawakennomi-0.7.1.jar:/workspaces/Antony/servidor_minecraft/mods/awakenawakennomi-0.7.1.jar)]
[27Aug2026 22:17:05.921] [main/DEBUG] [mixin/]: Registering mixin config: mixins.awaken-awaken-no-mi.json
[27Aug2026 22:17:05.923] [main/DEBUG] [mixin/]: Adding mixin platform agents for container ContainerHandleModLauncher.Resource(Controlling-7.0.0.31.jar:/workspaces/Antony/servidor_minecraft/mods/Controlling-7.0.0.31.jar)
[27Aug2026 22:17:05.928] [main/DEBUG] [mixin/]: Instancing new MixinPlatformAgentMinecraftForge for ContainerHandleModLauncher.Resource(Controlling-7.0.0.31.jar:/workspaces/Antony/servidor_minecraft/mods/Controlling-7.0.0.31.jar)
[27Aug2026 22:17:05.928] [main/DEBUG] [mixin/]: MixinPlatformAgentMinecraftForge rejected container ContainerHandleModLauncher.Resource(Controlling-7.0.0.31.jar:/workspaces/Antony/servidor_minecraft/mods/Controlling-7.0.0.31.jar)
[27Aug2026 22:17:05.928] [main/DEBUG] [mixin/]: Instancing new MixinPlatformAgentDefault for ContainerHandleModLauncher.Resource(Controlling-7.0.0.31.jar:/workspaces/Antony/servidor_minecraft/mods/Controlling-7.0.0.31.jar)
[27Aug2026 22:17:05.928] [main/DEBUG] [mixin/]: MixinPlatformAgentDefault accepted container ContainerHandleModLauncher.Resource(Controlling-7.0.0.31.jar:/workspaces/Antony/servidor_minecraft/mods/Controlling-7.0.0.31.jar)
[27Aug2026 22:17:05.929] [main/DEBUG] [mixin/]: Processing prepare() for PlatformAgent[MixinPlatformAgentDefault:ContainerHandleModLauncher.Resource(Controlling-7.0.0.31.jar:/workspaces/Antony/servidor_minecraft/mods/Controlling-7.0.0.31.jar)]
[27Aug2026 22:17:05.929] [main/DEBUG] [mixin/]: Adding mixin platform agents for container ContainerHandleModLauncher.Resource(modernfix-forge-5.18.0+mc1.16.5.jar:/workspaces/Antony/servidor_minecraft/mods/modernfix-forge-5.18.0+mc1.16.5.jar)
[27Aug2026 22:17:05.929] [main/DEBUG] [mixin/]: Instancing new MixinPlatformAgentMinecraftForge for ContainerHandleModLauncher.Resource(modernfix-forge-5.18.0+mc1.16.5.jar:/workspaces/Antony/servidor_minecraft/mods/modernfix-forge-5.18.0+mc1.16.5.jar)
[27Aug2026 22:17:05.929] [main/DEBUG] [mixin/]: MixinPlatformAgentMinecraftForge rejected container ContainerHandleModLauncher.Resource(modernfix-forge-5.18.0+mc1.16.5.jar:/workspaces/Antony/servidor_minecraft/mods/modernfix-forge-5.18.0+mc1.16.5.jar)
[27Aug2026 22:17:05.929] [main/DEBUG] [mixin/]: Instancing new MixinPlatformAgentDefault for ContainerHandleModLauncher.Resource(modernfix-forge-5.18.0+mc1.16.5.jar:/workspaces/Antony/servidor_minecraft/mods/modernfix-forge-5.18.0+mc1.16.5.jar)
[27Aug2026 22:17:05.929] [main/DEBUG] [mixin/]: MixinPlatformAgentDefault accepted container ContainerHandleModLauncher.Resource(modernfix-forge-5.18.0+mc1.16.5.jar:/workspaces/Antony/servidor_minecraft/mods/modernfix-forge-5.18.0+mc1.16.5.jar)
[27Aug2026 22:17:05.929] [main/DEBUG] [mixin/]: Processing prepare() for PlatformAgent[MixinPlatformAgentDefault:ContainerHandleModLauncher.Resource(modernfix-forge-5.18.0+mc1.16.5.jar:/workspaces/Antony/servidor_minecraft/mods/modernfix-forge-5.18.0+mc1.16.5.jar)]
[27Aug2026 22:17:05.929] [main/DEBUG] [mixin/]: Registering mixin config: modernfix-common.mixins.json
[27Aug2026 22:17:05.931] [main/DEBUG] [mixin/]: Registering mixin config: modernfix-forge.mixins.json
[27Aug2026 22:17:05.933] [main/DEBUG] [mixin/]: Adding mixin platform agents for container ContainerHandleModLauncher.Resource(jei-1.16.5-7.8.0.1009.jar:/workspaces/Antony/servidor_minecraft/mods/jei-1.16.5-7.8.0.1009.jar)
[27Aug2026 22:17:05.934] [main/DEBUG] [mixin/]: Instancing new MixinPlatformAgentMinecraftForge for ContainerHandleModLauncher.Resource(jei-1.16.5-7.8.0.1009.jar:/workspaces/Antony/servidor_minecraft/mods/jei-1.16.5-7.8.0.1009.jar)
[27Aug2026 22:17:05.934] [main/DEBUG] [mixin/]: MixinPlatformAgentMinecraftForge rejected container ContainerHandleModLauncher.Resource(jei-1.16.5-7.8.0.1009.jar:/workspaces/Antony/servidor_minecraft/mods/jei-1.16.5-7.8.0.1009.jar)
[27Aug2026 22:17:05.934] [main/DEBUG] [mixin/]: Instancing new MixinPlatformAgentDefault for ContainerHandleModLauncher.Resource(jei-1.16.5-7.8.0.1009.jar:/workspaces/Antony/servidor_minecraft/mods/jei-1.16.5-7.8.0.1009.jar)
[27Aug2026 22:17:05.934] [main/DEBUG] [mixin/]: MixinPlatformAgentDefault accepted container ContainerHandleModLauncher.Resource(jei-1.16.5-7.8.0.1009.jar:/workspaces/Antony/servidor_minecraft/mods/jei-1.16.5-7.8.0.1009.jar)
[27Aug2026 22:17:05.934] [main/DEBUG] [mixin/]: Processing prepare() for PlatformAgent[MixinPlatformAgentDefault:ContainerHandleModLauncher.Resource(jei-1.16.5-7.8.0.1009.jar:/workspaces/Antony/servidor_minecraft/mods/jei-1.16.5-7.8.0.1009.jar)]
[27Aug2026 22:17:05.934] [main/DEBUG] [mixin/]: Adding mixin platform agents for container ContainerHandleModLauncher.Resource(citadel-1.8.1-1.16.5.jar:/workspaces/Antony/servidor_minecraft/mods/citadel-1.8.1-1.16.5.jar)
[27Aug2026 22:17:05.934] [main/DEBUG] [mixin/]: Instancing new MixinPlatformAgentMinecraftForge for ContainerHandleModLauncher.Resource(citadel-1.8.1-1.16.5.jar:/workspaces/Antony/servidor_minecraft/mods/citadel-1.8.1-1.16.5.jar)
[27Aug2026 22:17:05.934] [main/DEBUG] [mixin/]: MixinPlatformAgentMinecraftForge rejected container ContainerHandleModLauncher.Resource(citadel-1.8.1-1.16.5.jar:/workspaces/Antony/servidor_minecraft/mods/citadel-1.8.1-1.16.5.jar)
[27Aug2026 22:17:05.935] [main/DEBUG] [mixin/]: Instancing new MixinPlatformAgentDefault for ContainerHandleModLauncher.Resource(citadel-1.8.1-1.16.5.jar:/workspaces/Antony/servidor_minecraft/mods/citadel-1.8.1-1.16.5.jar)
[27Aug2026 22:17:05.935] [main/DEBUG] [mixin/]: MixinPlatformAgentDefault accepted container ContainerHandleModLauncher.Resource(citadel-1.8.1-1.16.5.jar:/workspaces/Antony/servidor_minecraft/mods/citadel-1.8.1-1.16.5.jar)
[27Aug2026 22:17:05.935] [main/DEBUG] [mixin/]: Processing prepare() for PlatformAgent[MixinPlatformAgentDefault:ContainerHandleModLauncher.Resource(citadel-1.8.1-1.16.5.jar:/workspaces/Antony/servidor_minecraft/mods/citadel-1.8.1-1.16.5.jar)]
[27Aug2026 22:17:05.935] [main/DEBUG] [mixin/]: Registering mixin config: citadel.mixins.json
[27Aug2026 22:17:05.936] [main/DEBUG] [mixin/]: Adding mixin platform agents for container ContainerHandleModLauncher.Resource(yokai-0.0.51.jar:/workspaces/Antony/servidor_minecraft/mods/yokai-0.0.51.jar)
[27Aug2026 22:17:05.936] [main/DEBUG] [mixin/]: Instancing new MixinPlatformAgentMinecraftForge for ContainerHandleModLauncher.Resource(yokai-0.0.51.jar:/workspaces/Antony/servidor_minecraft/mods/yokai-0.0.51.jar)
[27Aug2026 22:17:05.937] [main/DEBUG] [mixin/]: MixinPlatformAgentMinecraftForge rejected container ContainerHandleModLauncher.Resource(yokai-0.0.51.jar:/workspaces/Antony/servidor_minecraft/mods/yokai-0.0.51.jar)
[27Aug2026 22:17:05.937] [main/DEBUG] [mixin/]: Instancing new MixinPlatformAgentDefault for ContainerHandleModLauncher.Resource(yokai-0.0.51.jar:/workspaces/Antony/servidor_minecraft/mods/yokai-0.0.51.jar)
[27Aug2026 22:17:05.937] [main/DEBUG] [mixin/]: MixinPlatformAgentDefault accepted container ContainerHandleModLauncher.Resource(yokai-0.0.51.jar:/workspaces/Antony/servidor_minecraft/mods/yokai-0.0.51.jar)
[27Aug2026 22:17:05.937] [main/DEBUG] [mixin/]: Processing prepare() for PlatformAgent[MixinPlatformAgentDefault:ContainerHandleModLauncher.Resource(yokai-0.0.51.jar:/workspaces/Antony/servidor_minecraft/mods/yokai-0.0.51.jar)]
[27Aug2026 22:17:05.937] [main/DEBUG] [mixin/]: Registering mixin config: yokai.mixins.json
[27Aug2026 22:17:05.939] [main/DEBUG] [mixin/]: Adding mixin platform agents for container ContainerHandleModLauncher.Resource(quickteleports-1.16.5-1.2.0-forge.jar:/workspaces/Antony/servidor_minecraft/mods/quickteleports-1.16.5-1.2.0-forge.jar)
[27Aug2026 22:17:05.939] [main/DEBUG] [mixin/]: Instancing new MixinPlatformAgentMinecraftForge for ContainerHandleModLauncher.Resource(quickteleports-1.16.5-1.2.0-forge.jar:/workspaces/Antony/servidor_minecraft/mods/quickteleports-1.16.5-1.2.0-forge.jar)
[27Aug2026 22:17:05.939] [main/DEBUG] [mixin/]: MixinPlatformAgentMinecraftForge rejected container ContainerHandleModLauncher.Resource(quickteleports-1.16.5-1.2.0-forge.jar:/workspaces/Antony/servidor_minecraft/mods/quickteleports-1.16.5-1.2.0-forge.jar)
[27Aug2026 22:17:05.939] [main/DEBUG] [mixin/]: Instancing new MixinPlatformAgentDefault for ContainerHandleModLauncher.Resource(quickteleports-1.16.5-1.2.0-forge.jar:/workspaces/Antony/servidor_minecraft/mods/quickteleports-1.16.5-1.2.0-forge.jar)
[27Aug2026 22:17:05.940] [main/DEBUG] [mixin/]: MixinPlatformAgentDefault accepted container ContainerHandleModLauncher.Resource(quickteleports-1.16.5-1.2.0-forge.jar:/workspaces/Antony/servidor_minecraft/mods/quickteleports-1.16.5-1.2.0-forge.jar)
[27Aug2026 22:17:05.940] [main/DEBUG] [mixin/]: Processing prepare() for PlatformAgent[MixinPlatformAgentDefault:ContainerHandleModLauncher.Resource(quickteleports-1.16.5-1.2.0-forge.jar:/workspaces/Antony/servidor_minecraft/mods/quickteleports-1.16.5-1.2.0-forge.jar)]
[27Aug2026 22:17:05.940] [main/DEBUG] [mixin/]: Adding mixin platform agents for container ContainerHandleModLauncher.Resource(mineminenomiawakenpath-1.0.0.jar:/workspaces/Antony/servidor_minecraft/mods/mineminenomiawakenpath-1.0.0.jar)
[27Aug2026 22:17:05.940] [main/DEBUG] [mixin/]: Instancing new MixinPlatformAgentMinecraftForge for ContainerHandleModLauncher.Resource(mineminenomiawakenpath-1.0.0.jar:/workspaces/Antony/servidor_minecraft/mods/mineminenomiawakenpath-1.0.0.jar)
[27Aug2026 22:17:05.940] [main/DEBUG] [mixin/]: MixinPlatformAgentMinecraftForge rejected container ContainerHandleModLauncher.Resource(mineminenomiawakenpath-1.0.0.jar:/workspaces/Antony/servidor_minecraft/mods/mineminenomiawakenpath-1.0.0.jar)
[27Aug2026 22:17:05.940] [main/DEBUG] [mixin/]: Instancing new MixinPlatformAgentDefault for ContainerHandleModLauncher.Resource(mineminenomiawakenpath-1.0.0.jar:/workspaces/Antony/servidor_minecraft/mods/mineminenomiawakenpath-1.0.0.jar)
[27Aug2026 22:17:05.940] [main/DEBUG] [mixin/]: MixinPlatformAgentDefault accepted container ContainerHandleModLauncher.Resource(mineminenomiawakenpath-1.0.0.jar:/workspaces/Antony/servidor_minecraft/mods/mineminenomiawakenpath-1.0.0.jar)
[27Aug2026 22:17:05.941] [main/DEBUG] [mixin/]: Processing prepare() for PlatformAgent[MixinPlatformAgentDefault:ContainerHandleModLauncher.Resource(mineminenomiawakenpath-1.0.0.jar:/workspaces/Antony/servidor_minecraft/mods/mineminenomiawakenpath-1.0.0.jar)]
[27Aug2026 22:17:05.941] [main/DEBUG] [mixin/]: Registering mixin config: mixins.mineminenomi-awaken-path.json
[27Aug2026 22:17:05.942] [main/DEBUG] [mixin/]: Adding mixin platform agents for container ContainerHandleModLauncher.Resource(minemineextraslots-1.8-1.16.5.jar:/workspaces/Antony/servidor_minecraft/mods/minemineextraslots-1.8-1.16.5.jar)
[27Aug2026 22:17:05.942] [main/DEBUG] [mixin/]: Instancing new MixinPlatformAgentMinecraftForge for ContainerHandleModLauncher.Resource(minemineextraslots-1.8-1.16.5.jar:/workspaces/Antony/servidor_minecraft/mods/minemineextraslots-1.8-1.16.5.jar)
[27Aug2026 22:17:05.942] [main/DEBUG] [mixin/]: MixinPlatformAgentMinecraftForge rejected container ContainerHandleModLauncher.Resource(minemineextraslots-1.8-1.16.5.jar:/workspaces/Antony/servidor_minecraft/mods/minemineextraslots-1.8-1.16.5.jar)
[27Aug2026 22:17:05.943] [main/DEBUG] [mixin/]: Instancing new MixinPlatformAgentDefault for ContainerHandleModLauncher.Resource(minemineextraslots-1.8-1.16.5.jar:/workspaces/Antony/servidor_minecraft/mods/minemineextraslots-1.8-1.16.5.jar)
[27Aug2026 22:17:05.943] [main/DEBUG] [mixin/]: MixinPlatformAgentDefault accepted container ContainerHandleModLauncher.Resource(minemineextraslots-1.8-1.16.5.jar:/workspaces/Antony/servidor_minecraft/mods/minemineextraslots-1.8-1.16.5.jar)
[27Aug2026 22:17:05.943] [main/DEBUG] [mixin/]: Processing prepare() for PlatformAgent[MixinPlatformAgentDefault:ContainerHandleModLauncher.Resource(minemineextraslots-1.8-1.16.5.jar:/workspaces/Antony/servidor_minecraft/mods/minemineextraslots-1.8-1.16.5.jar)]
[27Aug2026 22:17:05.943] [main/DEBUG] [mixin/]: Registering mixin config: minemineextraslots.mixins.json
[27Aug2026 22:17:05.946] [main/DEBUG] [mixin/]: Adding mixin platform agents for container ContainerHandleModLauncher.Resource(fightingstyles-1.2.5.jar:/workspaces/Antony/servidor_minecraft/mods/fightingstyles-1.2.5.jar)
[27Aug2026 22:17:05.948] [main/DEBUG] [mixin/]: Instancing new MixinPlatformAgentMinecraftForge for ContainerHandleModLauncher.Resource(fightingstyles-1.2.5.jar:/workspaces/Antony/servidor_minecraft/mods/fightingstyles-1.2.5.jar)
[27Aug2026 22:17:05.948] [main/DEBUG] [mixin/]: MixinPlatformAgentMinecraftForge rejected container ContainerHandleModLauncher.Resource(fightingstyles-1.2.5.jar:/workspaces/Antony/servidor_minecraft/mods/fightingstyles-1.2.5.jar)
[27Aug2026 22:17:05.948] [main/DEBUG] [mixin/]: Instancing new MixinPlatformAgentDefault for ContainerHandleModLauncher.Resource(fightingstyles-1.2.5.jar:/workspaces/Antony/servidor_minecraft/mods/fightingstyles-1.2.5.jar)
[27Aug2026 22:17:05.948] [main/DEBUG] [mixin/]: MixinPlatformAgentDefault accepted container ContainerHandleModLauncher.Resource(fightingstyles-1.2.5.jar:/workspaces/Antony/servidor_minecraft/mods/fightingstyles-1.2.5.jar)
[27Aug2026 22:17:05.949] [main/DEBUG] [mixin/]: Processing prepare() for PlatformAgent[MixinPlatformAgentDefault:ContainerHandleModLauncher.Resource(fightingstyles-1.2.5.jar:/workspaces/Antony/servidor_minecraft/mods/fightingstyles-1.2.5.jar)]
[27Aug2026 22:17:05.949] [main/DEBUG] [mixin/]: Registering mixin config: fightingstyles.mixins.json
[27Aug2026 22:17:05.953] [main/DEBUG] [mixin/]: Adding mixin platform agents for container ContainerHandleModLauncher.Resource(sophisticatedbackpacks-1.16.5-3.15.20.755.jar:/workspaces/Antony/servidor_minecraft/mods/sophisticatedbackpacks-1.16.5-3.15.20.755.jar)
[27Aug2026 22:17:05.953] [main/DEBUG] [mixin/]: Instancing new MixinPlatformAgentMinecraftForge for ContainerHandleModLauncher.Resource(sophisticatedbackpacks-1.16.5-3.15.20.755.jar:/workspaces/Antony/servidor_minecraft/mods/sophisticatedbackpacks-1.16.5-3.15.20.755.jar)
[27Aug2026 22:17:05.954] [main/DEBUG] [mixin/]: MixinPlatformAgentMinecraftForge rejected container ContainerHandleModLauncher.Resource(sophisticatedbackpacks-1.16.5-3.15.20.755.jar:/workspaces/Antony/servidor_minecraft/mods/sophisticatedbackpacks-1.16.5-3.15.20.755.jar)
[27Aug2026 22:17:05.954] [main/DEBUG] [mixin/]: Instancing new MixinPlatformAgentDefault for ContainerHandleModLauncher.Resource(sophisticatedbackpacks-1.16.5-3.15.20.755.jar:/workspaces/Antony/servidor_minecraft/mods/sophisticatedbackpacks-1.16.5-3.15.20.755.jar)
[27Aug2026 22:17:05.954] [main/DEBUG] [mixin/]: MixinPlatformAgentDefault accepted container ContainerHandleModLauncher.Resource(sophisticatedbackpacks-1.16.5-3.15.20.755.jar:/workspaces/Antony/servidor_minecraft/mods/sophisticatedbackpacks-1.16.5-3.15.20.755.jar)
[27Aug2026 22:17:05.954] [main/DEBUG] [mixin/]: Processing prepare() for PlatformAgent[MixinPlatformAgentDefault:ContainerHandleModLauncher.Resource(sophisticatedbackpacks-1.16.5-3.15.20.755.jar:/workspaces/Antony/servidor_minecraft/mods/sophisticatedbackpacks-1.16.5-3.15.20.755.jar)]
[27Aug2026 22:17:05.954] [main/DEBUG] [mixin/]: Adding mixin platform agents for container ContainerHandleModLauncher.Resource(cartaddon-0.8.2.jar:/workspaces/Antony/servidor_minecraft/mods/cartaddon-0.8.2.jar)
[27Aug2026 22:17:05.954] [main/DEBUG] [mixin/]: Instancing new MixinPlatformAgentMinecraftForge for ContainerHandleModLauncher.Resource(cartaddon-0.8.2.jar:/workspaces/Antony/servidor_minecraft/mods/cartaddon-0.8.2.jar)
[27Aug2026 22:17:05.954] [main/DEBUG] [mixin/]: MixinPlatformAgentMinecraftForge rejected container ContainerHandleModLauncher.Resource(cartaddon-0.8.2.jar:/workspaces/Antony/servidor_minecraft/mods/cartaddon-0.8.2.jar)
[27Aug2026 22:17:05.954] [main/DEBUG] [mixin/]: Instancing new MixinPlatformAgentDefault for ContainerHandleModLauncher.Resource(cartaddon-0.8.2.jar:/workspaces/Antony/servidor_minecraft/mods/cartaddon-0.8.2.jar)
[27Aug2026 22:17:05.954] [main/DEBUG] [mixin/]: MixinPlatformAgentDefault accepted container ContainerHandleModLauncher.Resource(cartaddon-0.8.2.jar:/workspaces/Antony/servidor_minecraft/mods/cartaddon-0.8.2.jar)
[27Aug2026 22:17:05.955] [main/DEBUG] [mixin/]: Processing prepare() for PlatformAgent[MixinPlatformAgentDefault:ContainerHandleModLauncher.Resource(cartaddon-0.8.2.jar:/workspaces/Antony/servidor_minecraft/mods/cartaddon-0.8.2.jar)]
[27Aug2026 22:17:05.955] [main/DEBUG] [mixin/]: Registering mixin config: cartaddon.mixins.json
[27Aug2026 22:17:05.958] [main/DEBUG] [mixin/]: Adding mixin platform agents for container ContainerHandleModLauncher.Resource(zitoenpiece-0.3.15.jar:/workspaces/Antony/servidor_minecraft/mods/zitoenpiece-0.3.15.jar)
[27Aug2026 22:17:05.958] [main/DEBUG] [mixin/]: Instancing new MixinPlatformAgentMinecraftForge for ContainerHandleModLauncher.Resource(zitoenpiece-0.3.15.jar:/workspaces/Antony/servidor_minecraft/mods/zitoenpiece-0.3.15.jar)
[27Aug2026 22:17:05.958] [main/DEBUG] [mixin/]: MixinPlatformAgentMinecraftForge rejected container ContainerHandleModLauncher.Resource(zitoenpiece-0.3.15.jar:/workspaces/Antony/servidor_minecraft/mods/zitoenpiece-0.3.15.jar)
[27Aug2026 22:17:05.959] [main/DEBUG] [mixin/]: Instancing new MixinPlatformAgentDefault for ContainerHandleModLauncher.Resource(zitoenpiece-0.3.15.jar:/workspaces/Antony/servidor_minecraft/mods/zitoenpiece-0.3.15.jar)
[27Aug2026 22:17:05.959] [main/DEBUG] [mixin/]: MixinPlatformAgentDefault accepted container ContainerHandleModLauncher.Resource(zitoenpiece-0.3.15.jar:/workspaces/Antony/servidor_minecraft/mods/zitoenpiece-0.3.15.jar)
[27Aug2026 22:17:05.959] [main/DEBUG] [mixin/]: Processing prepare() for PlatformAgent[MixinPlatformAgentDefault:ContainerHandleModLauncher.Resource(zitoenpiece-0.3.15.jar:/workspaces/Antony/servidor_minecraft/mods/zitoenpiece-0.3.15.jar)]
[27Aug2026 22:17:05.959] [main/DEBUG] [mixin/]: Registering mixin config: zitoenpiece.mixins.json
[27Aug2026 22:17:05.960] [main/DEBUG] [mixin/]: Registering mixin config: zitoenpiece-compat.mixins.json
[27Aug2026 22:17:05.964] [main/DEBUG] [mixin/]: Adding mixin platform agents for container ContainerHandleModLauncher.Resource(coroutil-forge-1.16.5-1.3.6.jar:/workspaces/Antony/servidor_minecraft/mods/coroutil-forge-1.16.5-1.3.6.jar)
[27Aug2026 22:17:05.964] [main/DEBUG] [mixin/]: Instancing new MixinPlatformAgentMinecraftForge for ContainerHandleModLauncher.Resource(coroutil-forge-1.16.5-1.3.6.jar:/workspaces/Antony/servidor_minecraft/mods/coroutil-forge-1.16.5-1.3.6.jar)
[27Aug2026 22:17:05.967] [main/DEBUG] [mixin/]: MixinPlatformAgentMinecraftForge rejected container ContainerHandleModLauncher.Resource(coroutil-forge-1.16.5-1.3.6.jar:/workspaces/Antony/servidor_minecraft/mods/coroutil-forge-1.16.5-1.3.6.jar)
[27Aug2026 22:17:05.967] [main/DEBUG] [mixin/]: Instancing new MixinPlatformAgentDefault for ContainerHandleModLauncher.Resource(coroutil-forge-1.16.5-1.3.6.jar:/workspaces/Antony/servidor_minecraft/mods/coroutil-forge-1.16.5-1.3.6.jar)
[27Aug2026 22:17:05.967] [main/DEBUG] [mixin/]: MixinPlatformAgentDefault accepted container ContainerHandleModLauncher.Resource(coroutil-forge-1.16.5-1.3.6.jar:/workspaces/Antony/servidor_minecraft/mods/coroutil-forge-1.16.5-1.3.6.jar)
[27Aug2026 22:17:05.967] [main/DEBUG] [mixin/]: Processing prepare() for PlatformAgent[MixinPlatformAgentDefault:ContainerHandleModLauncher.Resource(coroutil-forge-1.16.5-1.3.6.jar:/workspaces/Antony/servidor_minecraft/mods/coroutil-forge-1.16.5-1.3.6.jar)]
[27Aug2026 22:17:05.968] [main/DEBUG] [mixin/]: Registering mixin config: coroutil.mixins.json
[27Aug2026 22:17:05.969] [main/DEBUG] [mixin/]: Adding mixin platform agents for container ContainerHandleModLauncher.Resource(lazydfu-0.1.3.jar:/workspaces/Antony/servidor_minecraft/mods/lazydfu-0.1.3.jar)
[27Aug2026 22:17:05.969] [main/DEBUG] [mixin/]: Instancing new MixinPlatformAgentMinecraftForge for ContainerHandleModLauncher.Resource(lazydfu-0.1.3.jar:/workspaces/Antony/servidor_minecraft/mods/lazydfu-0.1.3.jar)
[27Aug2026 22:17:05.969] [main/DEBUG] [mixin/]: MixinPlatformAgentMinecraftForge rejected container ContainerHandleModLauncher.Resource(lazydfu-0.1.3.jar:/workspaces/Antony/servidor_minecraft/mods/lazydfu-0.1.3.jar)
[27Aug2026 22:17:05.969] [main/DEBUG] [mixin/]: Instancing new MixinPlatformAgentDefault for ContainerHandleModLauncher.Resource(lazydfu-0.1.3.jar:/workspaces/Antony/servidor_minecraft/mods/lazydfu-0.1.3.jar)
[27Aug2026 22:17:05.969] [main/DEBUG] [mixin/]: MixinPlatformAgentDefault accepted container ContainerHandleModLauncher.Resource(lazydfu-0.1.3.jar:/workspaces/Antony/servidor_minecraft/mods/lazydfu-0.1.3.jar)
[27Aug2026 22:17:05.970] [main/DEBUG] [mixin/]: Processing prepare() for PlatformAgent[MixinPlatformAgentDefault:ContainerHandleModLauncher.Resource(lazydfu-0.1.3.jar:/workspaces/Antony/servidor_minecraft/mods/lazydfu-0.1.3.jar)]
[27Aug2026 22:17:05.970] [main/DEBUG] [mixin/]: Registering mixin config: lazydfu.mixins.json
[27Aug2026 22:17:05.974] [main/DEBUG] [mixin/]: Adding mixin platform agents for container ContainerHandleModLauncher.Resource(mvs-2.6.1.jar:/workspaces/Antony/servidor_minecraft/mods/mvs-2.6.1.jar)
[27Aug2026 22:17:05.974] [main/DEBUG] [mixin/]: Instancing new MixinPlatformAgentMinecraftForge for ContainerHandleModLauncher.Resource(mvs-2.6.1.jar:/workspaces/Antony/servidor_minecraft/mods/mvs-2.6.1.jar)
[27Aug2026 22:17:05.974] [main/DEBUG] [mixin/]: MixinPlatformAgentMinecraftForge rejected container ContainerHandleModLauncher.Resource(mvs-2.6.1.jar:/workspaces/Antony/servidor_minecraft/mods/mvs-2.6.1.jar)
[27Aug2026 22:17:05.975] [main/DEBUG] [mixin/]: Instancing new MixinPlatformAgentDefault for ContainerHandleModLauncher.Resource(mvs-2.6.1.jar:/workspaces/Antony/servidor_minecraft/mods/mvs-2.6.1.jar)
[27Aug2026 22:17:05.975] [main/DEBUG] [mixin/]: MixinPlatformAgentDefault accepted container ContainerHandleModLauncher.Resource(mvs-2.6.1.jar:/workspaces/Antony/servidor_minecraft/mods/mvs-2.6.1.jar)
[27Aug2026 22:17:05.975] [main/DEBUG] [mixin/]: Processing prepare() for PlatformAgent[MixinPlatformAgentDefault:ContainerHandleModLauncher.Resource(mvs-2.6.1.jar:/workspaces/Antony/servidor_minecraft/mods/mvs-2.6.1.jar)]
[27Aug2026 22:17:05.975] [main/DEBUG] [mixin/]: Adding mixin platform agents for container ContainerHandleModLauncher.Resource(architectury-1.32.68.jar:/workspaces/Antony/servidor_minecraft/mods/architectury-1.32.68.jar)
[27Aug2026 22:17:05.975] [main/DEBUG] [mixin/]: Instancing new MixinPlatformAgentMinecraftForge for ContainerHandleModLauncher.Resource(architectury-1.32.68.jar:/workspaces/Antony/servidor_minecraft/mods/architectury-1.32.68.jar)
[27Aug2026 22:17:05.975] [main/DEBUG] [mixin/]: MixinPlatformAgentMinecraftForge rejected container ContainerHandleModLauncher.Resource(architectury-1.32.68.jar:/workspaces/Antony/servidor_minecraft/mods/architectury-1.32.68.jar)
[27Aug2026 22:17:05.975] [main/DEBUG] [mixin/]: Instancing new MixinPlatformAgentDefault for ContainerHandleModLauncher.Resource(architectury-1.32.68.jar:/workspaces/Antony/servidor_minecraft/mods/architectury-1.32.68.jar)
[27Aug2026 22:17:05.975] [main/DEBUG] [mixin/]: MixinPlatformAgentDefault accepted container ContainerHandleModLauncher.Resource(architectury-1.32.68.jar:/workspaces/Antony/servidor_minecraft/mods/architectury-1.32.68.jar)
[27Aug2026 22:17:05.976] [main/DEBUG] [mixin/]: Processing prepare() for PlatformAgent[MixinPlatformAgentDefault:ContainerHandleModLauncher.Resource(architectury-1.32.68.jar:/workspaces/Antony/servidor_minecraft/mods/architectury-1.32.68.jar)]
[27Aug2026 22:17:05.976] [main/DEBUG] [mixin/]: Registering mixin config: architectury.mixins.json
[27Aug2026 22:17:05.980] [main/DEBUG] [mixin/]: Registering mixin config: architectury-common.mixins.json
[27Aug2026 22:17:05.981] [main/DEBUG] [mixin/]: Adding mixin platform agents for container ContainerHandleModLauncher.Resource(ftb-library-forge-1605.3.5-build.724.jar:/workspaces/Antony/servidor_minecraft/mods/ftb-library-forge-1605.3.5-build.724.jar)
[27Aug2026 22:17:05.984] [main/DEBUG] [mixin/]: Instancing new MixinPlatformAgentMinecraftForge for ContainerHandleModLauncher.Resource(ftb-library-forge-1605.3.5-build.724.jar:/workspaces/Antony/servidor_minecraft/mods/ftb-library-forge-1605.3.5-build.724.jar)
[27Aug2026 22:17:05.984] [main/DEBUG] [mixin/]: MixinPlatformAgentMinecraftForge rejected container ContainerHandleModLauncher.Resource(ftb-library-forge-1605.3.5-build.724.jar:/workspaces/Antony/servidor_minecraft/mods/ftb-library-forge-1605.3.5-build.724.jar)
[27Aug2026 22:17:05.984] [main/DEBUG] [mixin/]: Instancing new MixinPlatformAgentDefault for ContainerHandleModLauncher.Resource(ftb-library-forge-1605.3.5-build.724.jar:/workspaces/Antony/servidor_minecraft/mods/ftb-library-forge-1605.3.5-build.724.jar)
[27Aug2026 22:17:05.984] [main/DEBUG] [mixin/]: MixinPlatformAgentDefault accepted container ContainerHandleModLauncher.Resource(ftb-library-forge-1605.3.5-build.724.jar:/workspaces/Antony/servidor_minecraft/mods/ftb-library-forge-1605.3.5-build.724.jar)
[27Aug2026 22:17:05.985] [main/DEBUG] [mixin/]: Processing prepare() for PlatformAgent[MixinPlatformAgentDefault:ContainerHandleModLauncher.Resource(ftb-library-forge-1605.3.5-build.724.jar:/workspaces/Antony/servidor_minecraft/mods/ftb-library-forge-1605.3.5-build.724.jar)]
[27Aug2026 22:17:05.985] [main/DEBUG] [mixin/]: Registering mixin config: ftblibrary-common.mixins.json
[27Aug2026 22:17:05.986] [main/DEBUG] [mixin/]: Adding mixin platform agents for container ContainerHandleModLauncher.Resource(lootr-1.16.5-0.2.19.52.jar:/workspaces/Antony/servidor_minecraft/mods/lootr-1.16.5-0.2.19.52.jar)
[27Aug2026 22:17:05.986] [main/DEBUG] [mixin/]: Instancing new MixinPlatformAgentMinecraftForge for ContainerHandleModLauncher.Resource(lootr-1.16.5-0.2.19.52.jar:/workspaces/Antony/servidor_minecraft/mods/lootr-1.16.5-0.2.19.52.jar)
[27Aug2026 22:17:05.986] [main/DEBUG] [mixin/]: MixinPlatformAgentMinecraftForge rejected container ContainerHandleModLauncher.Resource(lootr-1.16.5-0.2.19.52.jar:/workspaces/Antony/servidor_minecraft/mods/lootr-1.16.5-0.2.19.52.jar)
[27Aug2026 22:17:05.987] [main/DEBUG] [mixin/]: Instancing new MixinPlatformAgentDefault for ContainerHandleModLauncher.Resource(lootr-1.16.5-0.2.19.52.jar:/workspaces/Antony/servidor_minecraft/mods/lootr-1.16.5-0.2.19.52.jar)
[27Aug2026 22:17:05.987] [main/DEBUG] [mixin/]: MixinPlatformAgentDefault accepted container ContainerHandleModLauncher.Resource(lootr-1.16.5-0.2.19.52.jar:/workspaces/Antony/servidor_minecraft/mods/lootr-1.16.5-0.2.19.52.jar)
[27Aug2026 22:17:05.987] [main/DEBUG] [mixin/]: Processing prepare() for PlatformAgent[MixinPlatformAgentDefault:ContainerHandleModLauncher.Resource(lootr-1.16.5-0.2.19.52.jar:/workspaces/Antony/servidor_minecraft/mods/lootr-1.16.5-0.2.19.52.jar)]
[27Aug2026 22:17:05.987] [main/DEBUG] [mixin/]: Registering mixin config: lootr.mixins.json
[27Aug2026 22:17:05.991] [main/DEBUG] [mixin/]: Adding mixin platform agents for container ContainerHandleModLauncher.Resource(fruitreworks-1.3.3.jar:/workspaces/Antony/servidor_minecraft/mods/fruitreworks-1.3.3.jar)
[27Aug2026 22:17:05.991] [main/DEBUG] [mixin/]: Instancing new MixinPlatformAgentMinecraftForge for ContainerHandleModLauncher.Resource(fruitreworks-1.3.3.jar:/workspaces/Antony/servidor_minecraft/mods/fruitreworks-1.3.3.jar)
[27Aug2026 22:17:05.991] [main/DEBUG] [mixin/]: MixinPlatformAgentMinecraftForge rejected container ContainerHandleModLauncher.Resource(fruitreworks-1.3.3.jar:/workspaces/Antony/servidor_minecraft/mods/fruitreworks-1.3.3.jar)
[27Aug2026 22:17:05.992] [main/DEBUG] [mixin/]: Instancing new MixinPlatformAgentDefault for ContainerHandleModLauncher.Resource(fruitreworks-1.3.3.jar:/workspaces/Antony/servidor_minecraft/mods/fruitreworks-1.3.3.jar)
[27Aug2026 22:17:05.992] [main/DEBUG] [mixin/]: MixinPlatformAgentDefault accepted container ContainerHandleModLauncher.Resource(fruitreworks-1.3.3.jar:/workspaces/Antony/servidor_minecraft/mods/fruitreworks-1.3.3.jar)
[27Aug2026 22:17:05.992] [main/DEBUG] [mixin/]: Processing prepare() for PlatformAgent[MixinPlatformAgentDefault:ContainerHandleModLauncher.Resource(fruitreworks-1.3.3.jar:/workspaces/Antony/servidor_minecraft/mods/fruitreworks-1.3.3.jar)]
[27Aug2026 22:17:05.992] [main/DEBUG] [mixin/]: Registering mixin config: fruitrework.mixins.json
[27Aug2026 22:17:05.996] [main/DEBUG] [mixin/]: Adding mixin platform agents for container ContainerHandleModLauncher.Resource(blitzraces-0.0.2-1.16.5.jar:/workspaces/Antony/servidor_minecraft/mods/blitzraces-0.0.2-1.16.5.jar)
[27Aug2026 22:17:05.996] [main/DEBUG] [mixin/]: Instancing new MixinPlatformAgentMinecraftForge for ContainerHandleModLauncher.Resource(blitzraces-0.0.2-1.16.5.jar:/workspaces/Antony/servidor_minecraft/mods/blitzraces-0.0.2-1.16.5.jar)
[27Aug2026 22:17:05.997] [main/DEBUG] [mixin/]: MixinPlatformAgentMinecraftForge rejected container ContainerHandleModLauncher.Resource(blitzraces-0.0.2-1.16.5.jar:/workspaces/Antony/servidor_minecraft/mods/blitzraces-0.0.2-1.16.5.jar)
[27Aug2026 22:17:05.997] [main/DEBUG] [mixin/]: Instancing new MixinPlatformAgentDefault for ContainerHandleModLauncher.Resource(blitzraces-0.0.2-1.16.5.jar:/workspaces/Antony/servidor_minecraft/mods/blitzraces-0.0.2-1.16.5.jar)
[27Aug2026 22:17:05.997] [main/DEBUG] [mixin/]: MixinPlatformAgentDefault accepted container ContainerHandleModLauncher.Resource(blitzraces-0.0.2-1.16.5.jar:/workspaces/Antony/servidor_minecraft/mods/blitzraces-0.0.2-1.16.5.jar)
[27Aug2026 22:17:05.997] [main/DEBUG] [mixin/]: Processing prepare() for PlatformAgent[MixinPlatformAgentDefault:ContainerHandleModLauncher.Resource(blitzraces-0.0.2-1.16.5.jar:/workspaces/Antony/servidor_minecraft/mods/blitzraces-0.0.2-1.16.5.jar)]
[27Aug2026 22:17:05.997] [main/DEBUG] [mixin/]: Registering mixin config: blitzraces.mixins.json
[27Aug2026 22:17:05.999] [main/DEBUG] [mixin/]: Adding mixin platform agents for container ContainerHandleModLauncher.Resource(watut-forge-1.16.5-1.0.14.jar:/workspaces/Antony/servidor_minecraft/mods/watut-forge-1.16.5-1.0.14.jar)
[27Aug2026 22:17:05.999] [main/DEBUG] [mixin/]: Instancing new MixinPlatformAgentMinecraftForge for ContainerHandleModLauncher.Resource(watut-forge-1.16.5-1.0.14.jar:/workspaces/Antony/servidor_minecraft/mods/watut-forge-1.16.5-1.0.14.jar)
[27Aug2026 22:17:05.999] [main/DEBUG] [mixin/]: MixinPlatformAgentMinecraftForge rejected container ContainerHandleModLauncher.Resource(watut-forge-1.16.5-1.0.14.jar:/workspaces/Antony/servidor_minecraft/mods/watut-forge-1.16.5-1.0.14.jar)
[27Aug2026 22:17:05.999] [main/DEBUG] [mixin/]: Instancing new MixinPlatformAgentDefault for ContainerHandleModLauncher.Resource(watut-forge-1.16.5-1.0.14.jar:/workspaces/Antony/servidor_minecraft/mods/watut-forge-1.16.5-1.0.14.jar)
[27Aug2026 22:17:06.002] [main/DEBUG] [mixin/]: MixinPlatformAgentDefault accepted container ContainerHandleModLauncher.Resource(watut-forge-1.16.5-1.0.14.jar:/workspaces/Antony/servidor_minecraft/mods/watut-forge-1.16.5-1.0.14.jar)
[27Aug2026 22:17:06.002] [main/DEBUG] [mixin/]: Processing prepare() for PlatformAgent[MixinPlatformAgentDefault:ContainerHandleModLauncher.Resource(watut-forge-1.16.5-1.0.14.jar:/workspaces/Antony/servidor_minecraft/mods/watut-forge-1.16.5-1.0.14.jar)]
[27Aug2026 22:17:06.002] [main/DEBUG] [mixin/]: Registering mixin config: watut.mixins.json
[27Aug2026 22:17:06.003] [main/DEBUG] [mixin/]: Adding mixin platform agents for container ContainerHandleModLauncher.Resource(forge-1.16.5-36.2.42-universal.jar:/workspaces/Antony/servidor_minecraft/libraries/net/minecraftforge/forge/1.16.5-36.2.42/forge-1.16.5-36.2.42-universal.jar)
[27Aug2026 22:17:06.003] [main/DEBUG] [mixin/]: Instancing new MixinPlatformAgentMinecraftForge for ContainerHandleModLauncher.Resource(forge-1.16.5-36.2.42-universal.jar:/workspaces/Antony/servidor_minecraft/libraries/net/minecraftforge/forge/1.16.5-36.2.42/forge-1.16.5-36.2.42-universal.jar)
[27Aug2026 22:17:06.004] [main/DEBUG] [mixin/]: MixinPlatformAgentMinecraftForge rejected container ContainerHandleModLauncher.Resource(forge-1.16.5-36.2.42-universal.jar:/workspaces/Antony/servidor_minecraft/libraries/net/minecraftforge/forge/1.16.5-36.2.42/forge-1.16.5-36.2.42-universal.jar)
[27Aug2026 22:17:06.004] [main/DEBUG] [mixin/]: Instancing new MixinPlatformAgentDefault for ContainerHandleModLauncher.Resource(forge-1.16.5-36.2.42-universal.jar:/workspaces/Antony/servidor_minecraft/libraries/net/minecraftforge/forge/1.16.5-36.2.42/forge-1.16.5-36.2.42-universal.jar)
[27Aug2026 22:17:06.004] [main/DEBUG] [mixin/]: MixinPlatformAgentDefault accepted container ContainerHandleModLauncher.Resource(forge-1.16.5-36.2.42-universal.jar:/workspaces/Antony/servidor_minecraft/libraries/net/minecraftforge/forge/1.16.5-36.2.42/forge-1.16.5-36.2.42-universal.jar)
[27Aug2026 22:17:06.004] [main/DEBUG] [mixin/]: Processing prepare() for PlatformAgent[MixinPlatformAgentDefault:ContainerHandleModLauncher.Resource(forge-1.16.5-36.2.42-universal.jar:/workspaces/Antony/servidor_minecraft/libraries/net/minecraftforge/forge/1.16.5-36.2.42/forge-1.16.5-36.2.42-universal.jar)]
[27Aug2026 22:17:06.004] [main/DEBUG] [mixin/]: Adding mixin platform agents for container ContainerHandleModLauncher.Resource(appleskin-forge-mc1.16.x-2.5.1.jar:/workspaces/Antony/servidor_minecraft/mods/appleskin-forge-mc1.16.x-2.5.1.jar)
[27Aug2026 22:17:06.004] [main/DEBUG] [mixin/]: Instancing new MixinPlatformAgentMinecraftForge for ContainerHandleModLauncher.Resource(appleskin-forge-mc1.16.x-2.5.1.jar:/workspaces/Antony/servidor_minecraft/mods/appleskin-forge-mc1.16.x-2.5.1.jar)
[27Aug2026 22:17:06.007] [main/DEBUG] [mixin/]: MixinPlatformAgentMinecraftForge rejected container ContainerHandleModLauncher.Resource(appleskin-forge-mc1.16.x-2.5.1.jar:/workspaces/Antony/servidor_minecraft/mods/appleskin-forge-mc1.16.x-2.5.1.jar)
[27Aug2026 22:17:06.007] [main/DEBUG] [mixin/]: Instancing new MixinPlatformAgentDefault for ContainerHandleModLauncher.Resource(appleskin-forge-mc1.16.x-2.5.1.jar:/workspaces/Antony/servidor_minecraft/mods/appleskin-forge-mc1.16.x-2.5.1.jar)
[27Aug2026 22:17:06.007] [main/DEBUG] [mixin/]: MixinPlatformAgentDefault accepted container ContainerHandleModLauncher.Resource(appleskin-forge-mc1.16.x-2.5.1.jar:/workspaces/Antony/servidor_minecraft/mods/appleskin-forge-mc1.16.x-2.5.1.jar)
[27Aug2026 22:17:06.008] [main/DEBUG] [mixin/]: Processing prepare() for PlatformAgent[MixinPlatformAgentDefault:ContainerHandleModLauncher.Resource(appleskin-forge-mc1.16.x-2.5.1.jar:/workspaces/Antony/servidor_minecraft/mods/appleskin-forge-mc1.16.x-2.5.1.jar)]
[27Aug2026 22:17:06.008] [main/DEBUG] [mixin/]: Adding mixin platform agents for container ContainerHandleModLauncher.Resource(hito_hito_nika-0.12.1.jar:/workspaces/Antony/servidor_minecraft/mods/hito_hito_nika-0.12.1.jar)
[27Aug2026 22:17:06.008] [main/DEBUG] [mixin/]: Instancing new MixinPlatformAgentMinecraftForge for ContainerHandleModLauncher.Resource(hito_hito_nika-0.12.1.jar:/workspaces/Antony/servidor_minecraft/mods/hito_hito_nika-0.12.1.jar)
[27Aug2026 22:17:06.008] [main/DEBUG] [mixin/]: MixinPlatformAgentMinecraftForge rejected container ContainerHandleModLauncher.Resource(hito_hito_nika-0.12.1.jar:/workspaces/Antony/servidor_minecraft/mods/hito_hito_nika-0.12.1.jar)
[27Aug2026 22:17:06.008] [main/DEBUG] [mixin/]: Instancing new MixinPlatformAgentDefault for ContainerHandleModLauncher.Resource(hito_hito_nika-0.12.1.jar:/workspaces/Antony/servidor_minecraft/mods/hito_hito_nika-0.12.1.jar)
[27Aug2026 22:17:06.008] [main/DEBUG] [mixin/]: MixinPlatformAgentDefault accepted container ContainerHandleModLauncher.Resource(hito_hito_nika-0.12.1.jar:/workspaces/Antony/servidor_minecraft/mods/hito_hito_nika-0.12.1.jar)
[27Aug2026 22:17:06.009] [main/DEBUG] [mixin/]: Processing prepare() for PlatformAgent[MixinPlatformAgentDefault:ContainerHandleModLauncher.Resource(hito_hito_nika-0.12.1.jar:/workspaces/Antony/servidor_minecraft/mods/hito_hito_nika-0.12.1.jar)]
[27Aug2026 22:17:06.009] [main/DEBUG] [mixin/]: Registering mixin config: hito_hito_no_mi_nika.mixin.json
[27Aug2026 22:17:06.010] [main/ERROR] [mixin/]: Mixin config hito_hito_no_mi_nika.mixin.json does not specify "minVersion" property
[27Aug2026 22:17:06.013] [main/DEBUG] [mixin/]: Adding mixin platform agents for container ContainerHandleModLauncher.Resource(PlayerRevive_v2.0.0-pre04_mc1.16.5.jar:/workspaces/Antony/servidor_minecraft/mods/PlayerRevive_v2.0.0-pre04_mc1.16.5.jar)
[27Aug2026 22:17:06.013] [main/DEBUG] [mixin/]: Instancing new MixinPlatformAgentMinecraftForge for ContainerHandleModLauncher.Resource(PlayerRevive_v2.0.0-pre04_mc1.16.5.jar:/workspaces/Antony/servidor_minecraft/mods/PlayerRevive_v2.0.0-pre04_mc1.16.5.jar)
[27Aug2026 22:17:06.014] [main/DEBUG] [mixin/]: MixinPlatformAgentMinecraftForge rejected container ContainerHandleModLauncher.Resource(PlayerRevive_v2.0.0-pre04_mc1.16.5.jar:/workspaces/Antony/servidor_minecraft/mods/PlayerRevive_v2.0.0-pre04_mc1.16.5.jar)
[27Aug2026 22:17:06.014] [main/DEBUG] [mixin/]: Instancing new MixinPlatformAgentDefault for ContainerHandleModLauncher.Resource(PlayerRevive_v2.0.0-pre04_mc1.16.5.jar:/workspaces/Antony/servidor_minecraft/mods/PlayerRevive_v2.0.0-pre04_mc1.16.5.jar)
[27Aug2026 22:17:06.014] [main/DEBUG] [mixin/]: MixinPlatformAgentDefault accepted container ContainerHandleModLauncher.Resource(PlayerRevive_v2.0.0-pre04_mc1.16.5.jar:/workspaces/Antony/servidor_minecraft/mods/PlayerRevive_v2.0.0-pre04_mc1.16.5.jar)
[27Aug2026 22:17:06.014] [main/DEBUG] [mixin/]: Processing prepare() for PlatformAgent[MixinPlatformAgentDefault:ContainerHandleModLauncher.Resource(PlayerRevive_v2.0.0-pre04_mc1.16.5.jar:/workspaces/Antony/servidor_minecraft/mods/PlayerRevive_v2.0.0-pre04_mc1.16.5.jar)]
[27Aug2026 22:17:06.014] [main/DEBUG] [mixin/]: Adding mixin platform agents for container ContainerHandleModLauncher.Resource(SkinRestoreForge-1.4.jar:/workspaces/Antony/servidor_minecraft/mods/SkinRestoreForge-1.4.jar)
[27Aug2026 22:17:06.014] [main/DEBUG] [mixin/]: Instancing new MixinPlatformAgentMinecraftForge for ContainerHandleModLauncher.Resource(SkinRestoreForge-1.4.jar:/workspaces/Antony/servidor_minecraft/mods/SkinRestoreForge-1.4.jar)
[27Aug2026 22:17:06.015] [main/DEBUG] [mixin/]: MixinPlatformAgentMinecraftForge rejected container ContainerHandleModLauncher.Resource(SkinRestoreForge-1.4.jar:/workspaces/Antony/servidor_minecraft/mods/SkinRestoreForge-1.4.jar)
[27Aug2026 22:17:06.015] [main/DEBUG] [mixin/]: Instancing new MixinPlatformAgentDefault for ContainerHandleModLauncher.Resource(SkinRestoreForge-1.4.jar:/workspaces/Antony/servidor_minecraft/mods/SkinRestoreForge-1.4.jar)
[27Aug2026 22:17:06.015] [main/DEBUG] [mixin/]: MixinPlatformAgentDefault accepted container ContainerHandleModLauncher.Resource(SkinRestoreForge-1.4.jar:/workspaces/Antony/servidor_minecraft/mods/SkinRestoreForge-1.4.jar)
[27Aug2026 22:17:06.015] [main/DEBUG] [mixin/]: Processing prepare() for PlatformAgent[MixinPlatformAgentDefault:ContainerHandleModLauncher.Resource(SkinRestoreForge-1.4.jar:/workspaces/Antony/servidor_minecraft/mods/SkinRestoreForge-1.4.jar)]
[27Aug2026 22:17:06.015] [main/DEBUG] [mixin/]: Adding mixin platform agents for container ContainerHandleModLauncher.Resource(allfruitallboxes-1.0.0.jar:/workspaces/Antony/servidor_minecraft/mods/allfruitallboxes-1.0.0.jar)
[27Aug2026 22:17:06.015] [main/DEBUG] [mixin/]: Instancing new MixinPlatformAgentMinecraftForge for ContainerHandleModLauncher.Resource(allfruitallboxes-1.0.0.jar:/workspaces/Antony/servidor_minecraft/mods/allfruitallboxes-1.0.0.jar)
[27Aug2026 22:17:06.016] [main/DEBUG] [mixin/]: MixinPlatformAgentMinecraftForge rejected container ContainerHandleModLauncher.Resource(allfruitallboxes-1.0.0.jar:/workspaces/Antony/servidor_minecraft/mods/allfruitallboxes-1.0.0.jar)
[27Aug2026 22:17:06.016] [main/DEBUG] [mixin/]: Instancing new MixinPlatformAgentDefault for ContainerHandleModLauncher.Resource(allfruitallboxes-1.0.0.jar:/workspaces/Antony/servidor_minecraft/mods/allfruitallboxes-1.0.0.jar)
[27Aug2026 22:17:06.016] [main/DEBUG] [mixin/]: MixinPlatformAgentDefault accepted container ContainerHandleModLauncher.Resource(allfruitallboxes-1.0.0.jar:/workspaces/Antony/servidor_minecraft/mods/allfruitallboxes-1.0.0.jar)
[27Aug2026 22:17:06.016] [main/DEBUG] [mixin/]: Processing prepare() for PlatformAgent[MixinPlatformAgentDefault:ContainerHandleModLauncher.Resource(allfruitallboxes-1.0.0.jar:/workspaces/Antony/servidor_minecraft/mods/allfruitallboxes-1.0.0.jar)]
[27Aug2026 22:17:06.016] [main/DEBUG] [mixin/]: Adding mixin platform agents for container ContainerHandleModLauncher.Resource(hakibar-1.16.5-1.8.jar:/workspaces/Antony/servidor_minecraft/mods/hakibar-1.16.5-1.8.jar)
[27Aug2026 22:17:06.016] [main/DEBUG] [mixin/]: Instancing new MixinPlatformAgentMinecraftForge for ContainerHandleModLauncher.Resource(hakibar-1.16.5-1.8.jar:/workspaces/Antony/servidor_minecraft/mods/hakibar-1.16.5-1.8.jar)
[27Aug2026 22:17:06.019] [main/DEBUG] [mixin/]: MixinPlatformAgentMinecraftForge rejected container ContainerHandleModLauncher.Resource(hakibar-1.16.5-1.8.jar:/workspaces/Antony/servidor_minecraft/mods/hakibar-1.16.5-1.8.jar)
[27Aug2026 22:17:06.019] [main/DEBUG] [mixin/]: Instancing new MixinPlatformAgentDefault for ContainerHandleModLauncher.Resource(hakibar-1.16.5-1.8.jar:/workspaces/Antony/servidor_minecraft/mods/hakibar-1.16.5-1.8.jar)
[27Aug2026 22:17:06.019] [main/DEBUG] [mixin/]: MixinPlatformAgentDefault accepted container ContainerHandleModLauncher.Resource(hakibar-1.16.5-1.8.jar:/workspaces/Antony/servidor_minecraft/mods/hakibar-1.16.5-1.8.jar)
[27Aug2026 22:17:06.019] [main/DEBUG] [mixin/]: Processing prepare() for PlatformAgent[MixinPlatformAgentDefault:ContainerHandleModLauncher.Resource(hakibar-1.16.5-1.8.jar:/workspaces/Antony/servidor_minecraft/mods/hakibar-1.16.5-1.8.jar)]
[27Aug2026 22:17:06.020] [main/DEBUG] [mixin/]: Adding mixin platform agents for container ContainerHandleModLauncher.Resource(devilhordes-1.2.0-1.16.5.jar:/workspaces/Antony/servidor_minecraft/mods/devilhordes-1.2.0-1.16.5.jar)
[27Aug2026 22:17:06.020] [main/DEBUG] [mixin/]: Instancing new MixinPlatformAgentMinecraftForge for ContainerHandleModLauncher.Resource(devilhordes-1.2.0-1.16.5.jar:/workspaces/Antony/servidor_minecraft/mods/devilhordes-1.2.0-1.16.5.jar)
[27Aug2026 22:17:06.020] [main/DEBUG] [mixin/]: MixinPlatformAgentMinecraftForge rejected container ContainerHandleModLauncher.Resource(devilhordes-1.2.0-1.16.5.jar:/workspaces/Antony/servidor_minecraft/mods/devilhordes-1.2.0-1.16.5.jar)
[27Aug2026 22:17:06.020] [main/DEBUG] [mixin/]: Instancing new MixinPlatformAgentDefault for ContainerHandleModLauncher.Resource(devilhordes-1.2.0-1.16.5.jar:/workspaces/Antony/servidor_minecraft/mods/devilhordes-1.2.0-1.16.5.jar)
[27Aug2026 22:17:06.020] [main/DEBUG] [mixin/]: MixinPlatformAgentDefault accepted container ContainerHandleModLauncher.Resource(devilhordes-1.2.0-1.16.5.jar:/workspaces/Antony/servidor_minecraft/mods/devilhordes-1.2.0-1.16.5.jar)
[27Aug2026 22:17:06.020] [main/DEBUG] [mixin/]: Processing prepare() for PlatformAgent[MixinPlatformAgentDefault:ContainerHandleModLauncher.Resource(devilhordes-1.2.0-1.16.5.jar:/workspaces/Antony/servidor_minecraft/mods/devilhordes-1.2.0-1.16.5.jar)]
[27Aug2026 22:17:06.021] [main/DEBUG] [mixin/]: Registering mixin config: devilhordes.mixins.json
[27Aug2026 22:17:06.022] [main/DEBUG] [mixin/]: inject() running with 39 agents
[27Aug2026 22:17:06.023] [main/DEBUG] [mixin/]: Processing inject() for PlatformAgent[MixinPlatformAgentDefault:ModLauncher Root Container(ModLauncher:4f56a0a2)]
[27Aug2026 22:17:06.024] [main/DEBUG] [mixin/]: Processing inject() for PlatformAgent[MixinPlatformAgentDefault:ContainerHandleModLauncher.Resource(forge-1.16.5-36.2.42-server.jar:/workspaces/Antony/servidor_minecraft/libraries/net/minecraftforge/forge/1.16.5-36.2.42/forge-1.16.5-36.2.42-server.jar)]
[27Aug2026 22:17:06.024] [main/DEBUG] [mixin/]: Processing inject() for PlatformAgent[MixinPlatformAgentDefault:ContainerHandleModLauncher.Resource(ftb-essentials-1605.1.5-build.32.jar:/workspaces/Antony/servidor_minecraft/mods/ftb-essentials-1605.1.5-build.32.jar)]
[27Aug2026 22:17:06.024] [main/DEBUG] [mixin/]: Processing inject() for PlatformAgent[MixinPlatformAgentDefault:ContainerHandleModLauncher.Resource(mine-mine-no-mi-1.16.5-0.10.11.jar:/workspaces/Antony/servidor_minecraft/mods/mine-mine-no-mi-1.16.5-0.10.11.jar)]
[27Aug2026 22:17:06.024] [main/DEBUG] [mixin/]: Processing inject() for PlatformAgent[MixinPlatformAgentDefault:ContainerHandleModLauncher.Resource(Jade-1.16.4-2.8.3.jar:/workspaces/Antony/servidor_minecraft/mods/Jade-1.16.4-2.8.3.jar)]
[27Aug2026 22:17:06.024] [main/DEBUG] [mixin/]: Processing inject() for PlatformAgent[MixinPlatformAgentDefault:ContainerHandleModLauncher.Resource(CreativeCore_v2.2.1_mc1.16.5.jar:/workspaces/Antony/servidor_minecraft/mods/CreativeCore_v2.2.1_mc1.16.5.jar)]
[27Aug2026 22:17:06.025] [main/DEBUG] [mixin/]: Processing inject() for PlatformAgent[MixinPlatformAgentDefault:ContainerHandleModLauncher.Resource(bountyhunters-1.1.0.jar:/workspaces/Antony/servidor_minecraft/mods/bountyhunters-1.1.0.jar)]
[27Aug2026 22:17:06.025] [main/DEBUG] [mixin/]: Processing inject() for PlatformAgent[MixinPlatformAgentDefault:ContainerHandleModLauncher.Resource(LeopardRework-1.4-1.16.5.jar:/workspaces/Antony/servidor_minecraft/mods/LeopardRework-1.4-1.16.5.jar)]
[27Aug2026 22:17:06.027] [main/DEBUG] [mixin/]: Processing inject() for PlatformAgent[MixinPlatformAgentDefault:ContainerHandleModLauncher.Resource(curios-forge-1.16.5-4.1.0.0.jar:/workspaces/Antony/servidor_minecraft/mods/curios-forge-1.16.5-4.1.0.0.jar)]
[27Aug2026 22:17:06.027] [main/DEBUG] [mixin/]: Processing inject() for PlatformAgent[MixinPlatformAgentDefault:ContainerHandleModLauncher.Resource(awakenawakennomi-0.7.1.jar:/workspaces/Antony/servidor_minecraft/mods/awakenawakennomi-0.7.1.jar)]
[27Aug2026 22:17:06.027] [main/DEBUG] [mixin/]: Processing inject() for PlatformAgent[MixinPlatformAgentDefault:ContainerHandleModLauncher.Resource(Controlling-7.0.0.31.jar:/workspaces/Antony/servidor_minecraft/mods/Controlling-7.0.0.31.jar)]
[27Aug2026 22:17:06.027] [main/DEBUG] [mixin/]: Processing inject() for PlatformAgent[MixinPlatformAgentDefault:ContainerHandleModLauncher.Resource(modernfix-forge-5.18.0+mc1.16.5.jar:/workspaces/Antony/servidor_minecraft/mods/modernfix-forge-5.18.0+mc1.16.5.jar)]
[27Aug2026 22:17:06.028] [main/DEBUG] [mixin/]: Processing inject() for PlatformAgent[MixinPlatformAgentDefault:ContainerHandleModLauncher.Resource(jei-1.16.5-7.8.0.1009.jar:/workspaces/Antony/servidor_minecraft/mods/jei-1.16.5-7.8.0.1009.jar)]
[27Aug2026 22:17:06.028] [main/DEBUG] [mixin/]: Processing inject() for PlatformAgent[MixinPlatformAgentDefault:ContainerHandleModLauncher.Resource(citadel-1.8.1-1.16.5.jar:/workspaces/Antony/servidor_minecraft/mods/citadel-1.8.1-1.16.5.jar)]
[27Aug2026 22:17:06.028] [main/DEBUG] [mixin/]: Processing inject() for PlatformAgent[MixinPlatformAgentDefault:ContainerHandleModLauncher.Resource(yokai-0.0.51.jar:/workspaces/Antony/servidor_minecraft/mods/yokai-0.0.51.jar)]
[27Aug2026 22:17:06.028] [main/DEBUG] [mixin/]: Processing inject() for PlatformAgent[MixinPlatformAgentDefault:ContainerHandleModLauncher.Resource(quickteleports-1.16.5-1.2.0-forge.jar:/workspaces/Antony/servidor_minecraft/mods/quickteleports-1.16.5-1.2.0-forge.jar)]
[27Aug2026 22:17:06.028] [main/DEBUG] [mixin/]: Processing inject() for PlatformAgent[MixinPlatformAgentDefault:ContainerHandleModLauncher.Resource(mineminenomiawakenpath-1.0.0.jar:/workspaces/Antony/servidor_minecraft/mods/mineminenomiawakenpath-1.0.0.jar)]
[27Aug2026 22:17:06.028] [main/DEBUG] [mixin/]: Processing inject() for PlatformAgent[MixinPlatformAgentDefault:ContainerHandleModLauncher.Resource(minemineextraslots-1.8-1.16.5.jar:/workspaces/Antony/servidor_minecraft/mods/minemineextraslots-1.8-1.16.5.jar)]
[27Aug2026 22:17:06.029] [main/DEBUG] [mixin/]: Processing inject() for PlatformAgent[MixinPlatformAgentDefault:ContainerHandleModLauncher.Resource(fightingstyles-1.2.5.jar:/workspaces/Antony/servidor_minecraft/mods/fightingstyles-1.2.5.jar)]
[27Aug2026 22:17:06.029] [main/DEBUG] [mixin/]: Processing inject() for PlatformAgent[MixinPlatformAgentDefault:ContainerHandleModLauncher.Resource(sophisticatedbackpacks-1.16.5-3.15.20.755.jar:/workspaces/Antony/servidor_minecraft/mods/sophisticatedbackpacks-1.16.5-3.15.20.755.jar)]
[27Aug2026 22:17:06.029] [main/DEBUG] [mixin/]: Processing inject() for PlatformAgent[MixinPlatformAgentDefault:ContainerHandleModLauncher.Resource(cartaddon-0.8.2.jar:/workspaces/Antony/servidor_minecraft/mods/cartaddon-0.8.2.jar)]
[27Aug2026 22:17:06.029] [main/DEBUG] [mixin/]: Processing inject() for PlatformAgent[MixinPlatformAgentDefault:ContainerHandleModLauncher.Resource(zitoenpiece-0.3.15.jar:/workspaces/Antony/servidor_minecraft/mods/zitoenpiece-0.3.15.jar)]
[27Aug2026 22:17:06.029] [main/DEBUG] [mixin/]: Processing inject() for PlatformAgent[MixinPlatformAgentDefault:ContainerHandleModLauncher.Resource(coroutil-forge-1.16.5-1.3.6.jar:/workspaces/Antony/servidor_minecraft/mods/coroutil-forge-1.16.5-1.3.6.jar)]
[27Aug2026 22:17:06.029] [main/DEBUG] [mixin/]: Processing inject() for PlatformAgent[MixinPlatformAgentDefault:ContainerHandleModLauncher.Resource(lazydfu-0.1.3.jar:/workspaces/Antony/servidor_minecraft/mods/lazydfu-0.1.3.jar)]
[27Aug2026 22:17:06.030] [main/DEBUG] [mixin/]: Processing inject() for PlatformAgent[MixinPlatformAgentDefault:ContainerHandleModLauncher.Resource(mvs-2.6.1.jar:/workspaces/Antony/servidor_minecraft/mods/mvs-2.6.1.jar)]
[27Aug2026 22:17:06.030] [main/DEBUG] [mixin/]: Processing inject() for PlatformAgent[MixinPlatformAgentDefault:ContainerHandleModLauncher.Resource(architectury-1.32.68.jar:/workspaces/Antony/servidor_minecraft/mods/architectury-1.32.68.jar)]
[27Aug2026 22:17:06.030] [main/DEBUG] [mixin/]: Processing inject() for PlatformAgent[MixinPlatformAgentDefault:ContainerHandleModLauncher.Resource(ftb-library-forge-1605.3.5-build.724.jar:/workspaces/Antony/servidor_minecraft/mods/ftb-library-forge-1605.3.5-build.724.jar)]
[27Aug2026 22:17:06.030] [main/DEBUG] [mixin/]: Processing inject() for PlatformAgent[MixinPlatformAgentDefault:ContainerHandleModLauncher.Resource(lootr-1.16.5-0.2.19.52.jar:/workspaces/Antony/servidor_minecraft/mods/lootr-1.16.5-0.2.19.52.jar)]
[27Aug2026 22:17:06.033] [main/DEBUG] [mixin/]: Processing inject() for PlatformAgent[MixinPlatformAgentDefault:ContainerHandleModLauncher.Resource(fruitreworks-1.3.3.jar:/workspaces/Antony/servidor_minecraft/mods/fruitreworks-1.3.3.jar)]
[27Aug2026 22:17:06.033] [main/DEBUG] [mixin/]: Processing inject() for PlatformAgent[MixinPlatformAgentDefault:ContainerHandleModLauncher.Resource(blitzraces-0.0.2-1.16.5.jar:/workspaces/Antony/servidor_minecraft/mods/blitzraces-0.0.2-1.16.5.jar)]
[27Aug2026 22:17:06.033] [main/DEBUG] [mixin/]: Processing inject() for PlatformAgent[MixinPlatformAgentDefault:ContainerHandleModLauncher.Resource(watut-forge-1.16.5-1.0.14.jar:/workspaces/Antony/servidor_minecraft/mods/watut-forge-1.16.5-1.0.14.jar)]
[27Aug2026 22:17:06.034] [main/DEBUG] [mixin/]: Processing inject() for PlatformAgent[MixinPlatformAgentDefault:ContainerHandleModLauncher.Resource(forge-1.16.5-36.2.42-universal.jar:/workspaces/Antony/servidor_minecraft/libraries/net/minecraftforge/forge/1.16.5-36.2.42/forge-1.16.5-36.2.42-universal.jar)]
[27Aug2026 22:17:06.034] [main/DEBUG] [mixin/]: Processing inject() for PlatformAgent[MixinPlatformAgentDefault:ContainerHandleModLauncher.Resource(appleskin-forge-mc1.16.x-2.5.1.jar:/workspaces/Antony/servidor_minecraft/mods/appleskin-forge-mc1.16.x-2.5.1.jar)]
[27Aug2026 22:17:06.034] [main/DEBUG] [mixin/]: Processing inject() for PlatformAgent[MixinPlatformAgentDefault:ContainerHandleModLauncher.Resource(hito_hito_nika-0.12.1.jar:/workspaces/Antony/servidor_minecraft/mods/hito_hito_nika-0.12.1.jar)]
[27Aug2026 22:17:06.034] [main/DEBUG] [mixin/]: Processing inject() for PlatformAgent[MixinPlatformAgentDefault:ContainerHandleModLauncher.Resource(PlayerRevive_v2.0.0-pre04_mc1.16.5.jar:/workspaces/Antony/servidor_minecraft/mods/PlayerRevive_v2.0.0-pre04_mc1.16.5.jar)]
[27Aug2026 22:17:06.034] [main/DEBUG] [mixin/]: Processing inject() for PlatformAgent[MixinPlatformAgentDefault:ContainerHandleModLauncher.Resource(SkinRestoreForge-1.4.jar:/workspaces/Antony/servidor_minecraft/mods/SkinRestoreForge-1.4.jar)]
[27Aug2026 22:17:06.035] [main/DEBUG] [mixin/]: Processing inject() for PlatformAgent[MixinPlatformAgentDefault:ContainerHandleModLauncher.Resource(allfruitallboxes-1.0.0.jar:/workspaces/Antony/servidor_minecraft/mods/allfruitallboxes-1.0.0.jar)]
[27Aug2026 22:17:06.035] [main/DEBUG] [mixin/]: Processing inject() for PlatformAgent[MixinPlatformAgentDefault:ContainerHandleModLauncher.Resource(hakibar-1.16.5-1.8.jar:/workspaces/Antony/servidor_minecraft/mods/hakibar-1.16.5-1.8.jar)]
[27Aug2026 22:17:06.035] [main/DEBUG] [mixin/]: Processing inject() for PlatformAgent[MixinPlatformAgentDefault:ContainerHandleModLauncher.Resource(devilhordes-1.2.0-1.16.5.jar:/workspaces/Antony/servidor_minecraft/mods/devilhordes-1.2.0-1.16.5.jar)]
[27Aug2026 22:17:06.035] [main/INFO] [cpw.mods.modlauncher.LaunchServiceHandler/MODLAUNCHER]: Launching target 'fmlserver' with arguments [--gameDir, ., nogui]
[27Aug2026 22:17:06.083] [main/DEBUG] [mixin/]: Error cleaning class output directory: .mixin.out
[27Aug2026 22:17:06.089] [main/DEBUG] [mixin/]: Preparing mixins for MixinEnvironment[DEFAULT]
[27Aug2026 22:17:06.089] [main/DEBUG] [mixin/]: Selecting config mine-mine-no-mi.mixins.json
[27Aug2026 22:17:06.096] [main/DEBUG] [mixin/]: Selecting config bountyhunters.mixins.json
[27Aug2026 22:17:06.097] [main/WARN] [mixin/]: Reference map 'bountyhunters.refmap.json' for bountyhunters.mixins.json could not be read. If this is a development environment you can ignore this message
[27Aug2026 22:17:06.098] [main/DEBUG] [mixin/]: Selecting config mineminenomiaddontemplate.mixins.json
[27Aug2026 22:17:06.099] [main/WARN] [mixin/]: Reference map 'LeopardRework.refmap.json' for mineminenomiaddontemplate.mixins.json could not be read. If this is a development environment you can ignore this message
[27Aug2026 22:17:06.099] [main/DEBUG] [mixin/]: Selecting config mixins.awaken-awaken-no-mi.json
[27Aug2026 22:17:06.100] [main/DEBUG] [mixin/]: Selecting config modernfix-common.mixins.json
[27Aug2026 22:17:06.367] [main/INFO] [ModernFix/]: Loaded configuration file for ModernFix 5.18.0+mc1.16.5: 89 options available, 0 override(s) found
[27Aug2026 22:17:06.717] [main/INFO] [ModernFix/]: Applied Forge config corruption patch
[27Aug2026 22:17:06.749] [main/DEBUG] [MixinExtras|Service/]: org.embeddedt.modernfix.forge.shadow.mixinextras.service.MixinExtrasServiceImpl(version=0.3.2) is taking over from null
[27Aug2026 22:17:06.782] [main/DEBUG] [mixin/]: Registering new injector for @Inject with org.spongepowered.asm.mixin.injection.struct.CallbackInjectionInfo
[27Aug2026 22:17:06.784] [main/DEBUG] [mixin/]: Registering new injector for @ModifyArg with org.spongepowered.asm.mixin.injection.struct.ModifyArgInjectionInfo
[27Aug2026 22:17:06.785] [main/DEBUG] [mixin/]: Registering new injector for @ModifyArgs with org.spongepowered.asm.mixin.injection.struct.ModifyArgsInjectionInfo
[27Aug2026 22:17:06.786] [main/DEBUG] [mixin/]: Registering new injector for @Redirect with org.spongepowered.asm.mixin.injection.struct.RedirectInjectionInfo
[27Aug2026 22:17:06.787] [main/DEBUG] [mixin/]: Registering new injector for @ModifyVariable with org.spongepowered.asm.mixin.injection.struct.ModifyVariableInjectionInfo
[27Aug2026 22:17:06.788] [main/DEBUG] [mixin/]: Registering new injector for @ModifyConstant with org.spongepowered.asm.mixin.injection.struct.ModifyConstantInjectionInfo
[27Aug2026 22:17:06.800] [main/DEBUG] [mixin/]: Selecting config modernfix-forge.mixins.json
[27Aug2026 22:17:06.802] [main/DEBUG] [mixin/]: Selecting config citadel.mixins.json
[27Aug2026 22:17:06.803] [main/DEBUG] [mixin/]: Selecting config yokai.mixins.json
[27Aug2026 22:17:06.804] [main/DEBUG] [mixin/]: Selecting config mixins.mineminenomi-awaken-path.json
[27Aug2026 22:17:06.804] [main/WARN] [mixin/]: Reference map 'mixins.mineminenomi-awaken-path.refmap.json' for mixins.mineminenomi-awaken-path.json could not be read. If this is a development environment you can ignore this message
[27Aug2026 22:17:06.804] [main/DEBUG] [mixin/]: Selecting config minemineextraslots.mixins.json
[27Aug2026 22:17:06.805] [main/DEBUG] [mixin/]: Selecting config fightingstyles.mixins.json
[27Aug2026 22:17:06.806] [main/DEBUG] [mixin/]: Selecting config cartaddon.mixins.json
[27Aug2026 22:17:06.806] [main/DEBUG] [mixin/]: Selecting config zitoenpiece.mixins.json
[27Aug2026 22:17:06.807] [main/DEBUG] [mixin/]: Selecting config zitoenpiece-compat.mixins.json
[27Aug2026 22:17:06.809] [main/DEBUG] [mixin/]: Selecting config coroutil.mixins.json
[27Aug2026 22:17:06.809] [main/WARN] [mixin/]: Reference map 'coroutil.refmap.json' for coroutil.mixins.json could not be read. If this is a development environment you can ignore this message
[27Aug2026 22:17:06.809] [main/DEBUG] [mixin/]: Selecting config lazydfu.mixins.json
[27Aug2026 22:17:06.810] [main/DEBUG] [mixin/]: Selecting config architectury.mixins.json
[27Aug2026 22:17:06.812] [main/DEBUG] [mixin/]: Selecting config architectury-common.mixins.json
[27Aug2026 22:17:06.814] [main/DEBUG] [mixin/]: Selecting config ftblibrary-common.mixins.json
[27Aug2026 22:17:06.814] [main/DEBUG] [mixin/]: Selecting config lootr.mixins.json
[27Aug2026 22:17:06.815] [main/DEBUG] [mixin/]: Selecting config fruitrework.mixins.json
[27Aug2026 22:17:06.816] [main/DEBUG] [mixin/]: Selecting config blitzraces.mixins.json
[27Aug2026 22:17:06.816] [main/WARN] [mixin/]: Reference map 'BlitzRaces.refmap.json' for blitzraces.mixins.json could not be read. If this is a development environment you can ignore this message
[27Aug2026 22:17:06.817] [main/DEBUG] [mixin/]: Selecting config watut.mixins.json
[27Aug2026 22:17:06.817] [main/DEBUG] [mixin/]: Selecting config hito_hito_no_mi_nika.mixin.json
[27Aug2026 22:17:06.820] [main/DEBUG] [mixin/]: Selecting config devilhordes.mixins.json
[27Aug2026 22:17:06.820] [main/WARN] [mixin/]: Reference map 'devilhordes.refmap.json' for devilhordes.mixins.json could not be read. If this is a development environment you can ignore this message
[27Aug2026 22:17:06.821] [main/DEBUG] [mixin/]: Preparing mine-mine-no-mi.mixins.json (62)
[27Aug2026 22:17:07.038] [main/DEBUG] [net.minecraftforge.coremod.transformer.CoreModBaseTransformer/COREMOD]: Transforming net/minecraft/potion/EffectInstance
[27Aug2026 22:17:07.128] [main/DEBUG] [net.minecraftforge.coremod.transformer.CoreModBaseTransformer/COREMOD]: Transforming func_82840_a with desc (Lnet/minecraft/entity/player/PlayerEntity;Lnet/minecraft/client/util/ITooltipFlag;)Ljava/util/List;
[27Aug2026 22:17:07.346] [main/DEBUG] [net.minecraftforge.coremod.transformer.CoreModBaseTransformer/COREMOD]: Transforming net/minecraft/item/ItemStack
[27Aug2026 22:17:07.500] [main/WARN] [mixin/]: Error loading class: org/valkyrienskies/core/util/assertions/stages/TickStageEnforcerImpl (java.lang.ClassNotFoundException: null)
[27Aug2026 22:17:07.501] [main/WARN] [mixin/]: @Mixin target org.valkyrienskies.core.util.assertions.stages.TickStageEnforcerImpl was not found mine-mine-no-mi.mixins.json:valkyrienskies.TickStageEnforcerImplMixin
[27Aug2026 22:17:07.531] [main/DEBUG] [mixin/]: Preparing bountyhunters.mixins.json (0)
[27Aug2026 22:17:07.531] [main/DEBUG] [mixin/]: Preparing mineminenomiaddontemplate.mixins.json (1)
[27Aug2026 22:17:07.534] [main/DEBUG] [mixin/]: Preparing mixins.awaken-awaken-no-mi.json (12)
[27Aug2026 22:17:07.548] [main/DEBUG] [mixin/]: Preparing modernfix-common.mixins.json (85)
[27Aug2026 22:17:07.563] [main/DEBUG] [ModernFix/]: No rules matched mixin 'perf.compact_mojang_registries.MappedRegistryMixin', treating as foreign and disabling!
[27Aug2026 22:17:07.692] [main/DEBUG] [mixin/]: Preparing modernfix-forge.mixins.json (91)
[27Aug2026 22:17:07.786] [main/DEBUG] [mixin/]: Preparing citadel.mixins.json (2)
[27Aug2026 22:17:07.786] [main/DEBUG] [mixin/]: Preparing yokai.mixins.json (1)
[27Aug2026 22:17:07.786] [main/DEBUG] [mixin/]: Preparing mixins.mineminenomi-awaken-path.json (0)
[27Aug2026 22:17:07.787] [main/DEBUG] [mixin/]: Preparing minemineextraslots.mixins.json (6)
[27Aug2026 22:17:07.795] [main/DEBUG] [mixin/]: Preparing fightingstyles.mixins.json (5)
[27Aug2026 22:17:07.797] [main/DEBUG] [mixin/]: Preparing cartaddon.mixins.json (39)
[27Aug2026 22:17:07.838] [main/DEBUG] [net.minecraftforge.coremod.transformer.CoreModBaseTransformer/COREMOD]: Transforming func_219970_i with desc (Lnet/minecraft/item/ItemStack;)Z
[27Aug2026 22:17:07.866] [main/DEBUG] [mixin/]: Preparing zitoenpiece.mixins.json (64)
[27Aug2026 22:17:07.893] [main/DEBUG] [mixin/]: @Mixin target xyz.pixelatedw.mineminenomi.abilities.haki.BusoshokuHakiHardeningAbility is public in zitoenpiece.mixins.json:abilityunlocks.BusoshokuHardeningUnlockMixin and should be specified in value
[27Aug2026 22:17:07.894] [main/DEBUG] [mixin/]: @Mixin target xyz.pixelatedw.mineminenomi.abilities.haki.BusoshokuHakiImbuingAbility is public in zitoenpiece.mixins.json:abilityunlocks.BusoshokuImbuingUnlockMixin and should be specified in value
[27Aug2026 22:17:07.896] [main/DEBUG] [mixin/]: @Mixin target xyz.pixelatedw.mineminenomi.abilities.haki.KenbunshokuHakiAuraAbility is public in zitoenpiece.mixins.json:abilityunlocks.KenbunshokuAuraUnlockMixin and should be specified in value
[27Aug2026 22:17:07.901] [main/DEBUG] [mixin/]: @Mixin target xyz.pixelatedw.mineminenomi.abilities.haki.HaoshokuHakiAbility is public in zitoenpiece.mixins.json:abilityunlocks.HaoshokuHakiUnlockMixin and should be specified in value
[27Aug2026 22:17:07.902] [main/DEBUG] [mixin/]: @Mixin target xyz.pixelatedw.mineminenomi.abilities.haki.HaoshokuHakiInfusionAbility is public in zitoenpiece.mixins.json:abilityunlocks.HaoshokuInfusionUnlockMixin and should be specified in value
[27Aug2026 22:17:07.903] [main/DEBUG] [mixin/]: @Mixin target xyz.pixelatedw.mineminenomi.abilities.haki.KenbunshokuHakiFutureSightAbility is public in zitoenpiece.mixins.json:abilityunlocks.KenbunshokuFutureSightUnlockMixin and should be specified in value
[27Aug2026 22:17:07.905] [main/DEBUG] [mixin/]: @Mixin target xyz.pixelatedw.mineminenomi.abilities.haki.BusoshokuHakiFullBodyHardeningAbility is public in zitoenpiece.mixins.json:abilityunlocks.BusoshokuFullBodyHardeningUnlockMixin and should be specified in value
[27Aug2026 22:17:07.906] [main/DEBUG] [mixin/]: @Mixin target xyz.pixelatedw.mineminenomi.abilities.haki.BusoshokuHakiEmissionAbility is public in zitoenpiece.mixins.json:abilityunlocks.BusoshokuEmissionUnlockMixin and should be specified in value
[27Aug2026 22:17:07.907] [main/DEBUG] [mixin/]: @Mixin target xyz.pixelatedw.mineminenomi.abilities.haki.BusoshokuHakiInternalDestructionAbility is public in zitoenpiece.mixins.json:abilityunlocks.BusoshokuInternalDestructionUnlockMixin and should be specified in value
[27Aug2026 22:17:07.908] [main/WARN] [mixin/]: Error loading class: xyz/pixelatedw/mineminenomi/data/entity/haki/HakiData (java.lang.ClassNotFoundException: null)
[27Aug2026 22:17:07.908] [main/WARN] [mixin/]: @Mixin target xyz.pixelatedw.mineminenomi.data.entity.haki.HakiData was not found zitoenpiece.mixins.json:HakiDataMixin
[27Aug2026 22:17:07.958] [main/DEBUG] [mixin/]: Preparing zitoenpiece-compat.mixins.json (3)
[27Aug2026 22:17:07.959] [main/INFO] [STDOUT/]: [net.Zitoen.zitoenpiece.mixin.ZitoenPieceMixinPlugin:shouldApplyMixin:33]: [ZitoenPieceMixinPlugin] shouldApplyMixin called for: net.Zitoen.zitoenpiece.mixin.compat.CartAddonAbilityDisableMixin -> target: net.MrMagicalCart.cartaddon.abilities.hakiextra.EffectNullificationAbility
[27Aug2026 22:17:07.960] [main/INFO] [STDOUT/]: [net.Zitoen.zitoenpiece.mixin.ZitoenPieceMixinPlugin:shouldApplyMixin:35]: [ZitoenPieceMixinPlugin] CartAddon mixin, applying: true
[27Aug2026 22:17:07.961] [main/INFO] [STDOUT/]: [net.Zitoen.zitoenpiece.mixin.ZitoenPieceMixinPlugin:shouldApplyMixin:33]: [ZitoenPieceMixinPlugin] shouldApplyMixin called for: net.Zitoen.zitoenpiece.mixin.compat.CartAddonAbilityDisableMixin -> target: net.MrMagicalCart.cartaddon.abilities.hakiextra.ObservationKillerAbility
[27Aug2026 22:17:07.961] [main/INFO] [STDOUT/]: [net.Zitoen.zitoenpiece.mixin.ZitoenPieceMixinPlugin:shouldApplyMixin:35]: [ZitoenPieceMixinPlugin] CartAddon mixin, applying: true
[27Aug2026 22:17:07.962] [main/INFO] [STDOUT/]: [net.Zitoen.zitoenpiece.mixin.ZitoenPieceMixinPlugin:shouldApplyMixin:33]: [ZitoenPieceMixinPlugin] shouldApplyMixin called for: net.Zitoen.zitoenpiece.mixin.compat.YokaiImmortalityAccessor -> target: net.MagicalBlitz.revamp.abilities.abyss.ImmortalityAbility
[27Aug2026 22:17:07.963] [main/INFO] [STDOUT/]: [net.Zitoen.zitoenpiece.mixin.ZitoenPieceMixinPlugin:shouldApplyMixin:39]: [ZitoenPieceMixinPlugin] Yokai mixin, applying: true
[27Aug2026 22:17:07.964] [main/INFO] [STDOUT/]: [net.Zitoen.zitoenpiece.mixin.ZitoenPieceMixinPlugin:shouldApplyMixin:33]: [ZitoenPieceMixinPlugin] shouldApplyMixin called for: net.Zitoen.zitoenpiece.mixin.compat.YokaiDeepSeaAccessor -> target: net.MagicalBlitz.revamp.abilities.abyss.DeepSeaPassiveBonusesAbility
[27Aug2026 22:17:07.964] [main/INFO] [STDOUT/]: [net.Zitoen.zitoenpiece.mixin.ZitoenPieceMixinPlugin:shouldApplyMixin:39]: [ZitoenPieceMixinPlugin] Yokai mixin, applying: true
[27Aug2026 22:17:07.967] [main/WARN] [mixin/]: Error loading class: net/MrMagicalCart/cartaddon/abilities/hakiextra/EffectNullificationAbility (java.lang.ClassNotFoundException: null)
[27Aug2026 22:17:07.967] [main/DEBUG] [mixin/]: Skipping virtual target net.MrMagicalCart.cartaddon.abilities.hakiextra.EffectNullificationAbility for zitoenpiece-compat.mixins.json:CartAddonAbilityDisableMixin
[27Aug2026 22:17:07.968] [main/WARN] [mixin/]: Error loading class: net/MrMagicalCart/cartaddon/abilities/hakiextra/ObservationKillerAbility (java.lang.ClassNotFoundException: null)
[27Aug2026 22:17:07.968] [main/DEBUG] [mixin/]: Skipping virtual target net.MrMagicalCart.cartaddon.abilities.hakiextra.ObservationKillerAbility for zitoenpiece-compat.mixins.json:CartAddonAbilityDisableMixin
[27Aug2026 22:17:07.970] [main/DEBUG] [mixin/]: Preparing coroutil.mixins.json (0)
[27Aug2026 22:17:07.973] [main/DEBUG] [mixin/]: Preparing lazydfu.mixins.json (1)
[27Aug2026 22:17:07.973] [main/DEBUG] [mixin/]: Preparing architectury.mixins.json (18)
[27Aug2026 22:17:07.995] [main/DEBUG] [mixin/]: Preparing architectury-common.mixins.json (6)
[27Aug2026 22:17:08.009] [main/DEBUG] [mixin/]: Preparing ftblibrary-common.mixins.json (4)
[27Aug2026 22:17:08.014] [main/DEBUG] [mixin/]: Preparing lootr.mixins.json (3)
[27Aug2026 22:17:08.015] [main/DEBUG] [mixin/]: Preparing fruitrework.mixins.json (5)
[27Aug2026 22:17:08.016] [main/DEBUG] [mixin/]: Preparing blitzraces.mixins.json (0)
[27Aug2026 22:17:08.016] [main/DEBUG] [mixin/]: Preparing watut.mixins.json (3)
[27Aug2026 22:17:08.017] [main/DEBUG] [mixin/]: Preparing hito_hito_no_mi_nika.mixin.json (5)
[27Aug2026 22:17:08.033] [main/DEBUG] [mixin/]: Preparing devilhordes.mixins.json (0)
[27Aug2026 22:17:08.193] [main/DEBUG] [mixin/]: Prepared 252 mixins in 2.102 sec (8.3ms avg) (0ms load, 0ms transform, 0ms plugin)
[27Aug2026 22:17:08.268] [main/INFO] [MixinExtras|Service/]: Initializing MixinExtras via org.embeddedt.modernfix.forge.shadow.mixinextras.service.MixinExtrasServiceImpl(version=0.3.2).
[27Aug2026 22:17:08.269] [main/DEBUG] [mixin/]: Registering new injector for @SugarWrapper with org.embeddedt.modernfix.forge.shadow.mixinextras.sugar.impl.SugarWrapperInjectionInfo
[27Aug2026 22:17:08.269] [main/DEBUG] [mixin/]: Registering new injector for @FactoryRedirectWrapper with org.embeddedt.modernfix.forge.shadow.mixinextras.wrapper.factory.FactoryRedirectWrapperInjectionInfo
[27Aug2026 22:17:08.274] [main/DEBUG] [mixin/]: Mixing ResourceLocationMixin from ftblibrary-common.mixins.json into net.minecraft.util.ResourceLocation
[27Aug2026 22:17:08.445] [main/DEBUG] [mixin/]: Mixing perf.boost_worker_count.UtilMixin from modernfix-common.mixins.json into net.minecraft.util.Util
[27Aug2026 22:17:08.458] [main/DEBUG] [mixin/]: Mixing perf.thread_priorities.UtilMixin from modernfix-common.mixins.json into net.minecraft.util.Util
[27Aug2026 22:17:08.458] [main/DEBUG] [mixin/]: Renaming synthetic method lambda$adjustPriorityOfThreadFactory$0(Ljava/util/concurrent/ForkJoinPool$ForkJoinWorkerThreadFactory;Ljava/util/concurrent/ForkJoinPool;)Ljava/util/concurrent/ForkJoinWorkerThread; to md61ad08$lambda$adjustPriorityOfThreadFactory$0$0 in modernfix-common.mixins.json:perf.thread_priorities.UtilMixin
[27Aug2026 22:17:08.499] [main/DEBUG] [mixin/]: Mixing feature.measure_time.BootstrapMixin from modernfix-common.mixins.json into net.minecraft.util.registry.Bootstrap
[27Aug2026 22:17:08.510] [main/DEBUG] [mixin/]: Mixing core.BootstrapMixin from modernfix-forge.mixins.json into net.minecraft.util.registry.Bootstrap
[27Aug2026 22:17:08.529] [main/INFO] [net.minecraft.util.registry.Bootstrap/]: ModernFix reached bootstrap stage (5.882 s after launch)
[27Aug2026 22:17:08.538] [main/DEBUG] [mixin/]: Mixing perf.mojang_registry_size.MappedRegistryMixin from modernfix-common.mixins.json into net.minecraft.util.registry.SimpleRegistry
[27Aug2026 22:17:08.563] [main/DEBUG] [mixin/]: Mixing perf.mojang_registry_size.ResourceKeyMixin from modernfix-common.mixins.json into net.minecraft.util.RegistryKey
[27Aug2026 22:17:08.563] [main/DEBUG] [mixin/]: Renaming synthetic method lambda$createEfficient$0(Lnet/minecraft/util/ResourceLocation;)Ljava/util/Map; to md61ad08$lambda$createEfficient$0$0 in modernfix-common.mixins.json:perf.mojang_registry_size.ResourceKeyMixin
[27Aug2026 22:17:08.604] [main/DEBUG] [mixin/]: Mixing perf.reduce_blockstate_cache_rebuilds.GameDataMixin from modernfix-forge.mixins.json into net.minecraftforge.registries.GameData
[27Aug2026 22:17:08.635] [main/DEBUG] [mixin/]: Mixing perf.fast_registry_validation.ForgeRegistryMixin from modernfix-forge.mixins.json into net.minecraftforge.registries.ForgeRegistry
[27Aug2026 22:17:08.661] [main/DEBUG] [mixin/]: Mixing BlockMixin from mine-mine-no-mi.mixins.json into net.minecraft.block.Block
[27Aug2026 22:17:08.678] [main/DEBUG] [mixin/]: Mixing BlockPlayerDestroyMixin from cartaddon.mixins.json into net.minecraft.block.Block
[27Aug2026 22:17:08.725] [main/DEBUG] [mixin/]: Mixing perf.reduce_blockstate_cache_rebuilds.BlockCallbacksMixin from modernfix-forge.mixins.json into net.minecraftforge.registries.GameData$BlockCallbacks
[27Aug2026 22:17:08.774] [main/DEBUG] [net.minecraftforge.coremod.transformer.CoreModBaseTransformer/COREMOD]: Transforming func_219970_i with desc (Lnet/minecraft/item/ItemStack;)Z
[27Aug2026 22:17:08.775] [main/DEBUG] [mixin/]: Mixing BakuStomachMixin from cartaddon.mixins.json into net.minecraft.item.Item
[27Aug2026 22:17:08.780] [main/DEBUG] [mixin/]: Mixing ItemMixin from ftblibrary-common.mixins.json into net.minecraft.item.Item
[27Aug2026 22:17:08.803] [main/DEBUG] [mixin/]: Mixing EffectMixin from mine-mine-no-mi.mixins.json into net.minecraft.potion.Effect
[27Aug2026 22:17:08.835] [main/DEBUG] [mixin/]: Mixing perf.dynamic_dfu.BlockEntityTypeMixin from modernfix-common.mixins.json into net.minecraft.tileentity.TileEntityType
[27Aug2026 22:17:08.869] [main/DEBUG] [mixin/]: Mixing perf.remove_biome_temperature_cache.BiomeMixin from modernfix-common.mixins.json into net.minecraft.world.biome.Biome
[27Aug2026 22:17:08.922] [main/DEBUG] [mixin/]: Mixing perf.reduce_blockstate_cache_rebuilds.BlocksMixin from modernfix-common.mixins.json into net.minecraft.block.Blocks
[27Aug2026 22:17:08.923] [main/DEBUG] [mixin/]: Renaming synthetic method lambda$getEmptyConsumer$0(Ljava/lang/Object;)V to md61ad08$lambda$getEmptyConsumer$0$0 in modernfix-common.mixins.json:perf.reduce_blockstate_cache_rebuilds.BlocksMixin
[27Aug2026 22:17:08.948] [main/DEBUG] [net.minecraftforge.coremod.transformer.CoreModBaseTransformer/COREMOD]: Transforming net/minecraft/block/FlowingFluidBlock
[27Aug2026 22:17:08.991] [main/DEBUG] [mixin/]: Mixing BlockLandingInvoker from architectury-common.mixins.json into net.minecraft.block.FallingBlock
[27Aug2026 22:17:09.058] [main/DEBUG] [net.minecraftforge.coremod.transformer.CoreModBaseTransformer/COREMOD]: Transforming net/minecraft/block/StairsBlock
[27Aug2026 22:17:09.094] [main/DEBUG] [mixin/]: Mixing MotherFlameRedstoneMixin from cartaddon.mixins.json into net.minecraft.block.RedstoneWireBlock
[27Aug2026 22:17:09.136] [main/DEBUG] [net.minecraftforge.coremod.transformer.CoreModBaseTransformer/COREMOD]: Transforming func_225533_a_ with desc (Lnet/minecraft/block/BlockState;Lnet/minecraft/world/World;Lnet/minecraft/util/math/BlockPos;Lnet/minecraft/entity/player/PlayerEntity;Lnet/minecraft/util/Hand;Lnet/minecraft/util/math/BlockRayTraceResult;)Lnet/minecraft/util/ActionResultType;
[27Aug2026 22:17:09.165] [main/DEBUG] [net.minecraftforge.coremod.transformer.CoreModBaseTransformer/COREMOD]: Transforming func_176208_a with desc (Lnet/minecraft/world/World;Lnet/minecraft/util/math/BlockPos;Lnet/minecraft/block/BlockState;Lnet/minecraft/entity/player/PlayerEntity;)V
[27Aug2026 22:17:09.170] [main/DEBUG] [mixin/]: Mixing perf.deduplicate_wall_shapes.WallBlockMixin from modernfix-common.mixins.json into net.minecraft.block.WallBlock
[27Aug2026 22:17:09.196] [main/DEBUG] [net.minecraftforge.coremod.transformer.CoreModBaseTransformer/COREMOD]: Transforming net/minecraft/block/FlowerPotBlock
[27Aug2026 22:17:09.215] [main/DEBUG] [mixin/]: Mixing BlockLandingInvoker from architectury-common.mixins.json into net.minecraft.block.AnvilBlock
[27Aug2026 22:17:09.236] [main/DEBUG] [mixin/]: Mixing BlockLandingInvoker from architectury-common.mixins.json into net.minecraft.block.ConcretePowderBlock
[27Aug2026 22:17:09.263] [main/DEBUG] [net.minecraftforge.coremod.transformer.CoreModBaseTransformer/COREMOD]: Transforming func_225533_a_ with desc (Lnet/minecraft/block/BlockState;Lnet/minecraft/world/World;Lnet/minecraft/util/math/BlockPos;Lnet/minecraft/entity/player/PlayerEntity;Lnet/minecraft/util/Hand;Lnet/minecraft/util/math/BlockRayTraceResult;)Lnet/minecraft/util/ActionResultType;
[27Aug2026 22:17:09.273] [main/DEBUG] [mixin/]: Mixing perf.model_optimizations.PropertyMixin from modernfix-common.mixins.json into net.minecraft.state.Property
[27Aug2026 22:17:09.277] [main/DEBUG] [mixin/]: Mixing perf.model_optimizations.BooleanPropertyMixin from modernfix-common.mixins.json into net.minecraft.state.BooleanProperty
[27Aug2026 22:17:09.287] [main/DEBUG] [mixin/]: Mixing bugfix.chunk_deadlock.BlockStateBaseMixin from modernfix-common.mixins.json into net.minecraft.block.AbstractBlock$AbstractBlockState
[27Aug2026 22:17:09.288] [main/DEBUG] [mixin/]: Mixing AbstractBlockStateMixin from mine-mine-no-mi.mixins.json into net.minecraft.block.AbstractBlock$AbstractBlockState
[27Aug2026 22:17:09.295] [main/DEBUG] [mixin/]: Mixing perf.reduce_blockstate_cache_rebuilds.BlockStateBaseMixin from modernfix-common.mixins.json into net.minecraft.block.AbstractBlock$AbstractBlockState
[27Aug2026 22:17:09.314] [main/DEBUG] [mixin/]: Mixing perf.mojang_registry_size.StateHolderMixin from modernfix-common.mixins.json into net.minecraft.state.StateHolder
[27Aug2026 22:17:09.327] [main/DEBUG] [mixin/]: Mixing EntityMixin from mine-mine-no-mi.mixins.json into net.minecraft.entity.Entity
[27Aug2026 22:17:09.332] [main/DEBUG] [mixin/]: Mixing EntityDataAccessor from fightingstyles.mixins.json into net.minecraft.entity.Entity
[27Aug2026 22:17:09.333] [main/DEBUG] [mixin/]: Mixing EntityWetByAOWRainCloudMixin from cartaddon.mixins.json into net.minecraft.entity.Entity
[27Aug2026 22:17:09.336] [main/DEBUG] [mixin/]: Mixing EntityIsAlliedToNullGuardMixin from zitoenpiece.mixins.json into net.minecraft.entity.Entity
[27Aug2026 22:17:09.337] [main/DEBUG] [mixin/]: Mixing EntityMixin from fruitrework.mixins.json into net.minecraft.entity.Entity
[27Aug2026 22:17:09.366] [main/DEBUG] [mixin/]: Mixing LivingEntityMixin from mine-mine-no-mi.mixins.json into net.minecraft.entity.LivingEntity
[27Aug2026 22:17:09.379] [main/DEBUG] [mixin/]: Mixing ILivingEntityMixin from mine-mine-no-mi.mixins.json into net.minecraft.entity.LivingEntity
[27Aug2026 22:17:09.380] [main/DEBUG] [mixin/]: Mixing perf.forge_cap_retrieval.LivingEntityMixin from modernfix-forge.mixins.json into net.minecraft.entity.LivingEntity
[27Aug2026 22:17:09.380] [main/DEBUG] [mixin/]: Mixing LivingEntityMixin from citadel.mixins.json into net.minecraft.entity.LivingEntity
[27Aug2026 22:17:09.384] [main/DEBUG] [mixin/]: Mixing LivingEntityMixin from fruitrework.mixins.json into net.minecraft.entity.LivingEntity
[27Aug2026 22:17:09.405] [main/DEBUG] [mixin/]: ArgsClassGenerator assigning org.spongepowered.asm.synthetic.args.Args$1 for descriptor (Lnet/minecraft/entity/LivingEntity;Lnet/minecraft/util/DamageSource;F)V
[27Aug2026 22:17:09.435] [main/DEBUG] [mixin/]: Mixing WorldMixin from mine-mine-no-mi.mixins.json into net.minecraft.world.World
[27Aug2026 22:17:09.440] [main/DEBUG] [mixin/]: Mixing MixinWorld from lootr.mixins.json into net.minecraft.world.World
[27Aug2026 22:17:09.457] [main/DEBUG] [mixin/]: Mixing IServerWorldMixin from mine-mine-no-mi.mixins.json into net.minecraft.world.server.ServerWorld
[27Aug2026 22:17:09.457] [main/DEBUG] [mixin/]: Mixing ServerWorldMixin from mine-mine-no-mi.mixins.json into net.minecraft.world.server.ServerWorld
[27Aug2026 22:17:09.458] [main/DEBUG] [mixin/]: Mixing bugfix.chunk_deadlock.ServerLevelMixin from modernfix-common.mixins.json into net.minecraft.world.server.ServerWorld
[27Aug2026 22:17:09.458] [main/DEBUG] [mixin/]: Mixing perf.cache_strongholds.ServerLevelMixin from modernfix-common.mixins.json into net.minecraft.world.server.ServerWorld
[27Aug2026 22:17:09.460] [main/DEBUG] [mixin/]: Renaming synthetic method lambda$addStrongholdCache$0()Lorg/embeddedt/modernfix/world/StrongholdLocationCache; to md61ad08$lambda$addStrongholdCache$0$0 in modernfix-common.mixins.json:perf.cache_strongholds.ServerLevelMixin
[27Aug2026 22:17:09.463] [main/DEBUG] [mixin/]: Mixing bugfix.entity_load_deadlock.ServerLevelMixin from modernfix-forge.mixins.json into net.minecraft.world.server.ServerWorld
[27Aug2026 22:17:09.495] [main/DEBUG] [mixin/]: Mixing PlayerEntityMixin from mine-mine-no-mi.mixins.json into net.minecraft.entity.player.PlayerEntity
[27Aug2026 22:17:09.505] [main/DEBUG] [mixin/]: Mixing PlayerNameMixin from zitoenpiece.mixins.json into net.minecraft.entity.player.PlayerEntity
[27Aug2026 22:17:09.592] [main/DEBUG] [mixin/]: Mixing perf.cache_strongholds.ChunkGeneratorMixin from modernfix-common.mixins.json into net.minecraft.world.gen.ChunkGenerator
[27Aug2026 22:17:09.622] [main/DEBUG] [mixin/]: Mixing perf.forge_registry_lambda.RegistryDelegateMixin from modernfix-forge.mixins.json into net.minecraftforge.registries.RegistryDelegate
[27Aug2026 22:17:09.739] [main/DEBUG] [mixin/]: Mixing FlowingFluidMixin from mine-mine-no-mi.mixins.json into net.minecraft.fluid.FlowingFluid
[27Aug2026 22:17:09.749] [main/DEBUG] [mixin/]: Mixing FluidTagsAccessor from architectury-common.mixins.json into net.minecraft.tags.FluidTags
[27Aug2026 22:17:09.750] [main/DEBUG] [mixin/]: Renaming @Accessor method getHelper()Lnet/minecraft/tags/TagRegistry; to getHelper_$md$61ad08$0 in architectury-common.mixins.json:FluidTagsAccessor
[27Aug2026 22:17:09.766] [main/DEBUG] [mixin/]: Mixing FallingBlockEntityMixin from mine-mine-no-mi.mixins.json into net.minecraft.entity.item.FallingBlockEntity
[27Aug2026 22:17:09.788] [main/DEBUG] [mixin/]: Mixing MixinBlockEntity from architectury.mixins.json into net.minecraft.tileentity.TileEntity
[27Aug2026 22:17:09.872] [main/DEBUG] [mixin/]: Mixing bugfix.concurrency.StaticTagHelperMixin from modernfix-common.mixins.json into net.minecraft.tags.TagRegistry
[27Aug2026 22:17:09.925] [main/DEBUG] [mixin/]: Mixing RangedAttributeMixin from mine-mine-no-mi.mixins.json into net.minecraft.entity.ai.attributes.RangedAttribute
[27Aug2026 22:17:10.156] [main/DEBUG] [mixin/]: Mixing ContainerMixin from mine-mine-no-mi.mixins.json into net.minecraft.inventory.container.Container
[27Aug2026 22:17:10.163] [main/DEBUG] [mixin/]: Mixing WorkbenchContainerMixin from mine-mine-no-mi.mixins.json into net.minecraft.inventory.container.WorkbenchContainer
[27Aug2026 22:17:10.211] [main/DEBUG] [net.minecraftforge.coremod.transformer.CoreModBaseTransformer/COREMOD]: Transforming func_230254_b_ with desc (Lnet/minecraft/entity/player/PlayerEntity;Lnet/minecraft/util/Hand;)Lnet/minecraft/util/ActionResultType;
[27Aug2026 22:17:10.217] [main/DEBUG] [mixin/]: Mixing MobEntityMixin from mine-mine-no-mi.mixins.json into net.minecraft.entity.MobEntity
[27Aug2026 22:17:10.217] [main/DEBUG] [mixin/]: Renaming synthetic method lambda$updateEntityActionState$1(Lnet/minecraft/potion/Effect;)Z to md61ad08$lambda$updateEntityActionState$1$0 in mine-mine-no-mi.mixins.json:MobEntityMixin
[27Aug2026 22:17:10.218] [main/DEBUG] [mixin/]: Renaming synthetic method lambda$updateEntityActionState$0(Lnet/minecraft/potion/Effect;)Z to md61ad08$lambda$updateEntityActionState$0$1 in mine-mine-no-mi.mixins.json:MobEntityMixin
[27Aug2026 22:17:10.593] [main/DEBUG] [net.minecraftforge.coremod.transformer.CoreModBaseTransformer/COREMOD]: Transforming func_82846_b with desc (Lnet/minecraft/entity/player/PlayerEntity;I)Lnet/minecraft/item/ItemStack;
[27Aug2026 22:17:10.606] [main/DEBUG] [mixin/]: Mixing SmithingTableContainerMixin from mine-mine-no-mi.mixins.json into net.minecraft.inventory.container.SmithingTableContainer
[27Aug2026 22:17:10.608] [main/DEBUG] [mixin/]: Renaming synthetic method lambda$onTake$0(Lnet/minecraft/world/World;Lnet/minecraft/util/math/BlockPos;)V to md61ad08$lambda$onTake$0$0 in mine-mine-no-mi.mixins.json:SmithingTableContainerMixin
[27Aug2026 22:17:10.749] [main/DEBUG] [mixin/]: Mixing AreaEffectCloudEntityMixin from mine-mine-no-mi.mixins.json into net.minecraft.entity.AreaEffectCloudEntity
[27Aug2026 22:17:10.759] [main/DEBUG] [mixin/]: Mixing perf.dynamic_dfu.EntityTypeBuilderMixin from modernfix-common.mixins.json into net.minecraft.entity.EntityType$Builder
[27Aug2026 22:17:10.804] [main/DEBUG] [mixin/]: Mixing BoatEntityMixin from mine-mine-no-mi.mixins.json into net.minecraft.entity.item.BoatEntity
[27Aug2026 22:17:10.807] [main/DEBUG] [mixin/]: Mixing BoatEntityMixin from fightingstyles.mixins.json into net.minecraft.entity.item.BoatEntity
[27Aug2026 22:17:10.809] [main/DEBUG] [mixin/]: Mixing BoatEntityDropMixin from fightingstyles.mixins.json into net.minecraft.entity.item.BoatEntity
[27Aug2026 22:17:10.832] [main/DEBUG] [mixin/]: Mixing MixinCatSitOnBlockGoal from lootr.mixins.json into net.minecraft.entity.ai.goal.CatSitOnBlockGoal
[27Aug2026 22:17:10.857] [main/DEBUG] [mixin/]: Mixing perf.async_locator.DolphinSwimToTreasureGoalMixin from modernfix-forge.mixins.json into net.minecraft.entity.passive.DolphinEntity$SwimToTreasureGoal
[27Aug2026 22:17:10.858] [main/DEBUG] [mixin/]: Renaming synthetic method lambda$handleFindTreasureAsync$0(Lnet/minecraft/world/server/ServerWorld;Lnet/minecraft/util/math/BlockPos;)V to md61ad08$lambda$handleFindTreasureAsync$0$0 in modernfix-forge.mixins.json:perf.async_locator.DolphinSwimToTreasureGoalMixin
[27Aug2026 22:17:10.879] [main/DEBUG] [mixin/]: Mixing bugfix.remove_block_chunkloading.RemoveBlockGoalMixin from modernfix-forge.mixins.json into net.minecraft.entity.ai.goal.BreakBlockGoal
[27Aug2026 22:17:10.980] [main/DEBUG] [mixin/]: Mixing perf.async_locator.EyeOfEnderAccess from modernfix-forge.mixins.json into net.minecraft.entity.projectile.EyeOfEnderEntity
[27Aug2026 22:17:10.981] [main/DEBUG] [mixin/]: Mixing perf.async_locator.EyeOfEnderMixin from modernfix-forge.mixins.json into net.minecraft.entity.projectile.EyeOfEnderEntity
[27Aug2026 22:17:11.015] [main/DEBUG] [net.minecraftforge.coremod.transformer.CoreModBaseTransformer/COREMOD]: Transforming func_82840_a with desc (Lnet/minecraft/entity/player/PlayerEntity;Lnet/minecraft/client/util/ITooltipFlag;)Ljava/util/List;
[27Aug2026 22:17:11.047] [main/DEBUG] [net.minecraftforge.coremod.transformer.CoreModBaseTransformer/COREMOD]: Transforming net/minecraft/item/ItemStack
[27Aug2026 22:17:11.050] [main/DEBUG] [mixin/]: Mixing ItemStackMixin from mine-mine-no-mi.mixins.json into net.minecraft.item.ItemStack
[27Aug2026 22:17:11.051] [main/DEBUG] [mixin/]: Mixing bugfix.item_cache_flag.ItemStackMixin from modernfix-common.mixins.json into net.minecraft.item.ItemStack
[27Aug2026 22:17:11.067] [main/DEBUG] [net.minecraftforge.coremod.transformer.CoreModBaseTransformer/COREMOD]: Transforming func_110131_b with desc (Lnet/minecraft/item/ItemStack;)V
[27Aug2026 22:17:11.071] [main/DEBUG] [mixin/]: Mixing LightningBoltEntityMixin from mine-mine-no-mi.mixins.json into net.minecraft.entity.effect.LightningBoltEntity
[27Aug2026 22:17:11.072] [main/DEBUG] [mixin/]: Mixing MixinLightningBolt from architectury-common.mixins.json into net.minecraft.entity.effect.LightningBoltEntity
[27Aug2026 22:17:11.127] [main/DEBUG] [net.minecraftforge.coremod.transformer.CoreModBaseTransformer/COREMOD]: Transforming func_230254_b_ with desc (Lnet/minecraft/entity/player/PlayerEntity;Lnet/minecraft/util/Hand;)Lnet/minecraft/util/ActionResultType;
[27Aug2026 22:17:11.156] [main/DEBUG] [net.minecraftforge.coremod.transformer.CoreModBaseTransformer/COREMOD]: Transforming func_230280_a_ with desc (Lnet/minecraft/item/ShootableItem;)Z
[27Aug2026 22:17:11.157] [main/DEBUG] [net.minecraftforge.coremod.transformer.CoreModBaseTransformer/COREMOD]: Transforming func_208003_a with desc (Lnet/minecraft/item/ItemStack;Lnet/minecraft/item/ItemStack;)Z
[27Aug2026 22:17:11.163] [main/DEBUG] [net.minecraftforge.coremod.transformer.CoreModBaseTransformer/COREMOD]: Transforming func_230280_a_ with desc (Lnet/minecraft/item/ShootableItem;)Z
[27Aug2026 22:17:11.163] [main/DEBUG] [net.minecraftforge.coremod.transformer.CoreModBaseTransformer/COREMOD]: Transforming func_241844_w with desc (F)V
[27Aug2026 22:17:11.178] [main/DEBUG] [net.minecraftforge.coremod.transformer.CoreModBaseTransformer/COREMOD]: Transforming func_230254_b_ with desc (Lnet/minecraft/entity/player/PlayerEntity;Lnet/minecraft/util/Hand;)Lnet/minecraft/util/ActionResultType;
[27Aug2026 22:17:11.187] [main/DEBUG] [net.minecraftforge.coremod.transformer.CoreModBaseTransformer/COREMOD]: Transforming func_85036_m with desc ()V
[27Aug2026 22:17:11.190] [main/DEBUG] [net.minecraftforge.coremod.transformer.CoreModBaseTransformer/COREMOD]: Transforming func_230280_a_ with desc (Lnet/minecraft/item/ShootableItem;)Z
[27Aug2026 22:17:11.215] [main/DEBUG] [mixin/]: Mixing VillagerMixin from architectury-common.mixins.json into net.minecraft.entity.merchant.villager.VillagerEntity
[27Aug2026 22:17:11.225] [main/DEBUG] [mixin/]: Mixing AbstractVillagerMixin from architectury-common.mixins.json into net.minecraft.entity.merchant.villager.AbstractVillagerEntity
[27Aug2026 22:17:11.239] [main/DEBUG] [mixin/]: Mixing WanderingTraderMixin from architectury-common.mixins.json into net.minecraft.entity.merchant.villager.WanderingTraderEntity
[27Aug2026 22:17:11.306] [main/DEBUG] [mixin/]: Mixing MixinWorldEvent from architectury.mixins.json into net.minecraftforge.event.world.WorldEvent
[27Aug2026 22:17:11.384] [main/DEBUG] [mixin/]: Mixing perf.nbt_memory_usage.CompoundTagMixin from modernfix-common.mixins.json into net.minecraft.nbt.CompoundNBT
[27Aug2026 22:17:11.397] [main/DEBUG] [mixin/]: Mixing perf.nbt_memory_usage.CompoundTag1Mixin from modernfix-common.mixins.json into net.minecraft.nbt.CompoundNBT$1
[27Aug2026 22:17:11.454] [main/DEBUG] [mixin/]: Mixing MobSpawnSettingsBuilderAccessor from architectury.mixins.json into net.minecraft.world.biome.MobSpawnInfo$Builder
[27Aug2026 22:17:11.458] [main/DEBUG] [mixin/]: Mixing BiomeGenerationSettingsBuilderAccessor from architectury.mixins.json into net.minecraft.world.biome.BiomeGenerationSettings$Builder
[27Aug2026 22:17:11.549] [main/DEBUG] [net.minecraftforge.coremod.transformer.CoreModBaseTransformer/COREMOD]: Transforming func_92089_a with desc (Lnet/minecraft/item/ItemStack;)Z
[27Aug2026 22:17:11.580] [main/DEBUG] [net.minecraftforge.coremod.transformer.CoreModBaseTransformer/COREMOD]: Transforming net/minecraft/item/BucketItem
[27Aug2026 22:17:11.596] [main/DEBUG] [mixin/]: Mixing BoatItemMixin from mine-mine-no-mi.mixins.json into net.minecraft.item.BoatItem
[27Aug2026 22:17:11.601] [main/DEBUG] [mixin/]: Mixing BoatItemMixin from fightingstyles.mixins.json into net.minecraft.item.BoatItem
[27Aug2026 22:17:11.609] [main/DEBUG] [net.minecraftforge.coremod.transformer.CoreModBaseTransformer/COREMOD]: Transforming net/minecraft/item/FishBucketItem
[27Aug2026 22:17:11.631] [main/DEBUG] [mixin/]: Mixing perf.async_locator.MapItemAccess from modernfix-forge.mixins.json into net.minecraft.item.FilledMapItem
[27Aug2026 22:17:11.632] [main/DEBUG] [mixin/]: Renaming @Invoker method callCreateAndStoreSavedData(Lnet/minecraft/item/ItemStack;Lnet/minecraft/world/World;IIIZZLnet/minecraft/util/RegistryKey;)Lnet/minecraft/world/storage/MapData; to callCreateAndStoreSavedData_$md$61ad08$0 in modernfix-forge.mixins.json:perf.async_locator.MapItemAccess
[27Aug2026 22:17:11.640] [main/DEBUG] [mixin/]: Mixing perf.async_locator.EnderEyeItemMixin from modernfix-forge.mixins.json into net.minecraft.item.EnderEyeItem
[27Aug2026 22:17:11.663] [main/DEBUG] [net.minecraftforge.coremod.transformer.CoreModBaseTransformer/COREMOD]: Transforming func_220013_l with desc (Lnet/minecraft/item/ItemStack;)F
[27Aug2026 22:17:11.698] [main/DEBUG] [net.minecraftforge.coremod.transformer.CoreModBaseTransformer/COREMOD]: Transforming net/minecraft/potion/EffectInstance
[27Aug2026 22:17:11.701] [main/DEBUG] [mixin/]: Mixing EffectInstanceMixin from mine-mine-no-mi.mixins.json into net.minecraft.potion.EffectInstance
[27Aug2026 22:17:11.717] [main/DEBUG] [net.minecraftforge.coremod.transformer.CoreModBaseTransformer/COREMOD]: Transforming func_234600_a_ with desc (Lnet/minecraft/entity/player/PlayerEntity;)Z
[27Aug2026 22:17:11.764] [main/DEBUG] [mixin/]: Mixing perf.dynamic_structure_manager.StructureManagerMixin from modernfix-common.mixins.json into net.minecraft.world.gen.feature.template.TemplateManager
[27Aug2026 22:17:11.766] [main/DEBUG] [mixin/]: Mixing perf.cache_upgraded_structures.StructureManagerMixin from modernfix-common.mixins.json into net.minecraft.world.gen.feature.template.TemplateManager
[27Aug2026 22:17:11.783] [main/DEBUG] [mixin/]: Mixing perf.async_locator.SlotMixin from modernfix-forge.mixins.json into net.minecraft.inventory.container.Slot
[27Aug2026 22:17:11.792] [main/DEBUG] [net.minecraftforge.coremod.transformer.CoreModBaseTransformer/COREMOD]: Transforming func_75214_a with desc (Lnet/minecraft/item/ItemStack;)Z
[27Aug2026 22:17:11.839] [main/DEBUG] [mixin/]: Mixing perf.async_locator.SetNameFunctionMixin from modernfix-forge.mixins.json into net.minecraft.loot.functions.SetName
[27Aug2026 22:17:11.842] [main/DEBUG] [mixin/]: Mixing perf.async_locator.ExplorationMapFunctionMixin from modernfix-forge.mixins.json into net.minecraft.loot.functions.ExplorationMap
[27Aug2026 22:17:12.006] [main/INFO] [net.minecraft.util.registry.Bootstrap/]: Vanilla bootstrap took 3474 milliseconds
[27Aug2026 22:17:12.011] [main/DEBUG] [mixin/]: Mixing perf.dedicated_reload_executor.MinecraftServerMixin from modernfix-common.mixins.json into net.minecraft.server.MinecraftServer
[27Aug2026 22:17:12.011] [main/DEBUG] [mixin/]: Mixing core.MinecraftServerMixin from modernfix-common.mixins.json into net.minecraft.server.MinecraftServer
[27Aug2026 22:17:12.023] [main/DEBUG] [mixin/]: Mixing perf.fix_loop_spin_waiting.BlockableEventLoopMixin from modernfix-common.mixins.json into net.minecraft.util.concurrent.ThreadTaskExecutor
[27Aug2026 22:17:12.044] [main/DEBUG] [net.minecraftforge.fml.ForgeI18n/CORE]: Loading I18N data entries: 4980
[27Aug2026 22:17:12.121] [main/DEBUG] [net.minecraftforge.fml.ModLoader/CORE]: Loading Network data for FML net version: FML2
[27Aug2026 22:17:12.124] [main/DEBUG] [net.minecraftforge.fml.ModWorkManager/LOADING]: Using 4 threads for parallel mod-loading
[27Aug2026 22:17:12.142] [main/DEBUG] [net.minecraftforge.fml.javafmlmod.FMLJavaModLanguageProvider/LOADING]: Loading FMLModContainer from classloader cpw.mods.modlauncher.TransformingClassLoader@423c5404 - got cpw.mods.modlauncher.TransformingClassLoader@423c5404
[27Aug2026 22:17:12.143] [main/DEBUG] [net.minecraftforge.fml.javafmlmod.FMLModContainer/LOADING]: Creating FMLModContainer instance for dev.ftb.mods.ftbessentials.FTBEssentials with classLoader cpw.mods.modlauncher.TransformingClassLoader@423c5404 & cpw.mods.modlauncher.TransformingClassLoader@423c5404
[27Aug2026 22:17:12.145] [main/DEBUG] [net.minecraftforge.fml.javafmlmod.FMLJavaModLanguageProvider/LOADING]: Loading FMLModContainer from classloader cpw.mods.modlauncher.TransformingClassLoader@423c5404 - got cpw.mods.modlauncher.TransformingClassLoader@423c5404
[27Aug2026 22:17:12.145] [main/DEBUG] [net.minecraftforge.fml.javafmlmod.FMLModContainer/LOADING]: Creating FMLModContainer instance for xyz.pixelatedw.mineminenomi.ModMain with classLoader cpw.mods.modlauncher.TransformingClassLoader@423c5404 & cpw.mods.modlauncher.TransformingClassLoader@423c5404
[27Aug2026 22:17:12.146] [main/DEBUG] [net.minecraftforge.fml.javafmlmod.FMLJavaModLanguageProvider/LOADING]: Loading FMLModContainer from classloader cpw.mods.modlauncher.TransformingClassLoader@423c5404 - got cpw.mods.modlauncher.TransformingClassLoader@423c5404
[27Aug2026 22:17:12.146] [main/DEBUG] [net.minecraftforge.fml.javafmlmod.FMLModContainer/LOADING]: Creating FMLModContainer instance for snownee.jade.Jade with classLoader cpw.mods.modlauncher.TransformingClassLoader@423c5404 & cpw.mods.modlauncher.TransformingClassLoader@423c5404
[27Aug2026 22:17:12.147] [main/DEBUG] [net.minecraftforge.fml.javafmlmod.FMLJavaModLanguageProvider/LOADING]: Loading FMLModContainer from classloader cpw.mods.modlauncher.TransformingClassLoader@423c5404 - got cpw.mods.modlauncher.TransformingClassLoader@423c5404
[27Aug2026 22:17:12.147] [main/DEBUG] [net.minecraftforge.fml.javafmlmod.FMLModContainer/LOADING]: Creating FMLModContainer instance for mcp.mobius.waila.Waila with classLoader cpw.mods.modlauncher.TransformingClassLoader@423c5404 & cpw.mods.modlauncher.TransformingClassLoader@423c5404
[27Aug2026 22:17:12.153] [main/DEBUG] [net.minecraftforge.fml.javafmlmod.FMLJavaModLanguageProvider/LOADING]: Loading FMLModContainer from classloader cpw.mods.modlauncher.TransformingClassLoader@423c5404 - got cpw.mods.modlauncher.TransformingClassLoader@423c5404
[27Aug2026 22:17:12.153] [main/DEBUG] [net.minecraftforge.fml.javafmlmod.FMLModContainer/LOADING]: Creating FMLModContainer instance for team.creative.creativecore.CreativeCore with classLoader cpw.mods.modlauncher.TransformingClassLoader@423c5404 & cpw.mods.modlauncher.TransformingClassLoader@423c5404
[27Aug2026 22:17:12.157] [main/DEBUG] [creativecore/]: Created network creativecore:main
[27Aug2026 22:17:12.157] [main/DEBUG] [net.minecraftforge.fml.javafmlmod.FMLJavaModLanguageProvider/LOADING]: Loading FMLModContainer from classloader cpw.mods.modlauncher.TransformingClassLoader@423c5404 - got cpw.mods.modlauncher.TransformingClassLoader@423c5404
[27Aug2026 22:17:12.157] [main/DEBUG] [net.minecraftforge.fml.javafmlmod.FMLModContainer/LOADING]: Creating FMLModContainer instance for com.yumixlove.bountyhunters.BountyHunters with classLoader cpw.mods.modlauncher.TransformingClassLoader@423c5404 & cpw.mods.modlauncher.TransformingClassLoader@423c5404
[27Aug2026 22:17:12.158] [main/DEBUG] [net.minecraftforge.fml.javafmlmod.FMLJavaModLanguageProvider/LOADING]: Loading FMLModContainer from classloader cpw.mods.modlauncher.TransformingClassLoader@423c5404 - got cpw.mods.modlauncher.TransformingClassLoader@423c5404
[27Aug2026 22:17:12.158] [main/DEBUG] [net.minecraftforge.fml.javafmlmod.FMLModContainer/LOADING]: Creating FMLModContainer instance for net.boone.moremineminenomi.LeopardRework with classLoader cpw.mods.modlauncher.TransformingClassLoader@423c5404 & cpw.mods.modlauncher.TransformingClassLoader@423c5404
[27Aug2026 22:17:12.159] [main/DEBUG] [net.minecraftforge.fml.javafmlmod.FMLJavaModLanguageProvider/LOADING]: Loading FMLModContainer from classloader cpw.mods.modlauncher.TransformingClassLoader@423c5404 - got cpw.mods.modlauncher.TransformingClassLoader@423c5404
[27Aug2026 22:17:12.159] [main/DEBUG] [net.minecraftforge.fml.javafmlmod.FMLModContainer/LOADING]: Creating FMLModContainer instance for top.theillusivec4.curios.Curios with classLoader cpw.mods.modlauncher.TransformingClassLoader@423c5404 & cpw.mods.modlauncher.TransformingClassLoader@423c5404
[27Aug2026 22:17:12.162] [main/DEBUG] [net.minecraftforge.fml.javafmlmod.FMLJavaModLanguageProvider/LOADING]: Loading FMLModContainer from classloader cpw.mods.modlauncher.TransformingClassLoader@423c5404 - got cpw.mods.modlauncher.TransformingClassLoader@423c5404
[27Aug2026 22:17:12.162] [main/DEBUG] [net.minecraftforge.fml.javafmlmod.FMLModContainer/LOADING]: Creating FMLModContainer instance for com.inovactio.awakenawakennomi.AwakenAwakenNoMiMod with classLoader cpw.mods.modlauncher.TransformingClassLoader@423c5404 & cpw.mods.modlauncher.TransformingClassLoader@423c5404
[27Aug2026 22:17:12.163] [main/DEBUG] [net.minecraftforge.fml.javafmlmod.FMLJavaModLanguageProvider/LOADING]: Loading FMLModContainer from classloader cpw.mods.modlauncher.TransformingClassLoader@423c5404 - got cpw.mods.modlauncher.TransformingClassLoader@423c5404
[27Aug2026 22:17:12.163] [main/DEBUG] [net.minecraftforge.fml.javafmlmod.FMLModContainer/LOADING]: Creating FMLModContainer instance for com.blamejared.controlling.Controlling with classLoader cpw.mods.modlauncher.TransformingClassLoader@423c5404 & cpw.mods.modlauncher.TransformingClassLoader@423c5404
[27Aug2026 22:17:12.163] [main/DEBUG] [net.minecraftforge.fml.javafmlmod.FMLJavaModLanguageProvider/LOADING]: Loading FMLModContainer from classloader cpw.mods.modlauncher.TransformingClassLoader@423c5404 - got cpw.mods.modlauncher.TransformingClassLoader@423c5404
[27Aug2026 22:17:12.164] [main/DEBUG] [net.minecraftforge.fml.javafmlmod.FMLModContainer/LOADING]: Creating FMLModContainer instance for org.embeddedt.modernfix.forge.init.ModernFixForge with classLoader cpw.mods.modlauncher.TransformingClassLoader@423c5404 & cpw.mods.modlauncher.TransformingClassLoader@423c5404
[27Aug2026 22:17:12.165] [main/DEBUG] [net.minecraftforge.fml.javafmlmod.FMLJavaModLanguageProvider/LOADING]: Loading FMLModContainer from classloader cpw.mods.modlauncher.TransformingClassLoader@423c5404 - got cpw.mods.modlauncher.TransformingClassLoader@423c5404
[27Aug2026 22:17:12.165] [main/DEBUG] [net.minecraftforge.fml.javafmlmod.FMLModContainer/LOADING]: Creating FMLModContainer instance for mezz.jei.JustEnoughItems with classLoader cpw.mods.modlauncher.TransformingClassLoader@423c5404 & cpw.mods.modlauncher.TransformingClassLoader@423c5404
[27Aug2026 22:17:12.166] [main/DEBUG] [net.minecraftforge.fml.javafmlmod.FMLJavaModLanguageProvider/LOADING]: Loading FMLModContainer from classloader cpw.mods.modlauncher.TransformingClassLoader@423c5404 - got cpw.mods.modlauncher.TransformingClassLoader@423c5404
[27Aug2026 22:17:12.166] [main/DEBUG] [net.minecraftforge.fml.javafmlmod.FMLModContainer/LOADING]: Creating FMLModContainer instance for com.github.alexthe666.citadel.Citadel with classLoader cpw.mods.modlauncher.TransformingClassLoader@423c5404 & cpw.mods.modlauncher.TransformingClassLoader@423c5404
[27Aug2026 22:17:12.168] [main/INFO] [net.minecraftforge.registries.GameData/]: Potentially Dangerous alternative prefix `citadel` for name `debug`, expected `minecraft`. This could be a intended override, but in most cases indicates a broken mod.
[27Aug2026 22:17:12.171] [main/INFO] [net.minecraftforge.registries.GameData/]: Potentially Dangerous alternative prefix `citadel` for name `citadel_book`, expected `minecraft`. This could be a intended override, but in most cases indicates a broken mod.
[27Aug2026 22:17:12.171] [main/INFO] [net.minecraftforge.registries.GameData/]: Potentially Dangerous alternative prefix `citadel` for name `effect_item`, expected `minecraft`. This could be a intended override, but in most cases indicates a broken mod.
[27Aug2026 22:17:12.172] [main/INFO] [net.minecraftforge.registries.GameData/]: Potentially Dangerous alternative prefix `citadel` for name `fancy_item`, expected `minecraft`. This could be a intended override, but in most cases indicates a broken mod.
[27Aug2026 22:17:12.172] [main/DEBUG] [net.minecraftforge.fml.javafmlmod.FMLJavaModLanguageProvider/LOADING]: Loading FMLModContainer from classloader cpw.mods.modlauncher.TransformingClassLoader@423c5404 - got cpw.mods.modlauncher.TransformingClassLoader@423c5404
[27Aug2026 22:17:12.172] [main/DEBUG] [net.minecraftforge.fml.javafmlmod.FMLModContainer/LOADING]: Creating FMLModContainer instance for net.MagicalBlitz.ModMain with classLoader cpw.mods.modlauncher.TransformingClassLoader@423c5404 & cpw.mods.modlauncher.TransformingClassLoader@423c5404
[27Aug2026 22:17:12.173] [main/DEBUG] [net.minecraftforge.fml.javafmlmod.FMLJavaModLanguageProvider/LOADING]: Loading FMLModContainer from classloader cpw.mods.modlauncher.TransformingClassLoader@423c5404 - got cpw.mods.modlauncher.TransformingClassLoader@423c5404
[27Aug2026 22:17:12.173] [main/DEBUG] [net.minecraftforge.fml.javafmlmod.FMLModContainer/LOADING]: Creating FMLModContainer instance for dev.itsmeow.quickteleports.QuickTeleportsModForge with classLoader cpw.mods.modlauncher.TransformingClassLoader@423c5404 & cpw.mods.modlauncher.TransformingClassLoader@423c5404
[27Aug2026 22:17:12.174] [main/DEBUG] [net.minecraftforge.fml.javafmlmod.FMLJavaModLanguageProvider/LOADING]: Loading FMLModContainer from classloader cpw.mods.modlauncher.TransformingClassLoader@423c5404 - got cpw.mods.modlauncher.TransformingClassLoader@423c5404
[27Aug2026 22:17:12.175] [main/DEBUG] [net.minecraftforge.fml.javafmlmod.FMLModContainer/LOADING]: Creating FMLModContainer instance for com.inovactio.awakenpath.AwakenPathMod with classLoader cpw.mods.modlauncher.TransformingClassLoader@423c5404 & cpw.mods.modlauncher.TransformingClassLoader@423c5404
[27Aug2026 22:17:12.175] [main/DEBUG] [net.minecraftforge.fml.javafmlmod.FMLJavaModLanguageProvider/LOADING]: Loading FMLModContainer from classloader cpw.mods.modlauncher.TransformingClassLoader@423c5404 - got cpw.mods.modlauncher.TransformingClassLoader@423c5404
[27Aug2026 22:17:12.176] [main/DEBUG] [net.minecraftforge.fml.javafmlmod.FMLModContainer/LOADING]: Creating FMLModContainer instance for net.bikerboys.minemineextraslots.MineMineExtraSlots with classLoader cpw.mods.modlauncher.TransformingClassLoader@423c5404 & cpw.mods.modlauncher.TransformingClassLoader@423c5404
[27Aug2026 22:17:12.176] [main/DEBUG] [net.minecraftforge.fml.javafmlmod.FMLJavaModLanguageProvider/LOADING]: Loading FMLModContainer from classloader cpw.mods.modlauncher.TransformingClassLoader@423c5404 - got cpw.mods.modlauncher.TransformingClassLoader@423c5404
[27Aug2026 22:17:12.176] [main/DEBUG] [net.minecraftforge.fml.javafmlmod.FMLModContainer/LOADING]: Creating FMLModContainer instance for coms.fightingstyles.FightingStyles with classLoader cpw.mods.modlauncher.TransformingClassLoader@423c5404 & cpw.mods.modlauncher.TransformingClassLoader@423c5404
[27Aug2026 22:17:12.177] [main/DEBUG] [net.minecraftforge.fml.javafmlmod.FMLJavaModLanguageProvider/LOADING]: Loading FMLModContainer from classloader cpw.mods.modlauncher.TransformingClassLoader@423c5404 - got cpw.mods.modlauncher.TransformingClassLoader@423c5404
[27Aug2026 22:17:12.177] [main/DEBUG] [net.minecraftforge.fml.javafmlmod.FMLModContainer/LOADING]: Creating FMLModContainer instance for net.p3pp3rf1y.sophisticatedbackpacks.SophisticatedBackpacks with classLoader cpw.mods.modlauncher.TransformingClassLoader@423c5404 & cpw.mods.modlauncher.TransformingClassLoader@423c5404
[27Aug2026 22:17:12.194] [main/DEBUG] [net.minecraftforge.fml.javafmlmod.FMLJavaModLanguageProvider/LOADING]: Loading FMLModContainer from classloader cpw.mods.modlauncher.TransformingClassLoader@423c5404 - got cpw.mods.modlauncher.TransformingClassLoader@423c5404
[27Aug2026 22:17:12.194] [main/DEBUG] [net.minecraftforge.fml.javafmlmod.FMLModContainer/LOADING]: Creating FMLModContainer instance for net.mrmagicalcart.cartaddon.ModMain with classLoader cpw.mods.modlauncher.TransformingClassLoader@423c5404 & cpw.mods.modlauncher.TransformingClassLoader@423c5404
[27Aug2026 22:17:12.195] [main/DEBUG] [net.minecraftforge.fml.javafmlmod.FMLJavaModLanguageProvider/LOADING]: Loading FMLModContainer from classloader cpw.mods.modlauncher.TransformingClassLoader@423c5404 - got cpw.mods.modlauncher.TransformingClassLoader@423c5404
[27Aug2026 22:17:12.195] [main/DEBUG] [net.minecraftforge.fml.javafmlmod.FMLModContainer/LOADING]: Creating FMLModContainer instance for net.Zitoen.zitoenpiece.ZitoenPiece with classLoader cpw.mods.modlauncher.TransformingClassLoader@423c5404 & cpw.mods.modlauncher.TransformingClassLoader@423c5404
[27Aug2026 22:17:12.196] [main/DEBUG] [net.minecraftforge.fml.javafmlmod.FMLJavaModLanguageProvider/LOADING]: Loading FMLModContainer from classloader cpw.mods.modlauncher.TransformingClassLoader@423c5404 - got cpw.mods.modlauncher.TransformingClassLoader@423c5404
[27Aug2026 22:17:12.196] [main/DEBUG] [net.minecraftforge.fml.javafmlmod.FMLModContainer/LOADING]: Creating FMLModContainer instance for com.corosus.coroutil.loader.forge.ConfigModForge with classLoader cpw.mods.modlauncher.TransformingClassLoader@423c5404 & cpw.mods.modlauncher.TransformingClassLoader@423c5404
[27Aug2026 22:17:12.198] [main/DEBUG] [net.minecraftforge.fml.javafmlmod.FMLJavaModLanguageProvider/LOADING]: Loading FMLModContainer from classloader cpw.mods.modlauncher.TransformingClassLoader@423c5404 - got cpw.mods.modlauncher.TransformingClassLoader@423c5404
[27Aug2026 22:17:12.198] [main/DEBUG] [net.minecraftforge.fml.javafmlmod.FMLModContainer/LOADING]: Creating FMLModContainer instance for me.steinborn.lazydfu.LazyDFU with classLoader cpw.mods.modlauncher.TransformingClassLoader@423c5404 & cpw.mods.modlauncher.TransformingClassLoader@423c5404
[27Aug2026 22:17:12.198] [main/DEBUG] [net.minecraftforge.fml.javafmlmod.FMLJavaModLanguageProvider/LOADING]: Loading FMLModContainer from classloader cpw.mods.modlauncher.TransformingClassLoader@423c5404 - got cpw.mods.modlauncher.TransformingClassLoader@423c5404
[27Aug2026 22:17:12.198] [main/DEBUG] [net.minecraftforge.fml.javafmlmod.FMLModContainer/LOADING]: Creating FMLModContainer instance for com.finndog.mvs.MVSMain with classLoader cpw.mods.modlauncher.TransformingClassLoader@423c5404 & cpw.mods.modlauncher.TransformingClassLoader@423c5404
[27Aug2026 22:17:12.200] [main/DEBUG] [net.minecraftforge.fml.javafmlmod.FMLJavaModLanguageProvider/LOADING]: Loading FMLModContainer from classloader cpw.mods.modlauncher.TransformingClassLoader@423c5404 - got cpw.mods.modlauncher.TransformingClassLoader@423c5404
[27Aug2026 22:17:12.200] [main/DEBUG] [net.minecraftforge.fml.javafmlmod.FMLModContainer/LOADING]: Creating FMLModContainer instance for me.shedaniel.architectury.forge.ArchitecturyForge with classLoader cpw.mods.modlauncher.TransformingClassLoader@423c5404 & cpw.mods.modlauncher.TransformingClassLoader@423c5404
[27Aug2026 22:17:12.201] [main/DEBUG] [net.minecraftforge.fml.javafmlmod.FMLJavaModLanguageProvider/LOADING]: Loading FMLModContainer from classloader cpw.mods.modlauncher.TransformingClassLoader@423c5404 - got cpw.mods.modlauncher.TransformingClassLoader@423c5404
[27Aug2026 22:17:12.201] [main/DEBUG] [net.minecraftforge.fml.javafmlmod.FMLModContainer/LOADING]: Creating FMLModContainer instance for dev.ftb.mods.ftblibrary.forge.FTBLibraryForge with classLoader cpw.mods.modlauncher.TransformingClassLoader@423c5404 & cpw.mods.modlauncher.TransformingClassLoader@423c5404
[27Aug2026 22:17:12.201] [main/DEBUG] [net.minecraftforge.fml.javafmlmod.FMLJavaModLanguageProvider/LOADING]: Loading FMLModContainer from classloader cpw.mods.modlauncher.TransformingClassLoader@423c5404 - got cpw.mods.modlauncher.TransformingClassLoader@423c5404
[27Aug2026 22:17:12.202] [main/DEBUG] [net.minecraftforge.fml.javafmlmod.FMLModContainer/LOADING]: Creating FMLModContainer instance for noobanidus.mods.lootr.Lootr with classLoader cpw.mods.modlauncher.TransformingClassLoader@423c5404 & cpw.mods.modlauncher.TransformingClassLoader@423c5404
[27Aug2026 22:17:12.203] [main/DEBUG] [net.minecraftforge.fml.javafmlmod.FMLJavaModLanguageProvider/LOADING]: Loading FMLModContainer from classloader cpw.mods.modlauncher.TransformingClassLoader@423c5404 - got cpw.mods.modlauncher.TransformingClassLoader@423c5404
[27Aug2026 22:17:12.203] [main/DEBUG] [net.minecraftforge.fml.javafmlmod.FMLModContainer/LOADING]: Creating FMLModContainer instance for com.fruitreworks.FruitReworks with classLoader cpw.mods.modlauncher.TransformingClassLoader@423c5404 & cpw.mods.modlauncher.TransformingClassLoader@423c5404
[27Aug2026 22:17:12.204] [main/DEBUG] [net.minecraftforge.fml.javafmlmod.FMLJavaModLanguageProvider/LOADING]: Loading FMLModContainer from classloader cpw.mods.modlauncher.TransformingClassLoader@423c5404 - got cpw.mods.modlauncher.TransformingClassLoader@423c5404
[27Aug2026 22:17:12.204] [main/DEBUG] [net.minecraftforge.fml.javafmlmod.FMLModContainer/LOADING]: Creating FMLModContainer instance for net.blitz.blitzraces.ModMain with classLoader cpw.mods.modlauncher.TransformingClassLoader@423c5404 & cpw.mods.modlauncher.TransformingClassLoader@423c5404
[27Aug2026 22:17:12.205] [main/DEBUG] [net.minecraftforge.fml.javafmlmod.FMLJavaModLanguageProvider/LOADING]: Loading FMLModContainer from classloader cpw.mods.modlauncher.TransformingClassLoader@423c5404 - got cpw.mods.modlauncher.TransformingClassLoader@423c5404
[27Aug2026 22:17:12.205] [main/DEBUG] [net.minecraftforge.fml.javafmlmod.FMLModContainer/LOADING]: Creating FMLModContainer instance for com.corosus.watut.loader.forge.WatutModForge with classLoader cpw.mods.modlauncher.TransformingClassLoader@423c5404 & cpw.mods.modlauncher.TransformingClassLoader@423c5404
[27Aug2026 22:17:12.206] [main/DEBUG] [net.minecraftforge.fml.javafmlmod.FMLJavaModLanguageProvider/LOADING]: Loading FMLModContainer from classloader cpw.mods.modlauncher.TransformingClassLoader@423c5404 - got cpw.mods.modlauncher.TransformingClassLoader@423c5404
[27Aug2026 22:17:12.206] [main/DEBUG] [net.minecraftforge.fml.javafmlmod.FMLModContainer/LOADING]: Creating FMLModContainer instance for net.minecraftforge.common.ForgeMod with classLoader cpw.mods.modlauncher.TransformingClassLoader@423c5404 & cpw.mods.modlauncher.TransformingClassLoader@423c5404
[27Aug2026 22:17:12.213] [main/DEBUG] [mixin/]: Mixing perf.forge_registry_lambda.RegistryObjectMixin from modernfix-forge.mixins.json into net.minecraftforge.fml.RegistryObject
[27Aug2026 22:17:12.222] [main/DEBUG] [net.minecraftforge.fml.javafmlmod.FMLJavaModLanguageProvider/LOADING]: Loading FMLModContainer from classloader cpw.mods.modlauncher.TransformingClassLoader@423c5404 - got cpw.mods.modlauncher.TransformingClassLoader@423c5404
[27Aug2026 22:17:12.222] [main/DEBUG] [net.minecraftforge.fml.javafmlmod.FMLModContainer/LOADING]: Creating FMLModContainer instance for squeek.appleskin.AppleSkin with classLoader cpw.mods.modlauncher.TransformingClassLoader@423c5404 & cpw.mods.modlauncher.TransformingClassLoader@423c5404
[27Aug2026 22:17:12.223] [main/DEBUG] [net.minecraftforge.fml.javafmlmod.FMLJavaModLanguageProvider/LOADING]: Loading FMLModContainer from classloader cpw.mods.modlauncher.TransformingClassLoader@423c5404 - got cpw.mods.modlauncher.TransformingClassLoader@423c5404
[27Aug2026 22:17:12.223] [main/DEBUG] [net.minecraftforge.fml.javafmlmod.FMLModContainer/LOADING]: Creating FMLModContainer instance for net.warcar.hito_hito_nika.HitoHitoNoMiNikaMod with classLoader cpw.mods.modlauncher.TransformingClassLoader@423c5404 & cpw.mods.modlauncher.TransformingClassLoader@423c5404
[27Aug2026 22:17:12.224] [main/DEBUG] [net.minecraftforge.fml.javafmlmod.FMLJavaModLanguageProvider/LOADING]: Loading FMLModContainer from classloader cpw.mods.modlauncher.TransformingClassLoader@423c5404 - got cpw.mods.modlauncher.TransformingClassLoader@423c5404
[27Aug2026 22:17:12.224] [main/DEBUG] [net.minecraftforge.fml.javafmlmod.FMLModContainer/LOADING]: Creating FMLModContainer instance for team.creative.playerrevive.PlayerRevive with classLoader cpw.mods.modlauncher.TransformingClassLoader@423c5404 & cpw.mods.modlauncher.TransformingClassLoader@423c5404
[27Aug2026 22:17:12.226] [main/DEBUG] [playerrevive/]: Created network playerrevive:main
[27Aug2026 22:17:12.226] [main/INFO] [net.minecraftforge.registries.GameData/]: Potentially Dangerous alternative prefix `playerrevive` for name `death`, expected `minecraft`. This could be a intended override, but in most cases indicates a broken mod.
[27Aug2026 22:17:12.227] [main/INFO] [net.minecraftforge.registries.GameData/]: Potentially Dangerous alternative prefix `playerrevive` for name `revived`, expected `minecraft`. This could be a intended override, but in most cases indicates a broken mod.
[27Aug2026 22:17:12.227] [main/DEBUG] [net.minecraftforge.fml.javafmlmod.FMLJavaModLanguageProvider/LOADING]: Loading FMLModContainer from classloader cpw.mods.modlauncher.TransformingClassLoader@423c5404 - got cpw.mods.modlauncher.TransformingClassLoader@423c5404
[27Aug2026 22:17:12.228] [main/DEBUG] [net.minecraftforge.fml.javafmlmod.FMLModContainer/LOADING]: Creating FMLModContainer instance for com.anonymdev.skinrestoreforge.SkinRestoreForge with classLoader cpw.mods.modlauncher.TransformingClassLoader@423c5404 & cpw.mods.modlauncher.TransformingClassLoader@423c5404
[27Aug2026 22:17:12.229] [main/DEBUG] [net.minecraftforge.fml.javafmlmod.FMLJavaModLanguageProvider/LOADING]: Loading FMLModContainer from classloader cpw.mods.modlauncher.TransformingClassLoader@423c5404 - got cpw.mods.modlauncher.TransformingClassLoader@423c5404
[27Aug2026 22:17:12.230] [main/DEBUG] [net.minecraftforge.fml.javafmlmod.FMLModContainer/LOADING]: Creating FMLModContainer instance for com.inovactio.allfruitallboxes.AllFruitAllBoxesMod with classLoader cpw.mods.modlauncher.TransformingClassLoader@423c5404 & cpw.mods.modlauncher.TransformingClassLoader@423c5404
[27Aug2026 22:17:12.230] [main/DEBUG] [net.minecraftforge.fml.javafmlmod.FMLJavaModLanguageProvider/LOADING]: Loading FMLModContainer from classloader cpw.mods.modlauncher.TransformingClassLoader@423c5404 - got cpw.mods.modlauncher.TransformingClassLoader@423c5404
[27Aug2026 22:17:12.230] [main/DEBUG] [net.minecraftforge.fml.javafmlmod.FMLModContainer/LOADING]: Creating FMLModContainer instance for me.drqonic.hakibar.Main with classLoader cpw.mods.modlauncher.TransformingClassLoader@423c5404 & cpw.mods.modlauncher.TransformingClassLoader@423c5404
[27Aug2026 22:17:12.233] [main/DEBUG] [net.minecraftforge.fml.javafmlmod.FMLJavaModLanguageProvider/LOADING]: Loading FMLModContainer from classloader cpw.mods.modlauncher.TransformingClassLoader@423c5404 - got cpw.mods.modlauncher.TransformingClassLoader@423c5404
[27Aug2026 22:17:12.233] [main/DEBUG] [net.minecraftforge.fml.javafmlmod.FMLModContainer/LOADING]: Creating FMLModContainer instance for com.yumixlove.devilhordes.DevilHordes with classLoader cpw.mods.modlauncher.TransformingClassLoader@423c5404 & cpw.mods.modlauncher.TransformingClassLoader@423c5404
[27Aug2026 22:17:12.263] [modloading-worker-0/DEBUG] [net.minecraftforge.fml.config.ConfigTracker/CONFIG]: Config file jade-common.toml for jade tracking
[27Aug2026 22:17:12.276] [modloading-worker-3/DEBUG] [net.minecraftforge.fml.AutomaticEventSubscriber/LOADING]: Attempting to inject @EventBusSubscriber classes into the eventbus for ftbessentials
[27Aug2026 22:17:12.276] [modloading-worker-1/DEBUG] [net.minecraftforge.fml.AutomaticEventSubscriber/LOADING]: Attempting to inject @EventBusSubscriber classes into the eventbus for waila
[27Aug2026 22:17:12.282] [modloading-worker-3/DEBUG] [net.minecraftforge.fml.AutomaticEventSubscriber/LOADING]: Auto-subscribing dev.ftb.mods.ftbessentials.FTBEEventHandler to FORGE
[27Aug2026 22:17:12.291] [modloading-worker-0/DEBUG] [net.minecraftforge.fml.AutomaticEventSubscriber/LOADING]: Attempting to inject @EventBusSubscriber classes into the eventbus for jade
[27Aug2026 22:17:12.296] [modloading-worker-2/DEBUG] [mixin/]: Mixing AddFactionAbilitiesMixin from cartaddon.mixins.json into xyz.pixelatedw.mineminenomi.wypi.WyRegistry
[27Aug2026 22:17:12.296] [modloading-worker-2/DEBUG] [mixin/]: Renaming synthetic method lambda$registerEditedFaction2$3(Ljava/util/function/Supplier;)Lxyz/pixelatedw/mineminenomi/api/charactercreator/FactionId; to md61ad08$lambda$registerEditedFaction2$3$0 in cartaddon.mixins.json:AddFactionAbilitiesMixin
[27Aug2026 22:17:12.296] [modloading-worker-2/DEBUG] [mixin/]: Renaming synthetic method lambda$registerEditedFaction$2(Ljava/util/function/Supplier;)Lxyz/pixelatedw/mineminenomi/api/charactercreator/FactionId; to md61ad08$lambda$registerEditedFaction$2$1 in cartaddon.mixins.json:AddFactionAbilitiesMixin
[27Aug2026 22:17:12.296] [modloading-worker-2/DEBUG] [mixin/]: Renaming synthetic method lambda$registerEditedFaction$1(Ljava/util/function/Supplier;)Lxyz/pixelatedw/mineminenomi/api/charactercreator/FactionId; to md61ad08$lambda$registerEditedFaction$1$2 in cartaddon.mixins.json:AddFactionAbilitiesMixin
[27Aug2026 22:17:12.296] [modloading-worker-2/DEBUG] [mixin/]: Renaming synthetic method lambda$registerEditedFaction$0(Ljava/util/function/Supplier;)Lxyz/pixelatedw/mineminenomi/api/charactercreator/FactionId; to md61ad08$lambda$registerEditedFaction$0$3 in cartaddon.mixins.json:AddFactionAbilitiesMixin
[27Aug2026 22:17:12.301] [modloading-worker-2/DEBUG] [mixin/]: Mixing RegisterRaceMixin from cartaddon.mixins.json into xyz.pixelatedw.mineminenomi.wypi.WyRegistry
[27Aug2026 22:17:12.301] [modloading-worker-2/DEBUG] [mixin/]: Renaming synthetic method lambda$registerEditedRace$3()Lxyz/pixelatedw/mineminenomi/api/charactercreator/RaceId; to md61ad08$lambda$registerEditedRace$3$4 in cartaddon.mixins.json:RegisterRaceMixin
[27Aug2026 22:17:12.301] [modloading-worker-2/DEBUG] [mixin/]: Renaming synthetic method lambda$registerEditedRace$2()Lxyz/pixelatedw/mineminenomi/api/charactercreator/RaceId; to md61ad08$lambda$registerEditedRace$2$5 in cartaddon.mixins.json:RegisterRaceMixin
[27Aug2026 22:17:12.301] [modloading-worker-2/DEBUG] [mixin/]: Renaming synthetic method lambda$registerEditedRace$1()Lxyz/pixelatedw/mineminenomi/api/charactercreator/RaceId; to md61ad08$lambda$registerEditedRace$1$6 in cartaddon.mixins.json:RegisterRaceMixin
[27Aug2026 22:17:12.301] [modloading-worker-2/DEBUG] [mixin/]: Renaming synthetic method lambda$registerEditedRace$0()Lxyz/pixelatedw/mineminenomi/api/charactercreator/RaceId; to md61ad08$lambda$registerEditedRace$0$7 in cartaddon.mixins.json:RegisterRaceMixin
[27Aug2026 22:17:12.317] [modloading-worker-2/DEBUG] [mixin/]: Mixing RegisterStyleMixin from cartaddon.mixins.json into xyz.pixelatedw.mineminenomi.wypi.WyRegistry
[27Aug2026 22:17:12.318] [modloading-worker-2/DEBUG] [mixin/]: Renaming synthetic method lambda$registerEditedStyle$4()Lxyz/pixelatedw/mineminenomi/api/charactercreator/StyleId; to md61ad08$lambda$registerEditedStyle$4$8 in cartaddon.mixins.json:RegisterStyleMixin
[27Aug2026 22:17:12.318] [modloading-worker-2/DEBUG] [mixin/]: Renaming synthetic method lambda$registerEditedStyle$3()Lxyz/pixelatedw/mineminenomi/api/charactercreator/StyleId; to md61ad08$lambda$registerEditedStyle$3$9 in cartaddon.mixins.json:RegisterStyleMixin
[27Aug2026 22:17:12.318] [modloading-worker-2/DEBUG] [mixin/]: Renaming synthetic method lambda$registerEditedStyle$2()Lxyz/pixelatedw/mineminenomi/api/charactercreator/StyleId; to md61ad08$lambda$registerEditedStyle$2$a in cartaddon.mixins.json:RegisterStyleMixin
[27Aug2026 22:17:12.318] [modloading-worker-2/DEBUG] [mixin/]: Renaming synthetic method lambda$registerEditedStyle$1()Lxyz/pixelatedw/mineminenomi/api/charactercreator/StyleId; to md61ad08$lambda$registerEditedStyle$1$b in cartaddon.mixins.json:RegisterStyleMixin
[27Aug2026 22:17:12.318] [modloading-worker-2/DEBUG] [mixin/]: Renaming synthetic method lambda$registerEditedStyle$0()Lxyz/pixelatedw/mineminenomi/api/charactercreator/StyleId; to md61ad08$lambda$registerEditedStyle$0$c in cartaddon.mixins.json:RegisterStyleMixin
[27Aug2026 22:17:12.354] [modloading-worker-2/DEBUG] [mixin/]: Mixing profession.AbilityCoreMixin from zitoenpiece.mixins.json into xyz.pixelatedw.mineminenomi.api.abilities.AbilityCore
[27Aug2026 22:17:12.370] [modloading-worker-2/DEBUG] [mixin/]: Mixing profession.FactionIdMixin from zitoenpiece.mixins.json into xyz.pixelatedw.mineminenomi.api.charactercreator.FactionId
[27Aug2026 22:17:12.373] [modloading-worker-2/DEBUG] [mixin/]: Mixing profession.StyleIdMixin from zitoenpiece.mixins.json into xyz.pixelatedw.mineminenomi.api.charactercreator.StyleId
[27Aug2026 22:17:12.378] [modloading-worker-0/DEBUG] [net.minecraftforge.fml.config.ConfigTracker/CONFIG]: Config file bountyhunters-common.toml for bountyhunters tracking
[27Aug2026 22:17:12.378] [modloading-worker-2/DEBUG] [mixin/]: Mixing WyHelperMixin from hito_hito_no_mi_nika.mixin.json into xyz.pixelatedw.mineminenomi.wypi.WyHelper
[27Aug2026 22:17:12.398] [modloading-worker-1/DEBUG] [net.minecraftforge.fml.AutomaticEventSubscriber/LOADING]: Attempting to inject @EventBusSubscriber classes into the eventbus for creativecore
[27Aug2026 22:17:12.400] [modloading-worker-0/DEBUG] [net.minecraftforge.fml.AutomaticEventSubscriber/LOADING]: Attempting to inject @EventBusSubscriber classes into the eventbus for bountyhunters
[27Aug2026 22:17:12.400] [modloading-worker-0/DEBUG] [net.minecraftforge.fml.AutomaticEventSubscriber/LOADING]: Auto-subscribing com.yumixlove.bountyhunters.init.ModEntities to MOD
[27Aug2026 22:17:12.400] [modloading-worker-0/DEBUG] [net.minecraftforge.fml.AutomaticEventSubscriber/LOADING]: Auto-subscribing com.yumixlove.bountyhunters.events.CommandRegistrationHandler to FORGE
[27Aug2026 22:17:12.401] [modloading-worker-0/DEBUG] [net.minecraftforge.fml.AutomaticEventSubscriber/LOADING]: Auto-subscribing com.yumixlove.bountyhunters.events.BountyEventHandler to FORGE
[27Aug2026 22:17:12.406] [modloading-worker-0/DEBUG] [mixin/]: Mixing navy.JusticeDoctrineNPCMixin from zitoenpiece.mixins.json into xyz.pixelatedw.mineminenomi.entities.mobs.OPEntity
[27Aug2026 22:17:12.399] [modloading-worker-1/INFO] [STDOUT/]: [net.boone.moremineminenomi.LeopardRework:<init>:18]: Leopard Rework mod loaded!
[27Aug2026 22:17:12.413] [modloading-worker-3/DEBUG] [mixin/]: Mixing DamageSourceMixin from mine-mine-no-mi.mixins.json into net.minecraft.util.DamageSource
[27Aug2026 22:17:12.435] [modloading-worker-1/DEBUG] [mixin/]: Mixing hakimastery.ModDamageSourceMixin from zitoenpiece.mixins.json into xyz.pixelatedw.mineminenomi.init.ModDamageSource
[27Aug2026 22:17:12.442] [modloading-worker-0/DEBUG] [mixin/]: Mixing mineminenomi.abilities.AbilityMixin from mixins.awaken-awaken-no-mi.json into xyz.pixelatedw.mineminenomi.api.abilities.Ability
[27Aug2026 22:17:12.542] [modloading-worker-2/DEBUG] [mixin/]: Mixing StrikerBoatMixin from cartaddon.mixins.json into xyz.pixelatedw.mineminenomi.entities.StrikerEntity
[27Aug2026 22:17:12.552] [modloading-worker-3/DEBUG] [net.minecraftforge.fml.config.ConfigTracker/CONFIG]: Config file curios-client.toml for curios tracking
[27Aug2026 22:17:12.561] [modloading-worker-3/DEBUG] [net.minecraftforge.fml.config.ConfigTracker/CONFIG]: Config file curios-server.toml for curios tracking
[27Aug2026 22:17:12.562] [modloading-worker-3/DEBUG] [net.minecraftforge.fml.AutomaticEventSubscriber/LOADING]: Attempting to inject @EventBusSubscriber classes into the eventbus for curios
[27Aug2026 22:17:12.562] [modloading-worker-3/DEBUG] [net.minecraftforge.fml.AutomaticEventSubscriber/LOADING]: Auto-subscribing top.theillusivec4.curios.common.CuriosRegistry to MOD
[27Aug2026 22:17:12.566] [modloading-worker-3/DEBUG] [net.minecraftforge.fml.AutomaticEventSubscriber/LOADING]: Attempting to inject @EventBusSubscriber classes into the eventbus for controlling
[27Aug2026 22:17:12.575] [modloading-worker-3/DEBUG] [mixin/]: Mixing perf.async_locator.CommandSourceStackAccess from modernfix-forge.mixins.json into net.minecraft.command.CommandSource
[27Aug2026 22:17:12.585] [modloading-worker-0/DEBUG] [mixin/]: Mixing DarknessBlockMixin from cartaddon.mixins.json into xyz.pixelatedw.mineminenomi.blocks.traps.DarknessBlock
[27Aug2026 22:17:12.594] [modloading-worker-3/DEBUG] [net.minecraftforge.fml.config.ConfigTracker/CONFIG]: Config file modernfix-common.toml for modernfix tracking
[27Aug2026 22:17:12.603] [modloading-worker-1/DEBUG] [mixin/]: Mixing SwordsmanCheckMixin from cartaddon.mixins.json into xyz.pixelatedw.mineminenomi.api.helpers.AbilityHelper
[27Aug2026 22:17:12.637] [modloading-worker-1/DEBUG] [mixin/]: Mixing PunchAbilityMixin from cartaddon.mixins.json into xyz.pixelatedw.mineminenomi.api.abilities.PunchAbility2
[27Aug2026 22:17:12.639] [modloading-worker-1/DEBUG] [mixin/]: Mixing hakichanges.PunchAbility2Accessor from zitoenpiece.mixins.json into xyz.pixelatedw.mineminenomi.api.abilities.PunchAbility2
[27Aug2026 22:17:12.667] [modloading-worker-1/DEBUG] [mixin/]: Mixing AbilityCategoryMixin from zitoenpiece.mixins.json into xyz.pixelatedw.mineminenomi.api.abilities.AbilityCategory
[27Aug2026 22:17:12.670] [modloading-worker-1/DEBUG] [mixin/]: Renaming synthetic method lambda$zitoenpiece$addCustomCategories$2(Lnet/minecraft/entity/player/PlayerEntity;)Lnet/minecraft/util/ResourceLocation; to md61ad08$lambda$zitoenpiece$addCustomCategories$2$0 in zitoenpiece.mixins.json:AbilityCategoryMixin
[27Aug2026 22:17:12.670] [modloading-worker-1/DEBUG] [mixin/]: Renaming synthetic method lambda$zitoenpiece$addCustomCategories$1(Lnet/minecraft/entity/player/PlayerEntity;)Lnet/minecraft/util/ResourceLocation; to md61ad08$lambda$zitoenpiece$addCustomCategories$1$1 in zitoenpiece.mixins.json:AbilityCategoryMixin
[27Aug2026 22:17:12.670] [modloading-worker-1/DEBUG] [mixin/]: Renaming synthetic method lambda$zitoenpiece$addCustomCategories$0(Lnet/minecraft/entity/player/PlayerEntity;)Lnet/minecraft/util/ResourceLocation; to md61ad08$lambda$zitoenpiece$addCustomCategories$0$2 in zitoenpiece.mixins.json:AbilityCategoryMixin
[27Aug2026 22:17:12.711] [modloading-worker-2/DEBUG] [mixin/]: Mixing ModGunItemMixin from cartaddon.mixins.json into xyz.pixelatedw.mineminenomi.items.weapons.ModGunItem
[27Aug2026 22:17:12.712] [modloading-worker-2/DEBUG] [mixin/]: Renaming synthetic method $deserializeLambda$(Ljava/lang/invoke/SerializedLambda;)Ljava/lang/Object; to md61ad08$$deserializeLambda$$0 in cartaddon.mixins.json:ModGunItemMixin
[27Aug2026 22:17:12.712] [modloading-worker-2/DEBUG] [mixin/]: Renaming synthetic method lambda$cartaddon$setDamage$ea32f296$1(Lnet/minecraft/entity/LivingEntity;)V to md61ad08$lambda$cartaddon$setDamage$ea32f296$1$1 in cartaddon.mixins.json:ModGunItemMixin
[27Aug2026 22:17:12.712] [modloading-worker-2/DEBUG] [mixin/]: Renaming synthetic method lambda$null$0(Lxyz/pixelatedw/mineminenomi/api/abilities/IAbility;)Z to md61ad08$lambda$null$0$2 in cartaddon.mixins.json:ModGunItemMixin
[27Aug2026 22:17:12.716] [modloading-worker-2/DEBUG] [mixin/]: Renaming synthetic method lambda$cartaddon$setDamage$75825853$2(Lnet/minecraft/world/World;Lxyz/pixelatedw/mineminenomi/entities/projectiles/AbilityProjectileEntity;)V to md61ad08$lambda$cartaddon$setDamage$75825853$2$3 in cartaddon.mixins.json:ModGunItemMixin
[27Aug2026 22:17:12.716] [modloading-worker-2/DEBUG] [mixin/]: Renaming synthetic method lambda$cartaddon$setDamage$75825853$1(Lnet/minecraft/world/World;Lxyz/pixelatedw/mineminenomi/entities/projectiles/AbilityProjectileEntity;)V to md61ad08$lambda$cartaddon$setDamage$75825853$1$4 in cartaddon.mixins.json:ModGunItemMixin
[27Aug2026 22:17:12.717] [modloading-worker-2/DEBUG] [mixin/]: Renaming synthetic method lambda$cartaddon$setDamage$9d2b60e2$1(Lnet/minecraft/world/World;Lnet/minecraft/entity/LivingEntity;Lnet/minecraft/entity/LivingEntity;)V to md61ad08$lambda$cartaddon$setDamage$9d2b60e2$1$5 in cartaddon.mixins.json:ModGunItemMixin
[27Aug2026 22:17:12.717] [modloading-worker-2/DEBUG] [mixin/]: Renaming synthetic method lambda$cartaddon$setDamage$bfb72394$1(Lnet/mrmagicalcart/cartaddon/abilities/marksmen/SharpshooterPassiveAbility;Lnet/minecraft/entity/LivingEntity;Lnet/minecraft/entity/LivingEntity;)V to md61ad08$lambda$cartaddon$setDamage$bfb72394$1$6 in cartaddon.mixins.json:ModGunItemMixin
[27Aug2026 22:17:12.827] [modloading-worker-3/DEBUG] [net.minecraftforge.fml.AutomaticEventSubscriber/LOADING]: Attempting to inject @EventBusSubscriber classes into the eventbus for modernfix
[27Aug2026 22:17:12.828] [modloading-worker-3/DEBUG] [net.minecraftforge.fml.AutomaticEventSubscriber/LOADING]: Auto-subscribing org.embeddedt.modernfix.forge.structure.AsyncLocator to FORGE
[27Aug2026 22:17:12.833] [modloading-worker-1/DEBUG] [mixin/]: Mixing mineminenomi.abilities.PassiveAbilityMixin from mixins.awaken-awaken-no-mi.json into xyz.pixelatedw.mineminenomi.api.abilities.PassiveAbility2
[27Aug2026 22:17:12.841] [modloading-worker-3/DEBUG] [net.minecraftforge.fml.AutomaticEventSubscriber/LOADING]: Attempting to inject @EventBusSubscriber classes into the eventbus for jei
[27Aug2026 22:17:12.855] [modloading-worker-1/DEBUG] [net.minecraftforge.fml.AutomaticEventSubscriber/LOADING]: Attempting to inject @EventBusSubscriber classes into the eventbus for leopard_rework
[27Aug2026 22:17:12.860] [modloading-worker-3/DEBUG] [net.minecraftforge.fml.config.ConfigTracker/CONFIG]: Config file citadel-common.toml for citadel tracking
[27Aug2026 22:17:12.880] [modloading-worker-3/DEBUG] [net.minecraftforge.fml.AutomaticEventSubscriber/LOADING]: Attempting to inject @EventBusSubscriber classes into the eventbus for citadel
[27Aug2026 22:17:12.882] [modloading-worker-3/DEBUG] [net.minecraftforge.fml.AutomaticEventSubscriber/LOADING]: Auto-subscribing com.github.alexthe666.citadel.ServerProxy to MOD
[27Aug2026 22:17:12.883] [modloading-worker-3/DEBUG] [net.minecraftforge.fml.AutomaticEventSubscriber/LOADING]: Attempting to inject @EventBusSubscriber classes into the eventbus for quickteleports
[27Aug2026 22:17:12.883] [modloading-worker-3/DEBUG] [net.minecraftforge.fml.AutomaticEventSubscriber/LOADING]: Auto-subscribing dev.itsmeow.quickteleports.QuickTeleportsModForge to FORGE
[27Aug2026 22:17:12.894] [modloading-worker-3/DEBUG] [net.minecraftforge.fml.config.ConfigTracker/CONFIG]: Config file mineminenomiawakenpath-common.toml for mineminenomiawakenpath tracking
[27Aug2026 22:17:12.896] [modloading-worker-2/DEBUG] [mixin/]: Mixing profession.MedicBagMixin from zitoenpiece.mixins.json into xyz.pixelatedw.mineminenomi.items.armors.MedicBagItem
[27Aug2026 22:17:12.896] [modloading-worker-3/DEBUG] [net.minecraftforge.fml.AutomaticEventSubscriber/LOADING]: Attempting to inject @EventBusSubscriber classes into the eventbus for mineminenomiawakenpath
[27Aug2026 22:17:12.896] [modloading-worker-3/DEBUG] [net.minecraftforge.fml.AutomaticEventSubscriber/LOADING]: Auto-subscribing com.inovactio.awakenpath.setup.AwakenPathSetup to MOD
[27Aug2026 22:17:12.900] [modloading-worker-3/DEBUG] [net.minecraftforge.fml.AutomaticEventSubscriber/LOADING]: Auto-subscribing com.inovactio.awakenpath.events.AbilityProgressionEvents to FORGE
[27Aug2026 22:17:12.907] [modloading-worker-3/DEBUG] [net.minecraftforge.fml.AutomaticEventSubscriber/LOADING]: Auto-subscribing com.inovactio.awakenpath.config.CommonConfig to MOD
[27Aug2026 22:17:12.911] [modloading-worker-3/DEBUG] [net.minecraftforge.fml.config.ConfigTracker/CONFIG]: Config file minemineextraslots-server.toml for minemineextraslots tracking
[27Aug2026 22:17:12.911] [modloading-worker-3/DEBUG] [net.minecraftforge.fml.config.ConfigTracker/CONFIG]: Config file minemineextraslots-client.toml for minemineextraslots tracking
[27Aug2026 22:17:12.911] [modloading-worker-3/DEBUG] [net.minecraftforge.fml.AutomaticEventSubscriber/LOADING]: Attempting to inject @EventBusSubscriber classes into the eventbus for minemineextraslots
[27Aug2026 22:17:12.911] [modloading-worker-3/DEBUG] [net.minecraftforge.fml.AutomaticEventSubscriber/LOADING]: Auto-subscribing net.bikerboys.minemineextraslots.MineMineExtraSlots$ServerEvents to FORGE
[27Aug2026 22:17:12.922] [modloading-worker-2/DEBUG] [mixin/]: Mixing ModAbilitiesMixin from mineminenomiaddontemplate.mixins.json into xyz.pixelatedw.mineminenomi.init.ModAbilities
[27Aug2026 22:17:12.923] [modloading-worker-2/DEBUG] [mixin/]: Mixing ModAbilitiesMixin from hito_hito_no_mi_nika.mixin.json into xyz.pixelatedw.mineminenomi.init.ModAbilities
[27Aug2026 22:17:12.924] [modloading-worker-2/WARN] [mixin/]: @Final field NEKO_NEKO_NO_MI_LEOPARD:Lxyz/pixelatedw/mineminenomi/items/AkumaNoMiItem; in mineminenomiaddontemplate.mixins.json:ModAbilitiesMixin should be final
[27Aug2026 22:17:12.925] [modloading-worker-2/WARN] [mixin/]: @Final field GOMU_GOMU_NO_MI:Lxyz/pixelatedw/mineminenomi/items/AkumaNoMiItem; in hito_hito_no_mi_nika.mixin.json:ModAbilitiesMixin should be final
[27Aug2026 22:17:13.029] [modloading-worker-2/DEBUG] [mixin/]: Mixing mineminenomi.abilities.ryu.pteranodon.PteranodonFlightAbilityMixin from mixins.awaken-awaken-no-mi.json into xyz.pixelatedw.mineminenomi.abilities.ryupteranodon.PteranodonFlightAbility
[27Aug2026 22:17:13.095] [modloading-worker-1/DEBUG] [mixin/]: Mixing LightningEntityMixin from cartaddon.mixins.json into xyz.pixelatedw.mineminenomi.entities.projectiles.goro.LightningEntity
[27Aug2026 22:17:13.096] [modloading-worker-1/DEBUG] [mixin/]: Renaming @Unique field hasToCheckForTargetZ to fd61ad08$hasToCheckForTarget$0 in cartaddon.mixins.json:LightningEntityMixin
[27Aug2026 22:17:13.132] [modloading-worker-1/DEBUG] [mixin/]: Mixing YokaiImmortalityAccessor from zitoenpiece-compat.mixins.json into net.MagicalBlitz.revamp.abilities.abyss.ImmortalityAbility
[27Aug2026 22:17:13.133] [modloading-worker-1/DEBUG] [mixin/]: Renaming @Accessor method getINSTANCE()Lxyz/pixelatedw/mineminenomi/api/abilities/AbilityCore; to getINSTANCE_$md$61ad08$0 in zitoenpiece-compat.mixins.json:YokaiImmortalityAccessor
[27Aug2026 22:17:13.167] [modloading-worker-1/DEBUG] [net.minecraftforge.fml.AutomaticEventSubscriber/LOADING]: Attempting to inject @EventBusSubscriber classes into the eventbus for yokai
[27Aug2026 22:17:13.167] [modloading-worker-1/DEBUG] [net.minecraftforge.fml.AutomaticEventSubscriber/LOADING]: Auto-subscribing net.MagicalBlitz.revamp.setup.YokaiSetup to MOD
[27Aug2026 22:17:13.171] [modloading-worker-1/DEBUG] [net.minecraftforge.fml.AutomaticEventSubscriber/LOADING]: Auto-subscribing net.MagicalBlitz.revamp.init.YokaiParticleTypes to MOD
[27Aug2026 22:17:13.171] [modloading-worker-1/DEBUG] [net.minecraftforge.fml.AutomaticEventSubscriber/LOADING]: Auto-subscribing net.MagicalBlitz.revamp.init.YokaiEntities to MOD
[27Aug2026 22:17:13.171] [modloading-worker-1/DEBUG] [net.minecraftforge.fml.AutomaticEventSubscriber/LOADING]: Auto-subscribing net.MagicalBlitz.revamp.init.YokaiCommands to FORGE
[27Aug2026 22:17:13.172] [modloading-worker-1/DEBUG] [net.minecraftforge.fml.AutomaticEventSubscriber/LOADING]: Auto-subscribing net.MagicalBlitz.revamp.events.world.AbyssalPortalSpawner to FORGE
[27Aug2026 22:17:13.173] [modloading-worker-1/DEBUG] [net.minecraftforge.fml.AutomaticEventSubscriber/LOADING]: Auto-subscribing net.MagicalBlitz.revamp.events.passives.WorldGovernmentNavyImmunityEvent to FORGE
[27Aug2026 22:17:13.174] [modloading-worker-1/DEBUG] [net.minecraftforge.fml.AutomaticEventSubscriber/LOADING]: Auto-subscribing net.MagicalBlitz.revamp.events.passives.DemonLoyaltyLockEvent to FORGE
[27Aug2026 22:17:13.175] [modloading-worker-1/DEBUG] [net.minecraftforge.fml.AutomaticEventSubscriber/LOADING]: Auto-subscribing net.MagicalBlitz.revamp.entities.projectiles.supreme_ruler.SupremeRulerProjectiles to MOD
[27Aug2026 22:17:13.176] [modloading-worker-1/DEBUG] [net.minecraftforge.fml.AutomaticEventSubscriber/LOADING]: Auto-subscribing net.MagicalBlitz.revamp.entities.projectiles.itsumade.ItsumadeProjectiles to MOD
[27Aug2026 22:17:13.176] [modloading-worker-1/DEBUG] [net.minecraftforge.fml.AutomaticEventSubscriber/LOADING]: Auto-subscribing net.MagicalBlitz.revamp.api.helpers.YokaiRegistries to FORGE
[27Aug2026 22:17:13.177] [modloading-worker-1/DEBUG] [net.minecraftforge.fml.AutomaticEventSubscriber/LOADING]: Auto-subscribing net.MagicalBlitz.revamp.abilities.supremeruler.DomiReversiAbility to FORGE
[27Aug2026 22:17:13.185] [modloading-worker-2/DEBUG] [mixin/]: Mixing hakimastery.FlamesOfRegenerationBypassMixin from zitoenpiece.mixins.json into xyz.pixelatedw.mineminenomi.abilities.toriphoenix.FlamesOfRegenerationAbility
[27Aug2026 22:17:13.194] [modloading-worker-1/DEBUG] [net.minecraftforge.fml.config.ConfigTracker/CONFIG]: Config file sophisticatedbackpacks-common.toml for sophisticatedbackpacks tracking
[27Aug2026 22:17:13.197] [modloading-worker-1/DEBUG] [net.minecraftforge.fml.config.ConfigTracker/CONFIG]: Config file sophisticatedbackpacks-client.toml for sophisticatedbackpacks tracking
[27Aug2026 22:17:13.222] [modloading-worker-3/DEBUG] [net.minecraftforge.fml.AutomaticEventSubscriber/LOADING]: Attempting to inject @EventBusSubscriber classes into the eventbus for fightingstyles
[27Aug2026 22:17:13.222] [modloading-worker-3/DEBUG] [net.minecraftforge.fml.AutomaticEventSubscriber/LOADING]: Auto-subscribing coms.fightingstyles.init.ModEntities to MOD
[27Aug2026 22:17:13.223] [modloading-worker-3/DEBUG] [net.minecraftforge.fml.AutomaticEventSubscriber/LOADING]: Auto-subscribing coms.fightingstyles.events.ShipwrightFightingStyleEvents to FORGE
[27Aug2026 22:17:13.224] [modloading-worker-3/DEBUG] [net.minecraftforge.fml.AutomaticEventSubscriber/LOADING]: Auto-subscribing coms.fightingstyles.events.EightArmFightingStyleEvents to FORGE
[27Aug2026 22:17:13.229] [modloading-worker-0/DEBUG] [net.minecraftforge.fml.AutomaticEventSubscriber/LOADING]: Attempting to inject @EventBusSubscriber classes into the eventbus for awakenawakennomi
[27Aug2026 22:17:13.229] [modloading-worker-0/DEBUG] [net.minecraftforge.fml.AutomaticEventSubscriber/LOADING]: Auto-subscribing com.inovactio.awakenawakennomi.setup.AwakenSetup to MOD
[27Aug2026 22:17:13.229] [modloading-worker-0/DEBUG] [net.minecraftforge.fml.AutomaticEventSubscriber/LOADING]: Auto-subscribing com.inovactio.awakenawakennomi.init.AwakenRenderers to MOD
[27Aug2026 22:17:13.230] [modloading-worker-0/DEBUG] [net.minecraftforge.fml.AutomaticEventSubscriber/LOADING]: Auto-subscribing com.inovactio.awakenawakennomi.init.AwakenParticleType to MOD
[27Aug2026 22:17:13.230] [modloading-worker-0/DEBUG] [net.minecraftforge.fml.AutomaticEventSubscriber/LOADING]: Auto-subscribing com.inovactio.awakenawakennomi.init.AwakenAttributes$Setup to MOD
[27Aug2026 22:17:13.231] [modloading-worker-0/DEBUG] [net.minecraftforge.fml.AutomaticEventSubscriber/LOADING]: Auto-subscribing com.inovactio.awakenawakennomi.events.passives.KiloPassiveEvents to FORGE
[27Aug2026 22:17:13.231] [modloading-worker-0/DEBUG] [net.minecraftforge.fml.AutomaticEventSubscriber/LOADING]: Auto-subscribing com.inovactio.awakenawakennomi.events.effects.TotalIsolationEvents to FORGE
[27Aug2026 22:17:13.234] [modloading-worker-0/DEBUG] [net.minecraftforge.fml.AutomaticEventSubscriber/LOADING]: Auto-subscribing com.inovactio.awakenawakennomi.events.effects.InvulnerableEffectsEvents to FORGE
[27Aug2026 22:17:13.235] [modloading-worker-0/DEBUG] [net.minecraftforge.fml.AutomaticEventSubscriber/LOADING]: Auto-subscribing com.inovactio.awakenawakennomi.events.effects.FallDamageImmunityEffectsEvents to FORGE
[27Aug2026 22:17:13.236] [modloading-worker-0/DEBUG] [net.minecraftforge.fml.AutomaticEventSubscriber/LOADING]: Auto-subscribing com.inovactio.awakenawakennomi.events.effects.CandyDropHandler to FORGE
[27Aug2026 22:17:13.232] [modloading-worker-3/DEBUG] [net.minecraftforge.fml.AutomaticEventSubscriber/LOADING]: Auto-subscribing coms.fightingstyles.events.DialWorldEvents to FORGE
[27Aug2026 22:17:13.238] [modloading-worker-0/DEBUG] [net.minecraftforge.fml.AutomaticEventSubscriber/LOADING]: Auto-subscribing com.inovactio.awakenawakennomi.events.effects.CakeDropHandler to FORGE
[27Aug2026 22:17:13.239] [modloading-worker-0/DEBUG] [net.minecraftforge.fml.AutomaticEventSubscriber/LOADING]: Auto-subscribing com.inovactio.awakenawakennomi.events.client.PlayerDeathHandler to FORGE
[27Aug2026 22:17:13.241] [modloading-worker-0/DEBUG] [net.minecraftforge.fml.AutomaticEventSubscriber/LOADING]: Auto-subscribing com.inovactio.awakenawakennomi.events.cartaddon.CartModifyFruitEvents to FORGE
[27Aug2026 22:17:13.241] [modloading-worker-3/DEBUG] [net.minecraftforge.fml.AutomaticEventSubscriber/LOADING]: Auto-subscribing coms.fightingstyles.events.DialFightingStyleEvents to FORGE
[27Aug2026 22:17:13.242] [modloading-worker-3/DEBUG] [net.minecraftforge.fml.AutomaticEventSubscriber/LOADING]: Auto-subscribing coms.fightingstyles.events.DialAbilityEvents to FORGE
[27Aug2026 22:17:13.243] [modloading-worker-0/DEBUG] [net.minecraftforge.fml.AutomaticEventSubscriber/LOADING]: Auto-subscribing com.inovactio.awakenawakennomi.events.abilities.sui.GroundSwimHandler to FORGE
[27Aug2026 22:17:13.244] [modloading-worker-0/DEBUG] [net.minecraftforge.fml.AutomaticEventSubscriber/LOADING]: Auto-subscribing com.inovactio.awakenawakennomi.events.abilities.mogu.GroundDigHandler to FORGE
[27Aug2026 22:17:13.244] [modloading-worker-3/DEBUG] [net.minecraftforge.fml.AutomaticEventSubscriber/LOADING]: Auto-subscribing coms.fightingstyles.events.DarkKingFightingStyleEvents to FORGE
[27Aug2026 22:17:13.245] [modloading-worker-3/DEBUG] [net.minecraftforge.fml.AutomaticEventSubscriber/LOADING]: Auto-subscribing coms.fightingstyles.events.BoatUpgradeEvents to FORGE
[27Aug2026 22:17:13.246] [modloading-worker-0/DEBUG] [net.minecraftforge.fml.AutomaticEventSubscriber/LOADING]: Auto-subscribing com.inovactio.awakenawakennomi.events.abilities.AbilitiesEvents to FORGE
[27Aug2026 22:17:13.248] [modloading-worker-0/DEBUG] [net.minecraftforge.fml.AutomaticEventSubscriber/LOADING]: Auto-subscribing com.inovactio.awakenawakennomi.events.SizeEvents to FORGE
[27Aug2026 22:17:13.253] [modloading-worker-0/DEBUG] [net.minecraftforge.fml.AutomaticEventSubscriber/LOADING]: Auto-subscribing com.inovactio.awakenawakennomi.events.PunchAbilityEvents to FORGE
[27Aug2026 22:17:13.257] [modloading-worker-3/DEBUG] [net.minecraftforge.fml.config.ConfigTracker/CONFIG]: Config file cartaddon-common.toml for cartaddon tracking
[27Aug2026 22:17:13.257] [modloading-worker-0/DEBUG] [net.minecraftforge.fml.AutomaticEventSubscriber/LOADING]: Auto-subscribing com.inovactio.awakenawakennomi.events.PlayerLoginHandler to FORGE
[27Aug2026 22:17:13.258] [modloading-worker-0/DEBUG] [net.minecraftforge.fml.AutomaticEventSubscriber/LOADING]: Auto-subscribing com.inovactio.awakenawakennomi.events.ModifyFruitsEvents to FORGE
[27Aug2026 22:17:13.262] [modloading-worker-0/DEBUG] [net.minecraftforge.fml.AutomaticEventSubscriber/LOADING]: Auto-subscribing com.inovactio.awakenawakennomi.entities.projectiles.ushi.giraffe.UshiGiraffeProjectiles to MOD
[27Aug2026 22:17:13.263] [modloading-worker-0/DEBUG] [net.minecraftforge.fml.AutomaticEventSubscriber/LOADING]: Auto-subscribing com.inovactio.awakenawakennomi.entities.projectiles.suke.SukeProjectiles to MOD
[27Aug2026 22:17:13.265] [modloading-worker-0/DEBUG] [net.minecraftforge.fml.AutomaticEventSubscriber/LOADING]: Auto-subscribing com.inovactio.awakenawakennomi.entities.projectiles.ryu.pteranodon.PteranodonProjectiles to MOD
[27Aug2026 22:17:13.272] [modloading-worker-0/DEBUG] [net.minecraftforge.fml.AutomaticEventSubscriber/LOADING]: Auto-subscribing com.inovactio.awakenawakennomi.entities.projectiles.pero.PeroProjectiles to MOD
[27Aug2026 22:17:13.273] [modloading-worker-0/DEBUG] [net.minecraftforge.fml.AutomaticEventSubscriber/LOADING]: Auto-subscribing com.inovactio.awakenawakennomi.entities.projectiles.kuku.KukuProjectiles to MOD
[27Aug2026 22:17:13.274] [modloading-worker-0/DEBUG] [net.minecraftforge.fml.AutomaticEventSubscriber/LOADING]: Auto-subscribing com.inovactio.awakenawakennomi.entities.projectiles.karu.KaruProjectiles to MOD
[27Aug2026 22:17:13.274] [modloading-worker-0/DEBUG] [net.minecraftforge.fml.AutomaticEventSubscriber/LOADING]: Auto-subscribing com.inovactio.awakenawakennomi.entities.projectiles.hiso.HisoProjectiles to MOD
[27Aug2026 22:17:13.277] [modloading-worker-0/DEBUG] [net.minecraftforge.fml.AutomaticEventSubscriber/LOADING]: Auto-subscribing com.inovactio.awakenawakennomi.entities.projectiles.deka.DekaProjectiles to MOD
[27Aug2026 22:17:13.278] [modloading-worker-0/DEBUG] [net.minecraftforge.fml.AutomaticEventSubscriber/LOADING]: Auto-subscribing com.inovactio.awakenawakennomi.entities.projectiles.bomu.BomuProjectiles to MOD
[27Aug2026 22:17:13.279] [modloading-worker-0/DEBUG] [net.minecraftforge.fml.AutomaticEventSubscriber/LOADING]: Auto-subscribing com.inovactio.awakenawakennomi.entities.mobs.ability.kuku.KukuMobs to MOD
[27Aug2026 22:17:13.280] [modloading-worker-0/DEBUG] [net.minecraftforge.fml.AutomaticEventSubscriber/LOADING]: Auto-subscribing com.inovactio.awakenawakennomi.entities.mobs.ability.hana.HanaMobs to MOD
[27Aug2026 22:17:13.283] [modloading-worker-0/DEBUG] [net.minecraftforge.fml.AutomaticEventSubscriber/LOADING]: Auto-subscribing com.inovactio.awakenawakennomi.api.abilities.BlockUseAbility to FORGE
[27Aug2026 22:17:13.344] [modloading-worker-1/DEBUG] [mixin/]: Mixing perf.datapack_reload_exceptions.LootTableManagerMixin from modernfix-forge.mixins.json into net.minecraft.loot.LootTableManager
[27Aug2026 22:17:13.348] [modloading-worker-1/DEBUG] [net.minecraftforge.fml.AutomaticEventSubscriber/LOADING]: Attempting to inject @EventBusSubscriber classes into the eventbus for sophisticatedbackpacks
[27Aug2026 22:17:13.350] [modloading-worker-1/INFO] [coroutil/]: forge loader environment detected
[27Aug2026 22:17:13.355] [modloading-worker-1/DEBUG] [net.minecraftforge.fml.config.ConfigTracker/CONFIG]: Config file CoroUtil/General.toml for coroutil tracking
[27Aug2026 22:17:13.356] [modloading-worker-1/DEBUG] [net.minecraftforge.fml.AutomaticEventSubscriber/LOADING]: Attempting to inject @EventBusSubscriber classes into the eventbus for coroutil
[27Aug2026 22:17:13.356] [modloading-worker-1/DEBUG] [net.minecraftforge.fml.AutomaticEventSubscriber/LOADING]: Attempting to inject @EventBusSubscriber classes into the eventbus for lazydfu
[27Aug2026 22:17:13.373] [modloading-worker-0/DEBUG] [net.minecraftforge.fml.config.ConfigTracker/CONFIG]: Config file zitoenpiece-common.toml for zitoenpiece tracking
[27Aug2026 22:17:13.380] [modloading-worker-0/DEBUG] [net.minecraftforge.fml.config.ConfigTracker/CONFIG]: Config file zitoenpiece-haki-requirements.toml for zitoenpiece tracking
[27Aug2026 22:17:13.380] [modloading-worker-0/DEBUG] [net.minecraftforge.fml.AutomaticEventSubscriber/LOADING]: Attempting to inject @EventBusSubscriber classes into the eventbus for zitoenpiece
[27Aug2026 22:17:13.380] [modloading-worker-0/DEBUG] [net.minecraftforge.fml.AutomaticEventSubscriber/LOADING]: Auto-subscribing net.Zitoen.zitoenpiece.worldevent.events.ShiryuTraitorEvent to FORGE
[27Aug2026 22:17:13.388] [modloading-worker-0/DEBUG] [net.minecraftforge.fml.AutomaticEventSubscriber/LOADING]: Auto-subscribing net.Zitoen.zitoenpiece.worldevent.events.AdmiralWorldEventHandler to FORGE
[27Aug2026 22:17:13.390] [modloading-worker-1/DEBUG] [net.minecraftforge.fml.AutomaticEventSubscriber/LOADING]: Attempting to inject @EventBusSubscriber classes into the eventbus for mvs
[27Aug2026 22:17:13.394] [modloading-worker-0/DEBUG] [net.minecraftforge.fml.AutomaticEventSubscriber/LOADING]: Auto-subscribing net.Zitoen.zitoenpiece.worldevent.colosseum.ColosseumEventHandler to FORGE
[27Aug2026 22:17:13.397] [modloading-worker-0/DEBUG] [net.minecraftforge.fml.AutomaticEventSubscriber/LOADING]: Auto-subscribing net.Zitoen.zitoenpiece.worldevent.WorldEventHandler to FORGE
[27Aug2026 22:17:13.399] [modloading-worker-0/DEBUG] [net.minecraftforge.fml.AutomaticEventSubscriber/LOADING]: Auto-subscribing net.Zitoen.zitoenpiece.worldevent.WorldBossDamageHandler to FORGE
[27Aug2026 22:17:13.400] [modloading-worker-0/DEBUG] [net.minecraftforge.fml.AutomaticEventSubscriber/LOADING]: Auto-subscribing net.Zitoen.zitoenpiece.util.AbilityBanHelper to FORGE
[27Aug2026 22:17:13.402] [modloading-worker-0/DEBUG] [net.minecraftforge.fml.AutomaticEventSubscriber/LOADING]: Auto-subscribing net.Zitoen.zitoenpiece.notorious.RivalCapability to FORGE
[27Aug2026 22:17:13.403] [modloading-worker-0/DEBUG] [net.minecraftforge.fml.AutomaticEventSubscriber/LOADING]: Auto-subscribing net.Zitoen.zitoenpiece.notorious.NotoriousFigureSpawnHandler to FORGE
[27Aug2026 22:17:13.409] [modloading-worker-0/DEBUG] [net.minecraftforge.fml.AutomaticEventSubscriber/LOADING]: Auto-subscribing net.Zitoen.zitoenpiece.notorious.NotoriousFigureDeathHandler to FORGE
[27Aug2026 22:17:13.409] [modloading-worker-0/DEBUG] [net.minecraftforge.fml.AutomaticEventSubscriber/LOADING]: Auto-subscribing net.Zitoen.zitoenpiece.items.SealedKnotPickupBlocker to FORGE
[27Aug2026 22:17:13.411] [modloading-worker-0/DEBUG] [net.minecraftforge.fml.AutomaticEventSubscriber/LOADING]: Auto-subscribing net.Zitoen.zitoenpiece.items.SealedKnotBlocker to FORGE
[27Aug2026 22:17:13.413] [modloading-worker-0/DEBUG] [net.minecraftforge.fml.AutomaticEventSubscriber/LOADING]: Auto-subscribing net.Zitoen.zitoenpiece.init.ZitoenAttributes to MOD
[27Aug2026 22:17:13.414] [modloading-worker-0/DEBUG] [net.minecraftforge.fml.AutomaticEventSubscriber/LOADING]: Auto-subscribing net.Zitoen.zitoenpiece.init.ModProfessions to MOD
[27Aug2026 22:17:13.418] [modloading-worker-0/DEBUG] [net.minecraftforge.fml.AutomaticEventSubscriber/LOADING]: Auto-subscribing net.Zitoen.zitoenpiece.init.ModItems to MOD
[27Aug2026 22:17:13.419] [modloading-worker-0/DEBUG] [net.minecraftforge.fml.AutomaticEventSubscriber/LOADING]: Auto-subscribing net.Zitoen.zitoenpiece.init.ModEntityAttributes to MOD
[27Aug2026 22:17:13.420] [modloading-worker-0/DEBUG] [net.minecraftforge.fml.AutomaticEventSubscriber/LOADING]: Auto-subscribing net.Zitoen.zitoenpiece.haki.willpower.WillpowerEventHandler to FORGE
[27Aug2026 22:17:13.426] [modloading-worker-0/DEBUG] [net.minecraftforge.fml.AutomaticEventSubscriber/LOADING]: Auto-subscribing net.Zitoen.zitoenpiece.haki.willpower.WillpowerAttacher to FORGE
[27Aug2026 22:17:13.427] [modloading-worker-0/DEBUG] [net.minecraftforge.fml.AutomaticEventSubscriber/LOADING]: Auto-subscribing net.Zitoen.zitoenpiece.haki.bloom.BloomTriggerHandler to FORGE
[27Aug2026 22:17:13.428] [modloading-worker-0/DEBUG] [net.minecraftforge.fml.AutomaticEventSubscriber/LOADING]: Auto-subscribing net.Zitoen.zitoenpiece.haki.HakiMasteryEvents to FORGE
[27Aug2026 22:17:13.429] [modloading-worker-0/DEBUG] [net.minecraftforge.fml.AutomaticEventSubscriber/LOADING]: Auto-subscribing net.Zitoen.zitoenpiece.haki.HakiMasteryDamageHandler to FORGE
[27Aug2026 22:17:13.430] [modloading-worker-0/DEBUG] [net.minecraftforge.fml.AutomaticEventSubscriber/LOADING]: Auto-subscribing net.Zitoen.zitoenpiece.events.yonko.YonkoDemotionTicker to FORGE
[27Aug2026 22:17:13.431] [modloading-worker-0/DEBUG] [net.minecraftforge.fml.AutomaticEventSubscriber/LOADING]: Auto-subscribing net.Zitoen.zitoenpiece.events.yonko.YonkoChecker to FORGE
[27Aug2026 22:17:13.432] [modloading-worker-0/DEBUG] [net.minecraftforge.fml.AutomaticEventSubscriber/LOADING]: Auto-subscribing net.Zitoen.zitoenpiece.events.yonko.YonkoChatHandler to FORGE
[27Aug2026 22:17:13.436] [modloading-worker-0/DEBUG] [net.minecraftforge.fml.AutomaticEventSubscriber/LOADING]: Auto-subscribing net.Zitoen.zitoenpiece.events.navy.NavySalaryHandler to FORGE
[27Aug2026 22:17:13.437] [modloading-worker-0/DEBUG] [net.minecraftforge.fml.AutomaticEventSubscriber/LOADING]: Auto-subscribing net.Zitoen.zitoenpiece.events.navy.NavyNpcRespawnHandler to FORGE
[27Aug2026 22:17:13.454] [modloading-worker-0/DEBUG] [net.minecraftforge.fml.AutomaticEventSubscriber/LOADING]: Auto-subscribing net.Zitoen.zitoenpiece.events.navy.NavyMissionEventHandler to FORGE
[27Aug2026 22:17:13.458] [modloading-worker-1/DEBUG] [mixin/]: Mixing IExplosionMixin from mine-mine-no-mi.mixins.json into net.minecraft.world.Explosion
[27Aug2026 22:17:13.464] [modloading-worker-0/DEBUG] [net.minecraftforge.fml.AutomaticEventSubscriber/LOADING]: Auto-subscribing net.Zitoen.zitoenpiece.events.navy.NavyEventHandler to FORGE
[27Aug2026 22:17:13.471] [modloading-worker-0/DEBUG] [net.minecraftforge.fml.AutomaticEventSubscriber/LOADING]: Auto-subscribing net.Zitoen.zitoenpiece.events.navy.NavyBribeHandler to FORGE
[27Aug2026 22:17:13.476] [modloading-worker-0/DEBUG] [net.minecraftforge.fml.AutomaticEventSubscriber/LOADING]: Auto-subscribing net.Zitoen.zitoenpiece.events.navy.MarineInviteHandler to FORGE
[27Aug2026 22:17:13.478] [modloading-worker-0/DEBUG] [net.minecraftforge.fml.AutomaticEventSubscriber/LOADING]: Auto-subscribing net.Zitoen.zitoenpiece.events.navy.MarineCapeTickHandler to FORGE
[27Aug2026 22:17:13.479] [modloading-worker-0/DEBUG] [net.minecraftforge.fml.AutomaticEventSubscriber/LOADING]: Auto-subscribing net.Zitoen.zitoenpiece.events.navy.AdmiralSummonHandler to FORGE
[27Aug2026 22:17:13.484] [modloading-worker-0/DEBUG] [net.minecraftforge.fml.AutomaticEventSubscriber/LOADING]: Auto-subscribing net.Zitoen.zitoenpiece.events.navy.AdmiralStrikeHandler to FORGE
[27Aug2026 22:17:13.485] [modloading-worker-0/DEBUG] [net.minecraftforge.fml.AutomaticEventSubscriber/LOADING]: Auto-subscribing net.Zitoen.zitoenpiece.events.navy.AdmiralCodenameHandler to FORGE
[27Aug2026 22:17:13.488] [modloading-worker-0/DEBUG] [net.minecraftforge.fml.AutomaticEventSubscriber/LOADING]: Auto-subscribing net.Zitoen.zitoenpiece.events.morgans.MorganEventListener to FORGE
[27Aug2026 22:17:13.489] [modloading-worker-0/DEBUG] [net.minecraftforge.fml.AutomaticEventSubscriber/LOADING]: Auto-subscribing net.Zitoen.zitoenpiece.events.limb.LimbSeveringHandler to FORGE
[27Aug2026 22:17:13.497] [modloading-worker-0/DEBUG] [net.minecraftforge.fml.AutomaticEventSubscriber/LOADING]: Auto-subscribing net.Zitoen.zitoenpiece.events.limb.LimbHealingHandler to FORGE
[27Aug2026 22:17:13.499] [modloading-worker-0/DEBUG] [net.minecraftforge.fml.AutomaticEventSubscriber/LOADING]: Auto-subscribing net.Zitoen.zitoenpiece.events.limb.LimbFunctionalEvents to FORGE
[27Aug2026 22:17:13.505] [modloading-worker-0/DEBUG] [net.minecraftforge.fml.AutomaticEventSubscriber/LOADING]: Auto-subscribing net.Zitoen.zitoenpiece.events.impeldown.RaiderAssaultEvent to FORGE
[27Aug2026 22:17:13.510] [modloading-worker-0/DEBUG] [net.minecraftforge.fml.AutomaticEventSubscriber/LOADING]: Auto-subscribing net.Zitoen.zitoenpiece.events.impeldown.PrisonEventScheduler to FORGE
[27Aug2026 22:17:13.511] [modloading-worker-0/DEBUG] [net.minecraftforge.fml.AutomaticEventSubscriber/LOADING]: Auto-subscribing net.Zitoen.zitoenpiece.events.impeldown.CellSelectorHandler to FORGE
[27Aug2026 22:17:13.511] [modloading-worker-0/DEBUG] [net.minecraftforge.fml.AutomaticEventSubscriber/LOADING]: Auto-subscribing net.Zitoen.zitoenpiece.events.hakuba.HakubaTriggerHandler to FORGE
[27Aug2026 22:17:13.517] [modloading-worker-0/DEBUG] [net.minecraftforge.fml.AutomaticEventSubscriber/LOADING]: Auto-subscribing net.Zitoen.zitoenpiece.events.hakuba.HakubaController to FORGE
[27Aug2026 22:17:13.526] [modloading-worker-0/DEBUG] [net.minecraftforge.fml.AutomaticEventSubscriber/LOADING]: Auto-subscribing net.Zitoen.zitoenpiece.events.hakuba.HakubaCapabilityEvents to FORGE
[27Aug2026 22:17:13.527] [modloading-worker-0/DEBUG] [net.minecraftforge.fml.AutomaticEventSubscriber/LOADING]: Auto-subscribing net.Zitoen.zitoenpiece.events.hakisystem.TransmissionWhisperEventHandler to FORGE
[27Aug2026 22:17:13.527] [modloading-worker-0/DEBUG] [net.minecraftforge.fml.AutomaticEventSubscriber/LOADING]: Auto-subscribing net.Zitoen.zitoenpiece.events.hakisystem.TrainingProgressHandler to FORGE
[27Aug2026 22:17:13.534] [modloading-worker-0/DEBUG] [net.minecraftforge.fml.AutomaticEventSubscriber/LOADING]: Auto-subscribing net.Zitoen.zitoenpiece.events.hakisystem.NaturalProgressionHandler to FORGE
[27Aug2026 22:17:13.537] [modloading-worker-0/DEBUG] [net.minecraftforge.fml.AutomaticEventSubscriber/LOADING]: Auto-subscribing net.Zitoen.zitoenpiece.events.hakisystem.LoginSyncHandler to FORGE
[27Aug2026 22:17:13.538] [modloading-worker-0/DEBUG] [net.minecraftforge.fml.AutomaticEventSubscriber/LOADING]: Auto-subscribing net.Zitoen.zitoenpiece.events.hakisystem.ImbuingDamageHandler to FORGE
[27Aug2026 22:17:13.539] [modloading-worker-0/DEBUG] [net.minecraftforge.fml.AutomaticEventSubscriber/LOADING]: Auto-subscribing net.Zitoen.zitoenpiece.events.hakisystem.HakiSubStatsGainHandler to FORGE
[27Aug2026 22:17:13.541] [modloading-worker-0/DEBUG] [net.minecraftforge.fml.AutomaticEventSubscriber/LOADING]: Auto-subscribing net.Zitoen.zitoenpiece.events.hakisystem.HakiStatsPersistenceHandler to FORGE
[27Aug2026 22:17:13.542] [modloading-worker-0/DEBUG] [net.minecraftforge.fml.AutomaticEventSubscriber/LOADING]: Auto-subscribing net.Zitoen.zitoenpiece.events.hakisystem.HakiLockHandler to FORGE
[27Aug2026 22:17:13.542] [modloading-worker-0/DEBUG] [net.minecraftforge.fml.AutomaticEventSubscriber/LOADING]: Auto-subscribing net.Zitoen.zitoenpiece.events.hakisystem.HakiExpInterceptor to FORGE
[27Aug2026 22:17:13.543] [modloading-worker-3/DEBUG] [mixin/]: Mixing cartaddon.abilities.ryu.pteranodon.ReworkedPteranodonFlightAbilityMixin from mixins.awaken-awaken-no-mi.json into net.mrmagicalcart.cartaddon.abilities.ryupteranodonextra.ReworkedPteranodonFlightAbility
[27Aug2026 22:17:13.543] [modloading-worker-0/DEBUG] [net.minecraftforge.fml.AutomaticEventSubscriber/LOADING]: Auto-subscribing net.Zitoen.zitoenpiece.events.hakisystem.HakiDataCloneHandler to FORGE
[27Aug2026 22:17:13.547] [modloading-worker-0/DEBUG] [net.minecraftforge.fml.AutomaticEventSubscriber/LOADING]: Auto-subscribing net.Zitoen.zitoenpiece.events.hakisystem.HakiCapabilityAttachmentHandler to FORGE
[27Aug2026 22:17:13.549] [modloading-worker-0/DEBUG] [net.minecraftforge.fml.AutomaticEventSubscriber/LOADING]: Auto-subscribing net.Zitoen.zitoenpiece.events.hakisystem.HakiAwakeningTracker to FORGE
[27Aug2026 22:17:13.554] [modloading-worker-0/DEBUG] [net.minecraftforge.fml.AutomaticEventSubscriber/LOADING]: Auto-subscribing net.Zitoen.zitoenpiece.events.hakisystem.EmotionSenseDamageHandler to FORGE
[27Aug2026 22:17:13.555] [modloading-worker-0/DEBUG] [net.minecraftforge.fml.AutomaticEventSubscriber/LOADING]: Auto-subscribing net.Zitoen.zitoenpiece.events.hakisystem.EmotionSenseAggroHandler to FORGE
[27Aug2026 22:17:13.556] [modloading-worker-0/DEBUG] [net.minecraftforge.fml.AutomaticEventSubscriber/LOADING]: Auto-subscribing net.Zitoen.zitoenpiece.events.hakisystem.ConquerorAwakeningServerHandler to FORGE
[27Aug2026 22:17:13.557] [modloading-worker-0/DEBUG] [net.minecraftforge.fml.AutomaticEventSubscriber/LOADING]: Auto-subscribing net.Zitoen.zitoenpiece.events.hakisystem.ConqAwakeningKnockHandler to FORGE
[27Aug2026 22:17:13.557] [modloading-worker-0/DEBUG] [net.minecraftforge.fml.AutomaticEventSubscriber/LOADING]: Auto-subscribing net.Zitoen.zitoenpiece.events.hakisystem.ClairvoyanceDamageHandler to FORGE
[27Aug2026 22:17:13.558] [modloading-worker-0/DEBUG] [net.minecraftforge.fml.AutomaticEventSubscriber/LOADING]: Auto-subscribing net.Zitoen.zitoenpiece.events.hakisystem.CapabilityAttachmentHandler to FORGE
[27Aug2026 22:17:13.559] [modloading-worker-0/DEBUG] [net.minecraftforge.fml.AutomaticEventSubscriber/LOADING]: Auto-subscribing net.Zitoen.zitoenpiece.events.hakisystem.AwakeningStatsSyncEvents to FORGE
[27Aug2026 22:17:13.560] [modloading-worker-0/DEBUG] [net.minecraftforge.fml.AutomaticEventSubscriber/LOADING]: Auto-subscribing net.Zitoen.zitoenpiece.events.hakisystem.AwakeningStatsPersistenceHandler to FORGE
[27Aug2026 22:17:13.561] [modloading-worker-1/DEBUG] [net.minecraftforge.fml.AutomaticEventSubscriber/LOADING]: Attempting to inject @EventBusSubscriber classes into the eventbus for architectury
[27Aug2026 22:17:13.561] [modloading-worker-0/DEBUG] [net.minecraftforge.fml.AutomaticEventSubscriber/LOADING]: Auto-subscribing net.Zitoen.zitoenpiece.events.hakisystem.AbilityRegrantHandler to FORGE
[27Aug2026 22:17:13.561] [modloading-worker-1/DEBUG] [net.minecraftforge.fml.AutomaticEventSubscriber/LOADING]: Auto-subscribing me.shedaniel.architectury.networking.forge.NetworkManagerImpl to FORGE
[27Aug2026 22:17:13.562] [modloading-worker-0/DEBUG] [net.minecraftforge.fml.AutomaticEventSubscriber/LOADING]: Auto-subscribing net.Zitoen.zitoenpiece.events.hakisystem.AbilityProgressionTracker to FORGE
[27Aug2026 22:17:13.568] [modloading-worker-0/DEBUG] [net.minecraftforge.fml.AutomaticEventSubscriber/LOADING]: Auto-subscribing net.Zitoen.zitoenpiece.events.hakisystem.AbilityPersistenceHandler to FORGE
[27Aug2026 22:17:13.569] [modloading-worker-0/DEBUG] [net.minecraftforge.fml.AutomaticEventSubscriber/LOADING]: Auto-subscribing net.Zitoen.zitoenpiece.events.hakiclash.ClashLightningHandler to FORGE
[27Aug2026 22:17:13.571] [modloading-worker-0/DEBUG] [net.minecraftforge.fml.AutomaticEventSubscriber/LOADING]: Auto-subscribing net.Zitoen.zitoenpiece.events.hakiclash.ClashEventHandler to FORGE
[27Aug2026 22:17:13.584] [modloading-worker-0/DEBUG] [net.minecraftforge.fml.AutomaticEventSubscriber/LOADING]: Auto-subscribing net.Zitoen.zitoenpiece.events.faction.FactionAllyEventHandler to FORGE
[27Aug2026 22:17:13.597] [modloading-worker-1/DEBUG] [net.minecraftforge.fml.AutomaticEventSubscriber/LOADING]: Auto-subscribing me.shedaniel.architectury.registry.trade.forge.TradeRegistryImpl to FORGE
[27Aug2026 22:17:13.597] [modloading-worker-0/DEBUG] [net.minecraftforge.fml.AutomaticEventSubscriber/LOADING]: Auto-subscribing net.Zitoen.zitoenpiece.events.crew.CrewBountyEvents to FORGE
[27Aug2026 22:17:13.598] [modloading-worker-0/DEBUG] [net.minecraftforge.fml.AutomaticEventSubscriber/LOADING]: Auto-subscribing net.Zitoen.zitoenpiece.events.WillpowerSyncHandler to FORGE
[27Aug2026 22:17:13.599] [modloading-worker-0/DEBUG] [net.minecraftforge.fml.AutomaticEventSubscriber/LOADING]: Auto-subscribing net.Zitoen.zitoenpiece.events.ToughnessPiercingHandler to FORGE
[27Aug2026 22:17:13.600] [modloading-worker-0/DEBUG] [net.minecraftforge.fml.AutomaticEventSubscriber/LOADING]: Auto-subscribing net.Zitoen.zitoenpiece.events.TerritoryMaintenanceHandler to FORGE
[27Aug2026 22:17:13.601] [modloading-worker-1/DEBUG] [net.minecraftforge.fml.AutomaticEventSubscriber/LOADING]: Auto-subscribing me.shedaniel.architectury.registry.forge.BiomeModificationsImpl to FORGE
[27Aug2026 22:17:13.604] [modloading-worker-0/DEBUG] [net.minecraftforge.fml.AutomaticEventSubscriber/LOADING]: Auto-subscribing net.Zitoen.zitoenpiece.events.TerritoryEventHandler to FORGE
[27Aug2026 22:17:13.605] [modloading-worker-0/DEBUG] [net.minecraftforge.fml.AutomaticEventSubscriber/LOADING]: Auto-subscribing net.Zitoen.zitoenpiece.events.SealedKnotEffectHandler to FORGE
[27Aug2026 22:17:13.606] [modloading-worker-1/DEBUG] [net.minecraftforge.fml.AutomaticEventSubscriber/LOADING]: Auto-subscribing me.shedaniel.architectury.registry.forge.ReloadListenersImpl to FORGE
[27Aug2026 22:17:13.608] [modloading-worker-0/DEBUG] [net.minecraftforge.fml.AutomaticEventSubscriber/LOADING]: Auto-subscribing net.Zitoen.zitoenpiece.events.PlayerEvents to FORGE
[27Aug2026 22:17:13.610] [modloading-worker-0/DEBUG] [net.minecraftforge.fml.AutomaticEventSubscriber/LOADING]: Auto-subscribing net.Zitoen.zitoenpiece.events.PirateAchievementEvents to FORGE
[27Aug2026 22:17:13.610] [modloading-worker-0/DEBUG] [net.minecraftforge.fml.AutomaticEventSubscriber/LOADING]: Auto-subscribing net.Zitoen.zitoenpiece.events.ModCapabilityEvents to FORGE
[27Aug2026 22:17:13.611] [modloading-worker-0/DEBUG] [net.minecraftforge.fml.AutomaticEventSubscriber/LOADING]: Auto-subscribing net.Zitoen.zitoenpiece.events.KnockdownHandler to FORGE
[27Aug2026 22:17:13.617] [modloading-worker-0/DEBUG] [net.minecraftforge.fml.AutomaticEventSubscriber/LOADING]: Auto-subscribing net.Zitoen.zitoenpiece.events.KnockdownCapabilityEvents to FORGE
[27Aug2026 22:17:13.617] [modloading-worker-0/DEBUG] [net.minecraftforge.fml.AutomaticEventSubscriber/LOADING]: Auto-subscribing net.Zitoen.zitoenpiece.events.InfusedWeaponFruitEvents to FORGE
[27Aug2026 22:17:13.625] [modloading-worker-0/DEBUG] [net.minecraftforge.fml.AutomaticEventSubscriber/LOADING]: Auto-subscribing net.Zitoen.zitoenpiece.events.HandcuffRightClickHandler to FORGE
[27Aug2026 22:17:13.626] [modloading-worker-0/DEBUG] [net.minecraftforge.fml.AutomaticEventSubscriber/LOADING]: Auto-subscribing net.Zitoen.zitoenpiece.events.FutureSightRevealEventHandler to FORGE
[27Aug2026 22:17:13.627] [modloading-worker-0/DEBUG] [net.minecraftforge.fml.AutomaticEventSubscriber/LOADING]: Auto-subscribing net.Zitoen.zitoenpiece.events.EmptyTagCleanupHandler to FORGE
[27Aug2026 22:17:13.627] [modloading-worker-0/DEBUG] [net.minecraftforge.fml.AutomaticEventSubscriber/LOADING]: Auto-subscribing net.Zitoen.zitoenpiece.events.EffectNullificationEventHandler to FORGE
[27Aug2026 22:17:13.628] [modloading-worker-2/DEBUG] [mixin/]: Mixing GomuHelperMixin from hito_hito_no_mi_nika.mixin.json into xyz.pixelatedw.mineminenomi.abilities.gomu.GomuHelper
[27Aug2026 22:17:13.632] [modloading-worker-0/DEBUG] [net.minecraftforge.fml.AutomaticEventSubscriber/LOADING]: Auto-subscribing net.Zitoen.zitoenpiece.events.CombatFoodBlocker to FORGE
[27Aug2026 22:17:13.634] [modloading-worker-0/DEBUG] [net.minecraftforge.fml.AutomaticEventSubscriber/LOADING]: Auto-subscribing net.Zitoen.zitoenpiece.events.ClashHakiDrainHandler to FORGE
[27Aug2026 22:17:13.638] [modloading-worker-0/DEBUG] [net.minecraftforge.fml.AutomaticEventSubscriber/LOADING]: Auto-subscribing net.Zitoen.zitoenpiece.effects.KnockedOutEffect$InvulnerabilityHandler to FORGE
[27Aug2026 22:17:13.638] [modloading-worker-0/DEBUG] [net.minecraftforge.fml.AutomaticEventSubscriber/LOADING]: Auto-subscribing net.Zitoen.zitoenpiece.duels.MihawkDuelEventHandler to FORGE
[27Aug2026 22:17:13.639] [modloading-worker-0/DEBUG] [net.minecraftforge.fml.AutomaticEventSubscriber/LOADING]: Auto-subscribing net.Zitoen.zitoenpiece.duels.DuelKnockdownHandler to FORGE
[27Aug2026 22:17:13.640] [modloading-worker-0/DEBUG] [net.minecraftforge.fml.AutomaticEventSubscriber/LOADING]: Auto-subscribing net.Zitoen.zitoenpiece.duels.DuelEventHandler to FORGE
[27Aug2026 22:17:13.645] [modloading-worker-2/DEBUG] [mixin/]: Mixing abilityunlocks.BusoshokuFullBodyHardeningUnlockMixin from zitoenpiece.mixins.json into xyz.pixelatedw.mineminenomi.abilities.haki.BusoshokuHakiFullBodyHardeningAbility
[27Aug2026 22:17:13.645] [modloading-worker-0/DEBUG] [net.minecraftforge.fml.AutomaticEventSubscriber/LOADING]: Auto-subscribing net.Zitoen.zitoenpiece.davyback.DavyBackEventHandler to FORGE
[27Aug2026 22:17:13.646] [modloading-worker-2/DEBUG] [mixin/]: Renaming synthetic method lambda$overrideCanUnlock$0(Lnet/Zitoen/zitoenpiece/haki/willpower/IWillpowerData;)Ljava/lang/Boolean; to md61ad08$lambda$overrideCanUnlock$0$0 in zitoenpiece.mixins.json:abilityunlocks.BusoshokuFullBodyHardeningUnlockMixin
[27Aug2026 22:17:13.649] [modloading-worker-2/DEBUG] [mixin/]: Mixing hakichanges.BusoshokuHakiFullBodyHardeningMixin from zitoenpiece.mixins.json into xyz.pixelatedw.mineminenomi.abilities.haki.BusoshokuHakiFullBodyHardeningAbility
[27Aug2026 22:17:13.649] [modloading-worker-2/DEBUG] [mixin/]: Renaming synthetic method lambda$zitoenpiece$onUseEventSubStats$2(Lnet/minecraft/entity/LivingEntity;)Z to md61ad08$lambda$zitoenpiece$onUseEventSubStats$2$1 in zitoenpiece.mixins.json:hakichanges.BusoshokuHakiFullBodyHardeningMixin
[27Aug2026 22:17:13.649] [modloading-worker-2/DEBUG] [mixin/]: Renaming synthetic method lambda$zitoenpiece$onUseEventSubStats$1(Lnet/minecraft/entity/LivingEntity;)Z to md61ad08$lambda$zitoenpiece$onUseEventSubStats$1$2 in zitoenpiece.mixins.json:hakichanges.BusoshokuHakiFullBodyHardeningMixin
[27Aug2026 22:17:13.649] [modloading-worker-2/DEBUG] [mixin/]: Renaming synthetic method lambda$zitoenpiece$onUseEventSubStats$0(Lnet/minecraft/entity/LivingEntity;)Z to md61ad08$lambda$zitoenpiece$onUseEventSubStats$0$3 in zitoenpiece.mixins.json:hakichanges.BusoshokuHakiFullBodyHardeningMixin
[27Aug2026 22:17:13.650] [modloading-worker-2/DEBUG] [mixin/]: Renaming @Unique field ARMOR_UUIDLjava/util/UUID; to fd61ad08$ARMOR_UUID$0 in zitoenpiece.mixins.json:hakichanges.BusoshokuHakiFullBodyHardeningMixin
[27Aug2026 22:17:13.650] [modloading-worker-2/DEBUG] [mixin/]: Renaming @Unique field TOUGHNESS_UUIDLjava/util/UUID; to fd61ad08$TOUGHNESS_UUID$1 in zitoenpiece.mixins.json:hakichanges.BusoshokuHakiFullBodyHardeningMixin
[27Aug2026 22:17:13.662] [modloading-worker-1/DEBUG] [net.minecraftforge.fml.AutomaticEventSubscriber/LOADING]: Attempting to inject @EventBusSubscriber classes into the eventbus for ftblibrary
[27Aug2026 22:17:13.675] [modloading-worker-2/DEBUG] [mixin/]: Mixing mineminenomi.GearFifthAbilityMixin from mixins.awaken-awaken-no-mi.json into xyz.pixelatedw.mineminenomi.abilities.gomu.GearFifthAbility
[27Aug2026 22:17:13.680] [modloading-worker-1/DEBUG] [net.minecraftforge.fml.config.ConfigTracker/CONFIG]: Config file lootr-common.toml for lootr tracking
[27Aug2026 22:17:13.680] [modloading-worker-1/DEBUG] [net.minecraftforge.fml.config.ConfigTracker/CONFIG]: Config file lootr-client.toml for lootr tracking
[27Aug2026 22:17:13.682] [modloading-worker-2/DEBUG] [mixin/]: Mixing GomuGatlingMixin from cartaddon.mixins.json into xyz.pixelatedw.mineminenomi.abilities.gomu.GomuGomuNoGatlingAbility
[27Aug2026 22:17:13.687] [modloading-worker-1/DEBUG] [net.minecraftforge.fml.AutomaticEventSubscriber/LOADING]: Attempting to inject @EventBusSubscriber classes into the eventbus for lootr
[27Aug2026 22:17:13.692] [modloading-worker-1/DEBUG] [net.minecraftforge.fml.AutomaticEventSubscriber/LOADING]: Auto-subscribing noobanidus.mods.lootr.setup.CommonSetup to MOD
[27Aug2026 22:17:13.693] [modloading-worker-1/DEBUG] [net.minecraftforge.fml.AutomaticEventSubscriber/LOADING]: Auto-subscribing noobanidus.mods.lootr.init.ModTiles to MOD
[27Aug2026 22:17:13.689] [modloading-worker-0/DEBUG] [net.minecraftforge.fml.AutomaticEventSubscriber/LOADING]: Auto-subscribing net.Zitoen.zitoenpiece.data.wg.JailerDevotionHooks to FORGE
[27Aug2026 22:17:13.695] [modloading-worker-0/DEBUG] [net.minecraftforge.fml.AutomaticEventSubscriber/LOADING]: Auto-subscribing net.Zitoen.zitoenpiece.data.wg.DevotionSyncHandler to FORGE
[27Aug2026 22:17:13.696] [modloading-worker-0/DEBUG] [net.minecraftforge.fml.AutomaticEventSubscriber/LOADING]: Auto-subscribing net.Zitoen.zitoenpiece.data.wg.DevotionCapability to FORGE
[27Aug2026 22:17:13.697] [modloading-worker-0/DEBUG] [net.minecraftforge.fml.AutomaticEventSubscriber/LOADING]: Auto-subscribing net.Zitoen.zitoenpiece.data.traits.traits.WillOfD to FORGE
[27Aug2026 22:17:13.700] [modloading-worker-0/DEBUG] [net.minecraftforge.fml.AutomaticEventSubscriber/LOADING]: Auto-subscribing net.Zitoen.zitoenpiece.data.traits.traits.Underdog to FORGE
[27Aug2026 22:17:13.701] [modloading-worker-0/DEBUG] [net.minecraftforge.fml.AutomaticEventSubscriber/LOADING]: Auto-subscribing net.Zitoen.zitoenpiece.data.traits.traits.ThreeEyedLineageUnlockHandler to FORGE
[27Aug2026 22:17:13.702] [modloading-worker-0/DEBUG] [net.minecraftforge.fml.AutomaticEventSubscriber/LOADING]: Auto-subscribing net.Zitoen.zitoenpiece.data.traits.traits.ThreeEyedLineage to FORGE
[27Aug2026 22:17:13.702] [modloading-worker-0/DEBUG] [net.minecraftforge.fml.AutomaticEventSubscriber/LOADING]: Auto-subscribing net.Zitoen.zitoenpiece.data.traits.traits.TalentedLearner to FORGE
[27Aug2026 22:17:13.703] [modloading-worker-0/DEBUG] [net.minecraftforge.fml.AutomaticEventSubscriber/LOADING]: Auto-subscribing net.Zitoen.zitoenpiece.data.traits.traits.Royalty to FORGE
[27Aug2026 22:17:13.705] [modloading-worker-0/DEBUG] [net.minecraftforge.fml.AutomaticEventSubscriber/LOADING]: Auto-subscribing net.Zitoen.zitoenpiece.data.traits.traits.Noble to FORGE
[27Aug2026 22:17:13.707] [modloading-worker-0/DEBUG] [net.minecraftforge.fml.AutomaticEventSubscriber/LOADING]: Auto-subscribing net.Zitoen.zitoenpiece.data.traits.traits.Loyal to FORGE
[27Aug2026 22:17:13.711] [modloading-worker-2/DEBUG] [mixin/]: Mixing mineminenomi.GomuGomuNoGiantAbilityMixin from mixins.awaken-awaken-no-mi.json into xyz.pixelatedw.mineminenomi.abilities.gomu.GomuGomuNoGigantAbility
[27Aug2026 22:17:13.716] [modloading-worker-0/DEBUG] [net.minecraftforge.fml.AutomaticEventSubscriber/LOADING]: Auto-subscribing net.Zitoen.zitoenpiece.data.traits.traits.Lazy to FORGE
[27Aug2026 22:17:13.716] [modloading-worker-2/DEBUG] [mixin/]: Mixing mineminenomi.GomuGomuNoDawnWhipAbilityMixin from mixins.awaken-awaken-no-mi.json into xyz.pixelatedw.mineminenomi.abilities.gomu.GomuGomuNoDawnWhipAbility
[27Aug2026 22:17:13.716] [modloading-worker-0/DEBUG] [net.minecraftforge.fml.AutomaticEventSubscriber/LOADING]: Auto-subscribing net.Zitoen.zitoenpiece.data.traits.traits.Fraud to FORGE
[27Aug2026 22:17:13.719] [modloading-worker-0/DEBUG] [net.minecraftforge.fml.AutomaticEventSubscriber/LOADING]: Auto-subscribing net.Zitoen.zitoenpiece.data.traits.traits.CelestialDragonBlood to FORGE
[27Aug2026 22:17:13.720] [modloading-worker-0/DEBUG] [net.minecraftforge.fml.AutomaticEventSubscriber/LOADING]: Auto-subscribing net.Zitoen.zitoenpiece.data.traits.traits.Blinded to FORGE
[27Aug2026 22:17:13.721] [modloading-worker-0/DEBUG] [net.minecraftforge.fml.AutomaticEventSubscriber/LOADING]: Auto-subscribing net.Zitoen.zitoenpiece.data.traits.traits.BigEater to FORGE
[27Aug2026 22:17:13.723] [modloading-worker-0/DEBUG] [net.minecraftforge.fml.AutomaticEventSubscriber/LOADING]: Auto-subscribing net.Zitoen.zitoenpiece.data.traits.TraitEventsServer to FORGE
[27Aug2026 22:17:13.724] [modloading-worker-0/DEBUG] [net.minecraftforge.fml.AutomaticEventSubscriber/LOADING]: Auto-subscribing net.Zitoen.zitoenpiece.data.traits.TraitEvents to FORGE
[27Aug2026 22:17:13.725] [modloading-worker-1/DEBUG] [net.minecraftforge.fml.AutomaticEventSubscriber/LOADING]: Auto-subscribing noobanidus.mods.lootr.init.ModItems to MOD
[27Aug2026 22:17:13.725] [modloading-worker-0/DEBUG] [net.minecraftforge.fml.AutomaticEventSubscriber/LOADING]: Auto-subscribing net.Zitoen.zitoenpiece.data.titles.TitleEvents to FORGE
[27Aug2026 22:17:13.726] [modloading-worker-0/DEBUG] [net.minecraftforge.fml.AutomaticEventSubscriber/LOADING]: Auto-subscribing net.Zitoen.zitoenpiece.data.titles.TitleDataCapability to FORGE
[27Aug2026 22:17:13.726] [modloading-worker-1/DEBUG] [net.minecraftforge.fml.AutomaticEventSubscriber/LOADING]: Auto-subscribing noobanidus.mods.lootr.init.ModEntities to MOD
[27Aug2026 22:17:13.728] [modloading-worker-0/DEBUG] [net.minecraftforge.fml.AutomaticEventSubscriber/LOADING]: Auto-subscribing net.Zitoen.zitoenpiece.data.profession.smith.MetalsmithHandler to FORGE
[27Aug2026 22:17:13.730] [modloading-worker-0/DEBUG] [net.minecraftforge.fml.AutomaticEventSubscriber/LOADING]: Auto-subscribing net.Zitoen.zitoenpiece.data.profession.shipwright.ShipwrightBoatHandler to FORGE
[27Aug2026 22:17:13.730] [modloading-worker-1/DEBUG] [net.minecraftforge.fml.AutomaticEventSubscriber/LOADING]: Auto-subscribing noobanidus.mods.lootr.init.ModBlocks to MOD
[27Aug2026 22:17:13.730] [modloading-worker-1/DEBUG] [net.minecraftforge.fml.AutomaticEventSubscriber/LOADING]: Auto-subscribing noobanidus.mods.lootr.gen.LootrDataGenerators to MOD
[27Aug2026 22:17:13.731] [modloading-worker-0/DEBUG] [net.minecraftforge.fml.AutomaticEventSubscriber/LOADING]: Auto-subscribing net.Zitoen.zitoenpiece.data.profession.shipwright.CarpenterHandler to FORGE
[27Aug2026 22:17:13.731] [modloading-worker-1/DEBUG] [net.minecraftforge.fml.AutomaticEventSubscriber/LOADING]: Auto-subscribing noobanidus.mods.lootr.event.HandleMigrate to FORGE
[27Aug2026 22:17:13.732] [modloading-worker-0/DEBUG] [net.minecraftforge.fml.AutomaticEventSubscriber/LOADING]: Auto-subscribing net.Zitoen.zitoenpiece.data.profession.scout.ScoutEventHandler to FORGE
[27Aug2026 22:17:13.733] [modloading-worker-1/DEBUG] [net.minecraftforge.fml.AutomaticEventSubscriber/LOADING]: Auto-subscribing noobanidus.mods.lootr.event.HandleCart to FORGE
[27Aug2026 22:17:13.733] [modloading-worker-0/DEBUG] [net.minecraftforge.fml.AutomaticEventSubscriber/LOADING]: Auto-subscribing net.Zitoen.zitoenpiece.data.profession.scientist.ScientistBrewingHandler to FORGE
[27Aug2026 22:17:13.733] [modloading-worker-1/DEBUG] [net.minecraftforge.fml.AutomaticEventSubscriber/LOADING]: Auto-subscribing noobanidus.mods.lootr.event.HandleBreak to FORGE
[27Aug2026 22:17:13.734] [modloading-worker-0/DEBUG] [net.minecraftforge.fml.AutomaticEventSubscriber/LOADING]: Auto-subscribing net.Zitoen.zitoenpiece.data.profession.navigator.PinpointTrackingHandler to FORGE
[27Aug2026 22:17:13.734] [modloading-worker-1/DEBUG] [net.minecraftforge.fml.AutomaticEventSubscriber/LOADING]: Auto-subscribing noobanidus.mods.lootr.event.HandleAdvancement to FORGE
[27Aug2026 22:17:13.734] [modloading-worker-1/DEBUG] [net.minecraftforge.fml.AutomaticEventSubscriber/LOADING]: Auto-subscribing noobanidus.mods.lootr.entity.EntityTicker to FORGE
[27Aug2026 22:17:13.735] [modloading-worker-1/DEBUG] [net.minecraftforge.fml.AutomaticEventSubscriber/LOADING]: Auto-subscribing noobanidus.mods.lootr.config.ConfigManager to MOD
[27Aug2026 22:17:13.735] [modloading-worker-0/DEBUG] [net.minecraftforge.fml.AutomaticEventSubscriber/LOADING]: Auto-subscribing net.Zitoen.zitoenpiece.data.profession.helmsman.HelmBoatHandler to FORGE
[27Aug2026 22:17:13.735] [modloading-worker-1/DEBUG] [net.minecraftforge.fml.AutomaticEventSubscriber/LOADING]: Auto-subscribing noobanidus.mods.lootr.block.tile.TileTicker to FORGE
[27Aug2026 22:17:13.736] [modloading-worker-0/DEBUG] [net.minecraftforge.fml.AutomaticEventSubscriber/LOADING]: Auto-subscribing net.Zitoen.zitoenpiece.data.profession.helmsman.BubbleColumnHandler to FORGE
[27Aug2026 22:17:13.737] [modloading-worker-0/DEBUG] [net.minecraftforge.fml.AutomaticEventSubscriber/LOADING]: Auto-subscribing net.Zitoen.zitoenpiece.data.profession.fisherman.FishingEventHandler to FORGE
[27Aug2026 22:17:13.738] [modloading-worker-0/DEBUG] [net.minecraftforge.fml.AutomaticEventSubscriber/LOADING]: Auto-subscribing net.Zitoen.zitoenpiece.data.profession.doctor.DoctorXPEventHandler to FORGE
[27Aug2026 22:17:13.738] [modloading-worker-1/INFO] [com.fruitreworks.FruitReworks/]: Initializing Ice Ice Fruit Rework mod...
[27Aug2026 22:17:13.739] [modloading-worker-0/DEBUG] [mixin/]: Mixing profession.FirstAidAbilityMixin from zitoenpiece.mixins.json into xyz.pixelatedw.mineminenomi.abilities.doctor.FirstAidAbility
[27Aug2026 22:17:13.740] [modloading-worker-1/DEBUG] [net.minecraftforge.fml.config.ConfigTracker/CONFIG]: Config file fruitreworks-common.toml for fruitreworks tracking
[27Aug2026 22:17:13.743] [modloading-worker-0/DEBUG] [mixin/]: Mixing profession.DopingAbilityMixin from zitoenpiece.mixins.json into xyz.pixelatedw.mineminenomi.abilities.doctor.DopingAbility
[27Aug2026 22:17:13.744] [modloading-worker-1/INFO] [com.fruitreworks.FruitReworks/]: Registering Bomu particle types...
[27Aug2026 22:17:13.752] [modloading-worker-0/DEBUG] [net.minecraftforge.fml.AutomaticEventSubscriber/LOADING]: Auto-subscribing net.Zitoen.zitoenpiece.data.profession.cook.ChefsKissHandler to FORGE
[27Aug2026 22:17:13.753] [modloading-worker-1/INFO] [com.fruitreworks.FruitReworks/]: Registering Fruit Reworks items...
[27Aug2026 22:17:13.754] [modloading-worker-1/INFO] [com.fruitreworks.FruitReworks/]: Fruit Reworks items registered successfully!
[27Aug2026 22:17:13.757] [modloading-worker-0/DEBUG] [net.minecraftforge.fml.AutomaticEventSubscriber/LOADING]: Auto-subscribing net.Zitoen.zitoenpiece.data.profession.beastkeeper.BeastkeeperTamingHandler to FORGE
[27Aug2026 22:17:13.758] [modloading-worker-0/DEBUG] [net.minecraftforge.fml.AutomaticEventSubscriber/LOADING]: Auto-subscribing net.Zitoen.zitoenpiece.data.profession.beastkeeper.BeastkeeperRevivalHandler to FORGE
[27Aug2026 22:17:13.759] [modloading-worker-0/DEBUG] [net.minecraftforge.fml.AutomaticEventSubscriber/LOADING]: Auto-subscribing net.Zitoen.zitoenpiece.data.profession.beastkeeper.BeastkeeperAnimalHandler to FORGE
[27Aug2026 22:17:13.762] [modloading-worker-0/DEBUG] [net.minecraftforge.fml.AutomaticEventSubscriber/LOADING]: Auto-subscribing net.Zitoen.zitoenpiece.data.profession.beastkeeper.BeastkeeperAnimalDeathHandler to FORGE
[27Aug2026 22:17:13.763] [modloading-worker-0/DEBUG] [net.minecraftforge.fml.AutomaticEventSubscriber/LOADING]: Auto-subscribing net.Zitoen.zitoenpiece.data.profession.ProfessionEvents to FORGE
[27Aug2026 22:17:13.765] [modloading-worker-0/DEBUG] [net.minecraftforge.fml.AutomaticEventSubscriber/LOADING]: Auto-subscribing net.Zitoen.zitoenpiece.data.origin.OriginEventHandler to FORGE
[27Aug2026 22:17:13.766] [modloading-worker-0/DEBUG] [net.minecraftforge.fml.AutomaticEventSubscriber/LOADING]: Auto-subscribing net.Zitoen.zitoenpiece.data.origin.OriginCapability to FORGE
[27Aug2026 22:17:13.767] [modloading-worker-0/DEBUG] [net.minecraftforge.fml.AutomaticEventSubscriber/LOADING]: Auto-subscribing net.Zitoen.zitoenpiece.data.lastname.LastNameCapability to FORGE
[27Aug2026 22:17:13.768] [modloading-worker-0/DEBUG] [net.minecraftforge.fml.AutomaticEventSubscriber/LOADING]: Auto-subscribing net.Zitoen.zitoenpiece.data.lastname.LastNameAssignHandler to FORGE
[27Aug2026 22:17:13.774] [modloading-worker-0/DEBUG] [net.minecraftforge.fml.AutomaticEventSubscriber/LOADING]: Auto-subscribing net.Zitoen.zitoenpiece.data.impeldown.ShiryuSpawner to FORGE
[27Aug2026 22:17:13.775] [modloading-worker-0/DEBUG] [net.minecraftforge.fml.AutomaticEventSubscriber/LOADING]: Auto-subscribing net.Zitoen.zitoenpiece.data.impeldown.ReinforcementResponder to FORGE
[27Aug2026 22:17:13.783] [modloading-worker-0/DEBUG] [net.minecraftforge.fml.AutomaticEventSubscriber/LOADING]: Auto-subscribing net.Zitoen.zitoenpiece.data.impeldown.PrisonerLoginHandler to FORGE
[27Aug2026 22:17:13.790] [modloading-worker-0/DEBUG] [net.minecraftforge.fml.AutomaticEventSubscriber/LOADING]: Auto-subscribing net.Zitoen.zitoenpiece.data.impeldown.PrisonerCapability to FORGE
[27Aug2026 22:17:13.789] [modloading-worker-1/INFO] [com.fruitreworks.FruitReworks/]: Registering Ice Rework abilities...
[27Aug2026 22:17:13.847] [modloading-worker-1/INFO] [com.fruitreworks.FruitReworks/]: Ice Rework abilities registered successfully!
[27Aug2026 22:17:13.849] [modloading-worker-1/INFO] [com.fruitreworks.FruitReworks/]: Registering Fruit Reworks entities...
[27Aug2026 22:17:13.846] [modloading-worker-0/DEBUG] [net.minecraftforge.fml.AutomaticEventSubscriber/LOADING]: Auto-subscribing net.Zitoen.zitoenpiece.data.impeldown.MagellanSpawner to FORGE
[27Aug2026 22:17:13.850] [modloading-worker-1/INFO] [com.fruitreworks.FruitReworks/]: Fruit Reworks entities registered successfully!
[27Aug2026 22:17:13.854] [modloading-worker-0/DEBUG] [net.minecraftforge.fml.AutomaticEventSubscriber/LOADING]: Auto-subscribing net.Zitoen.zitoenpiece.data.impeldown.MagellanResponder to FORGE
[27Aug2026 22:17:13.853] [modloading-worker-1/INFO] [com.fruitreworks.FruitReworks/]: Ice Ice Fruit Rework addon initialized!
[27Aug2026 22:17:13.855] [modloading-worker-1/INFO] [com.fruitreworks.FruitReworks/]: Enhanced ice abilities will be added to Hie Hie no Mi via ModifyDevilFruitEvent
[27Aug2026 22:17:13.855] [modloading-worker-1/DEBUG] [net.minecraftforge.fml.AutomaticEventSubscriber/LOADING]: Attempting to inject @EventBusSubscriber classes into the eventbus for fruitreworks
[27Aug2026 22:17:13.855] [modloading-worker-1/DEBUG] [net.minecraftforge.fml.AutomaticEventSubscriber/LOADING]: Auto-subscribing com.fruitreworks.init.ModParticleTypes to MOD
[27Aug2026 22:17:13.855] [modloading-worker-1/DEBUG] [net.minecraftforge.fml.AutomaticEventSubscriber/LOADING]: Auto-subscribing com.fruitreworks.events.StringMeterEventHandler to FORGE
[27Aug2026 22:17:13.856] [modloading-worker-1/DEBUG] [net.minecraftforge.fml.AutomaticEventSubscriber/LOADING]: Auto-subscribing com.fruitreworks.events.StrainEventHandler to FORGE
[27Aug2026 22:17:13.860] [modloading-worker-0/DEBUG] [net.minecraftforge.fml.AutomaticEventSubscriber/LOADING]: Auto-subscribing net.Zitoen.zitoenpiece.data.impeldown.ImpelDownTickHandler to FORGE
[27Aug2026 22:17:13.861] [modloading-worker-0/DEBUG] [net.minecraftforge.fml.AutomaticEventSubscriber/LOADING]: Auto-subscribing net.Zitoen.zitoenpiece.data.impeldown.ImpelDownRestrictions to FORGE
[27Aug2026 22:17:13.863] [modloading-worker-1/DEBUG] [net.minecraftforge.fml.AutomaticEventSubscriber/LOADING]: Auto-subscribing com.fruitreworks.events.SteelMeterEventHandler to FORGE
[27Aug2026 22:17:13.869] [modloading-worker-1/DEBUG] [net.minecraftforge.fml.AutomaticEventSubscriber/LOADING]: Auto-subscribing com.fruitreworks.events.PlayerDataCleanupEvent to FORGE
[27Aug2026 22:17:13.862] [modloading-worker-0/DEBUG] [net.minecraftforge.fml.AutomaticEventSubscriber/LOADING]: Auto-subscribing net.Zitoen.zitoenpiece.data.impeldown.HandcuffTriggerHandler to FORGE
[27Aug2026 22:17:13.871] [modloading-worker-1/DEBUG] [net.minecraftforge.fml.AutomaticEventSubscriber/LOADING]: Auto-subscribing com.fruitreworks.events.PhoenixFormsEvents to FORGE
[27Aug2026 22:17:13.872] [modloading-worker-1/DEBUG] [net.minecraftforge.fml.AutomaticEventSubscriber/LOADING]: Auto-subscribing com.fruitreworks.events.PhoenixAwakeningEvents to FORGE
[27Aug2026 22:17:13.872] [modloading-worker-0/DEBUG] [net.minecraftforge.fml.AutomaticEventSubscriber/LOADING]: Auto-subscribing net.Zitoen.zitoenpiece.data.impeldown.CellKeyHandler to FORGE
[27Aug2026 22:17:13.877] [modloading-worker-0/DEBUG] [net.minecraftforge.fml.AutomaticEventSubscriber/LOADING]: Auto-subscribing net.Zitoen.zitoenpiece.data.honor.HonorEvents to FORGE
[27Aug2026 22:17:13.878] [modloading-worker-0/DEBUG] [net.minecraftforge.fml.AutomaticEventSubscriber/LOADING]: Auto-subscribing net.Zitoen.zitoenpiece.data.honor.HonorCombatEvents to FORGE
[27Aug2026 22:17:13.879] [modloading-worker-0/DEBUG] [net.minecraftforge.fml.AutomaticEventSubscriber/LOADING]: Auto-subscribing net.Zitoen.zitoenpiece.data.hakisystem.HakiSubStatsCapability to FORGE
[27Aug2026 22:17:13.876] [modloading-worker-1/DEBUG] [net.minecraftforge.fml.AutomaticEventSubscriber/LOADING]: Auto-subscribing com.fruitreworks.events.PhoenixAbilityEvents to FORGE
[27Aug2026 22:17:13.881] [modloading-worker-1/DEBUG] [net.minecraftforge.fml.AutomaticEventSubscriber/LOADING]: Auto-subscribing com.fruitreworks.events.MeterRestorationEvents to FORGE
[27Aug2026 22:17:13.882] [modloading-worker-1/DEBUG] [net.minecraftforge.fml.AutomaticEventSubscriber/LOADING]: Auto-subscribing com.fruitreworks.events.MeraAbilitiesEvents to FORGE
[27Aug2026 22:17:13.883] [modloading-worker-1/DEBUG] [net.minecraftforge.fml.AutomaticEventSubscriber/LOADING]: Auto-subscribing com.fruitreworks.events.LeopardAwakeningEvents to FORGE
[27Aug2026 22:17:13.886] [modloading-worker-1/DEBUG] [net.minecraftforge.fml.AutomaticEventSubscriber/LOADING]: Auto-subscribing com.fruitreworks.events.IceMeterEventHandler to FORGE
[27Aug2026 22:17:13.883] [modloading-worker-0/DEBUG] [net.minecraftforge.fml.AutomaticEventSubscriber/LOADING]: Auto-subscribing net.Zitoen.zitoenpiece.data.hakisystem.HakiMasteryCapability to FORGE
[27Aug2026 22:17:13.887] [modloading-worker-0/DEBUG] [net.minecraftforge.fml.AutomaticEventSubscriber/LOADING]: Auto-subscribing net.Zitoen.zitoenpiece.data.fame.FameGainHandler to FORGE
[27Aug2026 22:17:13.892] [modloading-worker-0/DEBUG] [net.minecraftforge.fml.AutomaticEventSubscriber/LOADING]: Auto-subscribing net.Zitoen.zitoenpiece.data.fame.FameCapability to FORGE
[27Aug2026 22:17:13.893] [modloading-worker-0/DEBUG] [net.minecraftforge.fml.AutomaticEventSubscriber/LOADING]: Auto-subscribing net.Zitoen.zitoenpiece.data.biography.BiographyEventHandler to FORGE
[27Aug2026 22:17:13.888] [modloading-worker-1/DEBUG] [net.minecraftforge.fml.AutomaticEventSubscriber/LOADING]: Auto-subscribing com.fruitreworks.events.IceFruitModificationEvent to FORGE
[27Aug2026 22:17:13.894] [modloading-worker-1/DEBUG] [net.minecraftforge.fml.AutomaticEventSubscriber/LOADING]: Auto-subscribing com.fruitreworks.events.HitoHitoFormsEvents to FORGE
[27Aug2026 22:17:13.895] [modloading-worker-1/DEBUG] [net.minecraftforge.fml.AutomaticEventSubscriber/LOADING]: Auto-subscribing com.fruitreworks.events.GuraDestructionEventHandler to FORGE
[27Aug2026 22:17:13.895] [modloading-worker-0/DEBUG] [net.minecraftforge.fml.AutomaticEventSubscriber/LOADING]: Auto-subscribing net.Zitoen.zitoenpiece.data.age.AgeCapabilityAttacher to FORGE
[27Aug2026 22:17:13.897] [modloading-worker-0/DEBUG] [net.minecraftforge.fml.AutomaticEventSubscriber/LOADING]: Auto-subscribing net.Zitoen.zitoenpiece.config.ZitoenPieceConfig to MOD
[27Aug2026 22:17:13.899] [modloading-worker-0/DEBUG] [net.minecraftforge.fml.AutomaticEventSubscriber/LOADING]: Auto-subscribing net.Zitoen.zitoenpiece.commands.ModCommands to FORGE
[27Aug2026 22:17:13.900] [modloading-worker-0/DEBUG] [net.minecraftforge.fml.AutomaticEventSubscriber/LOADING]: Auto-subscribing net.Zitoen.zitoenpiece.clash.HakiClashHandler to FORGE
[27Aug2026 22:17:13.901] [modloading-worker-1/DEBUG] [net.minecraftforge.fml.AutomaticEventSubscriber/LOADING]: Auto-subscribing com.fruitreworks.events.GomuAbilityRemovalHandler to FORGE
[27Aug2026 22:17:13.902] [modloading-worker-1/DEBUG] [net.minecraftforge.fml.AutomaticEventSubscriber/LOADING]: Auto-subscribing com.fruitreworks.events.FlightControllerEvents to FORGE
[27Aug2026 22:17:13.902] [modloading-worker-1/DEBUG] [net.minecraftforge.fml.AutomaticEventSubscriber/LOADING]: Auto-subscribing com.fruitreworks.events.FlameMeterEventHandler to FORGE
[27Aug2026 22:17:13.903] [modloading-worker-1/DEBUG] [net.minecraftforge.fml.AutomaticEventSubscriber/LOADING]: Auto-subscribing com.fruitreworks.events.CommandRegistrationHandler to FORGE
[27Aug2026 22:17:13.908] [modloading-worker-0/DEBUG] [net.minecraftforge.fml.AutomaticEventSubscriber/LOADING]: Auto-subscribing net.Zitoen.zitoenpiece.clash.HakiClashEvents to FORGE
[27Aug2026 22:17:13.908] [modloading-worker-1/DEBUG] [net.minecraftforge.fml.AutomaticEventSubscriber/LOADING]: Auto-subscribing com.fruitreworks.events.BruteFormEvents to FORGE
[27Aug2026 22:17:13.909] [modloading-worker-1/DEBUG] [net.minecraftforge.fml.AutomaticEventSubscriber/LOADING]: Auto-subscribing com.fruitreworks.events.BombEnergyEventHandler to FORGE
[27Aug2026 22:17:13.911] [modloading-worker-1/DEBUG] [net.minecraftforge.fml.AutomaticEventSubscriber/LOADING]: Auto-subscribing com.fruitreworks.events.ArmorFixEventHandler to FORGE
[27Aug2026 22:17:13.914] [modloading-worker-1/DEBUG] [net.minecraftforge.fml.AutomaticEventSubscriber/LOADING]: Auto-subscribing com.fruitreworks.events.AncientZoanEvents to FORGE
[27Aug2026 22:17:13.915] [modloading-worker-1/DEBUG] [net.minecraftforge.fml.AutomaticEventSubscriber/LOADING]: Auto-subscribing com.fruitreworks.events.AnalystFormEvents to FORGE
[27Aug2026 22:17:13.910] [modloading-worker-0/DEBUG] [net.minecraftforge.fml.AutomaticEventSubscriber/LOADING]: Auto-subscribing net.Zitoen.zitoenpiece.clash.ClashTracker to FORGE
[27Aug2026 22:17:13.916] [modloading-worker-0/DEBUG] [net.minecraftforge.fml.AutomaticEventSubscriber/LOADING]: Auto-subscribing net.Zitoen.zitoenpiece.capabilities.hakiclash.ClashCapability to FORGE
[27Aug2026 22:17:13.918] [modloading-worker-0/DEBUG] [net.minecraftforge.fml.AutomaticEventSubscriber/LOADING]: Auto-subscribing net.Zitoen.zitoenpiece.blades.grades.GradeDamageHandler to FORGE
[27Aug2026 22:17:13.924] [modloading-worker-0/DEBUG] [net.minecraftforge.fml.AutomaticEventSubscriber/LOADING]: Auto-subscribing net.Zitoen.zitoenpiece.blades.grades.GradeArmorHandler to FORGE
[27Aug2026 22:17:13.925] [modloading-worker-0/DEBUG] [net.minecraftforge.fml.AutomaticEventSubscriber/LOADING]: Auto-subscribing net.Zitoen.zitoenpiece.blades.df.zoan.ZoanHybridPassiveHandler to FORGE
[27Aug2026 22:17:13.927] [modloading-worker-1/DEBUG] [net.minecraftforge.fml.config.ConfigTracker/CONFIG]: Config file blitzraces-common.toml for blitzraces tracking
[27Aug2026 22:17:13.934] [modloading-worker-0/DEBUG] [net.minecraftforge.fml.AutomaticEventSubscriber/LOADING]: Auto-subscribing net.Zitoen.zitoenpiece.blades.df.zoan.ZoanHybridHitHandler to FORGE
[27Aug2026 22:17:13.943] [modloading-worker-0/DEBUG] [net.minecraftforge.fml.AutomaticEventSubscriber/LOADING]: Auto-subscribing net.Zitoen.zitoenpiece.blades.df.NaturalFusionHandler to FORGE
[27Aug2026 22:17:13.945] [modloading-worker-0/DEBUG] [net.minecraftforge.fml.AutomaticEventSubscriber/LOADING]: Auto-subscribing net.Zitoen.zitoenpiece.blades.df.InfusedWeaponTickHandler to FORGE
[27Aug2026 22:17:13.947] [modloading-worker-0/DEBUG] [net.minecraftforge.fml.AutomaticEventSubscriber/LOADING]: Auto-subscribing net.Zitoen.zitoenpiece.blades.df.InfusedWeaponFruitLimitHandler to FORGE
[27Aug2026 22:17:13.950] [modloading-worker-0/DEBUG] [net.minecraftforge.fml.AutomaticEventSubscriber/LOADING]: Auto-subscribing net.Zitoen.zitoenpiece.blades.df.InfusedWeaponEvents to FORGE
[27Aug2026 22:17:13.953] [modloading-worker-0/DEBUG] [net.minecraftforge.fml.AutomaticEventSubscriber/LOADING]: Auto-subscribing net.Zitoen.zitoenpiece.blades.df.InfusedWeaponContainerHandler to FORGE
[27Aug2026 22:17:13.960] [modloading-worker-0/DEBUG] [net.minecraftforge.fml.AutomaticEventSubscriber/LOADING]: Auto-subscribing net.Zitoen.zitoenpiece.blades.df.InfusedWeaponCapabilityHandler to FORGE
[27Aug2026 22:17:13.961] [modloading-worker-0/DEBUG] [net.minecraftforge.fml.AutomaticEventSubscriber/LOADING]: Auto-subscribing net.Zitoen.zitoenpiece.blades.df.InfusedWeaponBackupHandler to FORGE
[27Aug2026 22:17:13.965] [modloading-worker-0/DEBUG] [net.minecraftforge.fml.AutomaticEventSubscriber/LOADING]: Auto-subscribing net.Zitoen.zitoenpiece.blades.df.InfusedWeaponAbilityHandler to FORGE
[27Aug2026 22:17:13.970] [modloading-worker-0/DEBUG] [net.minecraftforge.fml.AutomaticEventSubscriber/LOADING]: Auto-subscribing net.Zitoen.zitoenpiece.blades.df.DFWeaponTickHandler to FORGE
[27Aug2026 22:17:13.980] [modloading-worker-0/DEBUG] [net.minecraftforge.fml.AutomaticEventSubscriber/LOADING]: Auto-subscribing net.Zitoen.zitoenpiece.blades.cursedblades.CursedBladeTickHandler to FORGE
[27Aug2026 22:17:13.981] [modloading-worker-0/DEBUG] [net.minecraftforge.fml.AutomaticEventSubscriber/LOADING]: Auto-subscribing net.Zitoen.zitoenpiece.blades.cursedblades.CursedBladeRightClickHandler to FORGE
[27Aug2026 22:17:13.981] [modloading-worker-0/DEBUG] [net.minecraftforge.fml.AutomaticEventSubscriber/LOADING]: Auto-subscribing net.Zitoen.zitoenpiece.blades.cursedblades.CursedBladeRebellionHandler to FORGE
[27Aug2026 22:17:13.984] [modloading-worker-0/DEBUG] [net.minecraftforge.fml.AutomaticEventSubscriber/LOADING]: Auto-subscribing net.Zitoen.zitoenpiece.blades.cursedblades.CursedBladeInsightHandler to FORGE
[27Aug2026 22:17:13.985] [modloading-worker-0/DEBUG] [net.minecraftforge.fml.AutomaticEventSubscriber/LOADING]: Auto-subscribing net.Zitoen.zitoenpiece.blades.cursedblades.CursedBladeEvents to FORGE
[27Aug2026 22:17:13.986] [modloading-worker-0/DEBUG] [net.minecraftforge.fml.AutomaticEventSubscriber/LOADING]: Auto-subscribing net.Zitoen.zitoenpiece.blades.cursedblades.CursedBladeCombatHandler to FORGE
[27Aug2026 22:17:13.987] [modloading-worker-0/DEBUG] [net.minecraftforge.fml.AutomaticEventSubscriber/LOADING]: Auto-subscribing net.Zitoen.zitoenpiece.blades.cursedblades.CursedBladeCapabilityHandler to FORGE
[27Aug2026 22:17:13.990] [modloading-worker-0/DEBUG] [net.minecraftforge.fml.AutomaticEventSubscriber/LOADING]: Auto-subscribing net.Zitoen.zitoenpiece.blades.cursedblades.CursedBladeAbilityHandler to FORGE
[27Aug2026 22:17:13.991] [modloading-worker-0/DEBUG] [net.minecraftforge.fml.AutomaticEventSubscriber/LOADING]: Auto-subscribing net.Zitoen.zitoenpiece.blades.blackblade.BlackBladeOveruseHandler to FORGE
[27Aug2026 22:17:13.992] [modloading-worker-0/DEBUG] [net.minecraftforge.fml.AutomaticEventSubscriber/LOADING]: Auto-subscribing net.Zitoen.zitoenpiece.blades.blackblade.BlackBladeEvents to FORGE
[27Aug2026 22:17:13.996] [modloading-worker-0/DEBUG] [net.minecraftforge.fml.AutomaticEventSubscriber/LOADING]: Auto-subscribing net.Zitoen.zitoenpiece.blades.WeaponCapabilitySyncHandler to FORGE
[27Aug2026 22:17:13.996] [modloading-worker-0/DEBUG] [net.minecraftforge.fml.AutomaticEventSubscriber/LOADING]: Auto-subscribing net.Zitoen.zitoenpiece.abilities.haki.kenbunshoku.KenbunshokuStrengthSenseHandler to FORGE
[27Aug2026 22:17:13.998] [modloading-worker-0/DEBUG] [net.minecraftforge.fml.AutomaticEventSubscriber/LOADING]: Auto-subscribing net.Zitoen.zitoenpiece.abilities.haki.kenbunshoku.IntentSenseHandler to FORGE
[27Aug2026 22:17:14.002] [modloading-worker-0/DEBUG] [net.minecraftforge.fml.AutomaticEventSubscriber/LOADING]: Auto-subscribing net.Zitoen.zitoenpiece.ZitoenPiece$TraitEvents to FORGE
[27Aug2026 22:17:14.005] [modloading-worker-0/DEBUG] [net.minecraftforge.fml.AutomaticEventSubscriber/LOADING]: Auto-subscribing net.Zitoen.zitoenpiece.ZitoenPiece$RegistryEvents to MOD
[27Aug2026 22:17:14.006] [modloading-worker-0/DEBUG] [net.minecraftforge.fml.AutomaticEventSubscriber/LOADING]: Auto-subscribing net.Zitoen.zitoenpiece.ZitoenPiece$ConfigEvents to MOD
[27Aug2026 22:17:14.014] [modloading-worker-0/DEBUG] [net.minecraftforge.fml.config.ConfigTracker/CONFIG]: Config file watut-common.toml for watut tracking
[27Aug2026 22:17:14.015] [modloading-worker-0/DEBUG] [net.minecraftforge.fml.config.ConfigTracker/CONFIG]: Config file watut-client.toml for watut tracking
[27Aug2026 22:17:14.022] [modloading-worker-1/DEBUG] [net.minecraftforge.fml.AutomaticEventSubscriber/LOADING]: Attempting to inject @EventBusSubscriber classes into the eventbus for blitzraces
[27Aug2026 22:17:14.025] [modloading-worker-1/DEBUG] [net.minecraftforge.fml.AutomaticEventSubscriber/LOADING]: Auto-subscribing net.blitz.blitzraces.setup.BlitzSetup to MOD
[27Aug2026 22:17:14.026] [modloading-worker-1/DEBUG] [net.minecraftforge.fml.AutomaticEventSubscriber/LOADING]: Auto-subscribing net.blitz.blitzraces.init.BlitzRacesParticleTypes to MOD
[27Aug2026 22:17:14.026] [modloading-worker-1/DEBUG] [net.minecraftforge.fml.AutomaticEventSubscriber/LOADING]: Auto-subscribing net.blitz.blitzraces.entities.projectiles.reptoid.ReptoidProjectiles to MOD
[27Aug2026 22:17:14.027] [modloading-worker-1/DEBUG] [net.minecraftforge.fml.AutomaticEventSubscriber/LOADING]: Auto-subscribing net.blitz.blitzraces.entities.projectiles.demon.DemonProjectiles to MOD
[27Aug2026 22:17:14.027] [modloading-worker-1/DEBUG] [net.minecraftforge.fml.AutomaticEventSubscriber/LOADING]: Auto-subscribing net.blitz.blitzraces.entities.projectiles.angel.AngelProjectiles to MOD
[27Aug2026 22:17:14.029] [modloading-worker-1/DEBUG] [net.minecraftforge.fml.AutomaticEventSubscriber/LOADING]: Auto-subscribing net.blitz.blitzraces.config.BlitzRacesCommonConfig to MOD
[27Aug2026 22:17:14.029] [modloading-worker-0/DEBUG] [net.minecraftforge.fml.AutomaticEventSubscriber/LOADING]: Attempting to inject @EventBusSubscriber classes into the eventbus for watut
[27Aug2026 22:17:14.031] [modloading-worker-0/DEBUG] [net.minecraftforge.fml.AutomaticEventSubscriber/LOADING]: Auto-subscribing com.corosus.watut.loader.forge.EventHandlerForge to MOD
[27Aug2026 22:17:14.032] [modloading-worker-1/DEBUG] [net.minecraftforge.fml.AutomaticEventSubscriber/LOADING]: Auto-subscribing net.blitz.blitzraces.api.BlitzRacesRegistries to FORGE
[27Aug2026 22:17:14.034] [modloading-worker-2/DEBUG] [mixin/]: Mixing abilityunlocks.BusoshokuHardeningUnlockMixin from zitoenpiece.mixins.json into xyz.pixelatedw.mineminenomi.abilities.haki.BusoshokuHakiHardeningAbility
[27Aug2026 22:17:14.032] [modloading-worker-0/DEBUG] [net.minecraftforge.versions.forge.ForgeVersion/CORE]: Forge Version package package net.minecraftforge.versions.forge, Forge, version 36.2 from cpw.mods.modlauncher.TransformingClassLoader@423c5404
[27Aug2026 22:17:14.034] [modloading-worker-0/DEBUG] [net.minecraftforge.versions.forge.ForgeVersion/CORE]: Found Forge version 36.2.42
[27Aug2026 22:17:14.034] [modloading-worker-0/DEBUG] [net.minecraftforge.versions.forge.ForgeVersion/CORE]: Found Forge spec 36.2
[27Aug2026 22:17:14.034] [modloading-worker-0/DEBUG] [net.minecraftforge.versions.forge.ForgeVersion/CORE]: Found Forge group net.minecraftforge
[27Aug2026 22:17:14.035] [modloading-worker-1/DEBUG] [net.minecraftforge.fml.config.ConfigTracker/CONFIG]: Config file appleskin-client.toml for appleskin tracking
[27Aug2026 22:17:14.036] [modloading-worker-1/DEBUG] [net.minecraftforge.fml.AutomaticEventSubscriber/LOADING]: Attempting to inject @EventBusSubscriber classes into the eventbus for appleskin
[27Aug2026 22:17:14.036] [modloading-worker-2/DEBUG] [mixin/]: Mixing hakichanges.BusoshokuHakiHardeningAbilityMixin from zitoenpiece.mixins.json into xyz.pixelatedw.mineminenomi.abilities.haki.BusoshokuHakiHardeningAbility
[27Aug2026 22:17:14.041] [modloading-worker-2/DEBUG] [mixin/]: Mixing hakimastery.BusoshokuHardeningMasteryMixin from zitoenpiece.mixins.json into xyz.pixelatedw.mineminenomi.abilities.haki.BusoshokuHakiHardeningAbility
[27Aug2026 22:17:14.041] [modloading-worker-2/DEBUG] [mixin/]: Renaming synthetic method lambda$zitoenpiece$syncHardeningState$0(Lnet/minecraft/entity/LivingEntity;)Lnet/minecraft/entity/Entity; to md61ad08$lambda$zitoenpiece$syncHardeningState$0$0 in zitoenpiece.mixins.json:hakimastery.BusoshokuHardeningMasteryMixin
[27Aug2026 22:17:14.050] [modloading-worker-1/DEBUG] [net.minecraftforge.fml.config.ConfigTracker/CONFIG]: Config file hito_hito_no_mi_nika-common.toml for hito_hito_no_mi_nika tracking
[27Aug2026 22:17:14.051] [modloading-worker-0/DEBUG] [net.minecraftforge.versions.mcp.MCPVersion/CORE]: Found MC version information 1.16.5
[27Aug2026 22:17:14.051] [modloading-worker-0/DEBUG] [net.minecraftforge.versions.mcp.MCPVersion/CORE]: Found MCP version information 20210115.111550
[27Aug2026 22:17:14.051] [modloading-worker-0/INFO] [net.minecraftforge.common.ForgeMod/FORGEMOD]: Forge mod loading, version 36.2.42, for MC 1.16.5 with MCP 20210115.111550
[27Aug2026 22:17:14.052] [modloading-worker-0/INFO] [net.minecraftforge.common.MinecraftForge/FORGE]: MinecraftForge v36.2.42 Initialized
[27Aug2026 22:17:14.054] [modloading-worker-2/DEBUG] [mixin/]: Mixing abilityunlocks.BusoshokuEmissionUnlockMixin from zitoenpiece.mixins.json into xyz.pixelatedw.mineminenomi.abilities.haki.BusoshokuHakiEmissionAbility
[27Aug2026 22:17:14.054] [modloading-worker-2/DEBUG] [mixin/]: Renaming synthetic method lambda$overrideCanUnlock$0(Lnet/Zitoen/zitoenpiece/haki/willpower/IWillpowerData;)Ljava/lang/Boolean; to md61ad08$lambda$overrideCanUnlock$0$0 in zitoenpiece.mixins.json:abilityunlocks.BusoshokuEmissionUnlockMixin
[27Aug2026 22:17:14.055] [modloading-worker-2/DEBUG] [mixin/]: Mixing hakichanges.BusoshokuHakiEmissionMixin from zitoenpiece.mixins.json into xyz.pixelatedw.mineminenomi.abilities.haki.BusoshokuHakiEmissionAbility
[27Aug2026 22:17:14.065] [modloading-worker-2/DEBUG] [mixin/]: Mixing abilityunlocks.BusoshokuInternalDestructionUnlockMixin from zitoenpiece.mixins.json into xyz.pixelatedw.mineminenomi.abilities.haki.BusoshokuHakiInternalDestructionAbility
[27Aug2026 22:17:14.065] [modloading-worker-2/DEBUG] [mixin/]: Renaming synthetic method lambda$overrideCanUnlock$0(Lnet/Zitoen/zitoenpiece/haki/willpower/IWillpowerData;)Ljava/lang/Boolean; to md61ad08$lambda$overrideCanUnlock$0$0 in zitoenpiece.mixins.json:abilityunlocks.BusoshokuInternalDestructionUnlockMixin
[27Aug2026 22:17:14.065] [modloading-worker-2/DEBUG] [mixin/]: Mixing hakichanges.BusoshokuHakiInternalDestructionAbilityMixin from zitoenpiece.mixins.json into xyz.pixelatedw.mineminenomi.abilities.haki.BusoshokuHakiInternalDestructionAbility
[27Aug2026 22:17:14.066] [modloading-worker-2/DEBUG] [mixin/]: Renaming synthetic method lambda$zitoenpiece$onInit$1(Lnet/minecraft/entity/LivingEntity;Lxyz/pixelatedw/mineminenomi/api/abilities/IAbility;)V to md61ad08$lambda$zitoenpiece$onInit$1$1 in zitoenpiece.mixins.json:hakichanges.BusoshokuHakiInternalDestructionAbilityMixin
[27Aug2026 22:17:14.066] [modloading-worker-2/DEBUG] [mixin/]: Renaming synthetic method lambda$zitoenpiece$onInit$0(Lnet/minecraft/entity/LivingEntity;Lxyz/pixelatedw/mineminenomi/api/abilities/IAbility;)V to md61ad08$lambda$zitoenpiece$onInit$0$2 in zitoenpiece.mixins.json:hakichanges.BusoshokuHakiInternalDestructionAbilityMixin
[27Aug2026 22:17:14.074] [modloading-worker-2/DEBUG] [mixin/]: Mixing abilityunlocks.BusoshokuImbuingUnlockMixin from zitoenpiece.mixins.json into xyz.pixelatedw.mineminenomi.abilities.haki.BusoshokuHakiImbuingAbility
[27Aug2026 22:17:14.074] [modloading-worker-2/DEBUG] [mixin/]: Mixing hakimastery.BusoshokuHakiImbuingPoolMixin from zitoenpiece.mixins.json into xyz.pixelatedw.mineminenomi.abilities.haki.BusoshokuHakiImbuingAbility
[27Aug2026 22:17:14.084] [modloading-worker-0/DEBUG] [mixin/]: Mixing perf.skip_first_datapack_reload.LevelSaveMixin from modernfix-forge.mixins.json into net.minecraft.world.storage.SaveFormat$LevelSave
[27Aug2026 22:17:14.084] [modloading-worker-0/DEBUG] [mixin/]: Renaming synthetic method lambda$runWorldPersistenceHooks$0(Ljava/io/File;Lcom/mojang/datafixers/DataFixer;)Ljava/lang/Object; to md61ad08$lambda$runWorldPersistenceHooks$0$0 in modernfix-forge.mixins.json:perf.skip_first_datapack_reload.LevelSaveMixin
[27Aug2026 22:17:14.089] [modloading-worker-2/DEBUG] [mixin/]: Mixing abilityunlocks.KenbunshokuAuraUnlockMixin from zitoenpiece.mixins.json into xyz.pixelatedw.mineminenomi.abilities.haki.KenbunshokuHakiAuraAbility
[27Aug2026 22:17:14.089] [modloading-worker-2/DEBUG] [mixin/]: Mixing hakichanges.KenbunshokuHakiAuraMixin from zitoenpiece.mixins.json into xyz.pixelatedw.mineminenomi.abilities.haki.KenbunshokuHakiAuraAbility
[27Aug2026 22:17:14.100] [modloading-worker-2/DEBUG] [mixin/]: Mixing abilityunlocks.KenbunshokuFutureSightUnlockMixin from zitoenpiece.mixins.json into xyz.pixelatedw.mineminenomi.abilities.haki.KenbunshokuHakiFutureSightAbility
[27Aug2026 22:17:14.101] [modloading-worker-2/DEBUG] [mixin/]: Renaming synthetic method lambda$overrideCanUnlock$0(Lnet/Zitoen/zitoenpiece/haki/willpower/IWillpowerData;)Ljava/lang/Boolean; to md61ad08$lambda$overrideCanUnlock$0$0 in zitoenpiece.mixins.json:abilityunlocks.KenbunshokuFutureSightUnlockMixin
[27Aug2026 22:17:14.102] [modloading-worker-2/DEBUG] [mixin/]: Mixing hakichanges.KenbunshokuHakiFutureSightMixin from zitoenpiece.mixins.json into xyz.pixelatedw.mineminenomi.abilities.haki.KenbunshokuHakiFutureSightAbility
[27Aug2026 22:17:14.109] [modloading-worker-2/DEBUG] [mixin/]: Mixing abilityunlocks.HaoshokuHakiUnlockMixin from zitoenpiece.mixins.json into xyz.pixelatedw.mineminenomi.abilities.haki.HaoshokuHakiAbility
[27Aug2026 22:17:14.110] [modloading-worker-2/DEBUG] [mixin/]: Mixing hakichanges.HaoshokuHakiAbilityMixin from zitoenpiece.mixins.json into xyz.pixelatedw.mineminenomi.abilities.haki.HaoshokuHakiAbility
[27Aug2026 22:17:14.130] [modloading-worker-0/DEBUG] [net.minecraftforge.fml.config.ConfigTracker/CONFIG]: Config file forge-client.toml for forge tracking
[27Aug2026 22:17:14.131] [modloading-worker-0/DEBUG] [net.minecraftforge.fml.config.ConfigTracker/CONFIG]: Config file forge-server.toml for forge tracking
[27Aug2026 22:17:14.131] [modloading-worker-0/DEBUG] [net.minecraftforge.fml.config.ConfigTracker/CONFIG]: Config file forge-common.toml for forge tracking
[27Aug2026 22:17:14.136] [modloading-worker-2/DEBUG] [mixin/]: Mixing abilityunlocks.HaoshokuInfusionUnlockMixin from zitoenpiece.mixins.json into xyz.pixelatedw.mineminenomi.abilities.haki.HaoshokuHakiInfusionAbility
[27Aug2026 22:17:14.136] [modloading-worker-2/DEBUG] [mixin/]: Renaming synthetic method lambda$overrideCanUnlock$0(Lnet/Zitoen/zitoenpiece/haki/willpower/IWillpowerData;)Ljava/lang/Boolean; to md61ad08$lambda$overrideCanUnlock$0$0 in zitoenpiece.mixins.json:abilityunlocks.HaoshokuInfusionUnlockMixin
[27Aug2026 22:17:14.137] [modloading-worker-2/DEBUG] [mixin/]: Mixing hakichanges.HaoshokuHakiInfusionMixin from zitoenpiece.mixins.json into xyz.pixelatedw.mineminenomi.abilities.haki.HaoshokuHakiInfusionAbility
[27Aug2026 22:17:14.152] [modloading-worker-2/DEBUG] [mixin/]: Mixing SoruUnlockMixin from cartaddon.mixins.json into xyz.pixelatedw.mineminenomi.abilities.rokushiki.SoruAbility
[27Aug2026 22:17:14.154] [modloading-worker-0/DEBUG] [mixin/]: Mixing bugfix.biome_dictionary_cme.BiomeDictionaryTypeMixin from modernfix-forge.mixins.json into net.minecraftforge.common.BiomeDictionary$Type
[27Aug2026 22:17:14.161] [modloading-worker-2/DEBUG] [mixin/]: Mixing TekkaiUnlockMixin from cartaddon.mixins.json into xyz.pixelatedw.mineminenomi.abilities.rokushiki.TekkaiAbility
[27Aug2026 22:17:14.171] [modloading-worker-2/DEBUG] [mixin/]: Mixing ShiganUnlockMixin from cartaddon.mixins.json into xyz.pixelatedw.mineminenomi.abilities.rokushiki.ShiganAbility
[27Aug2026 22:17:14.173] [modloading-worker-2/DEBUG] [mixin/]: Mixing RankyakuUnlockMixin from cartaddon.mixins.json into xyz.pixelatedw.mineminenomi.abilities.rokushiki.RankyakuAbility
[27Aug2026 22:17:14.177] [modloading-worker-0/DEBUG] [net.minecraftforge.fml.AutomaticEventSubscriber/LOADING]: Attempting to inject @EventBusSubscriber classes into the eventbus for forge
[27Aug2026 22:17:14.177] [modloading-worker-2/DEBUG] [mixin/]: Mixing KamiEUnlockMixin from cartaddon.mixins.json into xyz.pixelatedw.mineminenomi.abilities.rokushiki.KamieAbility
[27Aug2026 22:17:14.180] [modloading-worker-2/DEBUG] [mixin/]: Mixing GeppoUnlockMixin from cartaddon.mixins.json into xyz.pixelatedw.mineminenomi.abilities.rokushiki.GeppoAbility
[27Aug2026 22:17:14.180] [modloading-worker-0/DEBUG] [net.minecraftforge.fml.AutomaticEventSubscriber/LOADING]: Auto-subscribing net.minecraftforge.common.ForgeSpawnEggItem$CommonHandler to MOD
[27Aug2026 22:17:14.190] [modloading-worker-2/DEBUG] [mixin/]: Mixing RokuoganUnlockMixin from cartaddon.mixins.json into xyz.pixelatedw.mineminenomi.abilities.rokushiki.RokuoganAbility
[27Aug2026 22:17:14.194] [modloading-worker-0/DEBUG] [net.minecraftforge.fml.AutomaticEventSubscriber/LOADING]: Attempting to inject @EventBusSubscriber classes into the eventbus for playerrevive
[27Aug2026 22:17:14.198] [modloading-worker-0/DEBUG] [net.minecraftforge.fml.config.ConfigTracker/CONFIG]: Config file skinrestoreforge-common.toml for skinrestoreforge tracking
[27Aug2026 22:17:14.208] [modloading-worker-0/DEBUG] [net.minecraftforge.fml.AutomaticEventSubscriber/LOADING]: Attempting to inject @EventBusSubscriber classes into the eventbus for skinrestoreforge
[27Aug2026 22:17:14.208] [modloading-worker-0/DEBUG] [net.minecraftforge.fml.AutomaticEventSubscriber/LOADING]: Attempting to inject @EventBusSubscriber classes into the eventbus for allfruitallboxes
[27Aug2026 22:17:14.212] [modloading-worker-0/DEBUG] [net.minecraftforge.fml.config.ConfigTracker/CONFIG]: Config file hakibar-common.toml for hakibar tracking
[27Aug2026 22:17:14.212] [modloading-worker-0/DEBUG] [net.minecraftforge.fml.AutomaticEventSubscriber/LOADING]: Attempting to inject @EventBusSubscriber classes into the eventbus for hakibar
[27Aug2026 22:17:14.213] [modloading-worker-0/DEBUG] [net.minecraftforge.fml.AutomaticEventSubscriber/LOADING]: Auto-subscribing me.drqonic.hakibar.events.SyncEvents to FORGE
[27Aug2026 22:17:14.214] [modloading-worker-0/DEBUG] [net.minecraftforge.fml.config.ConfigTracker/CONFIG]: Config file devilhordes-common.toml for devilhordes tracking
[27Aug2026 22:17:14.216] [modloading-worker-0/DEBUG] [net.minecraftforge.fml.AutomaticEventSubscriber/LOADING]: Attempting to inject @EventBusSubscriber classes into the eventbus for devilhordes
[27Aug2026 22:17:14.216] [modloading-worker-0/DEBUG] [net.minecraftforge.fml.AutomaticEventSubscriber/LOADING]: Auto-subscribing com.yumixlove.devilhordes.handler.ExpirationHandler to FORGE
[27Aug2026 22:17:14.254] [modloading-worker-2/DEBUG] [mixin/]: Mixing OtatsumakiMixin from cartaddon.mixins.json into xyz.pixelatedw.mineminenomi.abilities.swordsman.OTatsumakiAbility
[27Aug2026 22:17:14.270] [modloading-worker-1/DEBUG] [mixin/]: Mixing CrewRemoveMemberMixin from zitoenpiece.mixins.json into xyz.pixelatedw.mineminenomi.api.crew.Crew
[27Aug2026 22:17:14.270] [modloading-worker-1/DEBUG] [mixin/]: Renaming synthetic method lambda$zitoenpiece$customCaptainSuccession$0(Ljava/util/UUID;Lxyz/pixelatedw/mineminenomi/api/crew/Crew$Member;)Z to md61ad08$lambda$zitoenpiece$customCaptainSuccession$0$0 in zitoenpiece.mixins.json:CrewRemoveMemberMixin
[27Aug2026 22:17:14.361] [modloading-worker-1/DEBUG] [net.minecraftforge.fml.AutomaticEventSubscriber/LOADING]: Attempting to inject @EventBusSubscriber classes into the eventbus for hito_hito_no_mi_nika
[27Aug2026 22:17:14.363] [modloading-worker-1/DEBUG] [net.minecraftforge.fml.AutomaticEventSubscriber/LOADING]: Auto-subscribing net.warcar.hito_hito_nika.setup.ModSetup to MOD
[27Aug2026 22:17:14.363] [modloading-worker-1/DEBUG] [net.minecraftforge.fml.AutomaticEventSubscriber/LOADING]: Auto-subscribing net.warcar.hito_hito_nika.projectiles.NikaProjectiles to MOD
[27Aug2026 22:17:14.370] [modloading-worker-1/DEBUG] [net.minecraftforge.fml.AutomaticEventSubscriber/LOADING]: Auto-subscribing net.warcar.hito_hito_nika.init.GomuEntities to MOD
[27Aug2026 22:17:14.371] [modloading-worker-1/DEBUG] [net.minecraftforge.fml.AutomaticEventSubscriber/LOADING]: Auto-subscribing net.warcar.hito_hito_nika.events.TrueGomuPassiveEffects to FORGE
[27Aug2026 22:17:14.373] [modloading-worker-1/DEBUG] [net.minecraftforge.fml.AutomaticEventSubscriber/LOADING]: Auto-subscribing net.warcar.hito_hito_nika.config.CommonConfig to MOD
[27Aug2026 22:17:14.393] [modloading-worker-2/DEBUG] [mixin/]: Mixing ColaBackpackBonusMixin from cartaddon.mixins.json into xyz.pixelatedw.mineminenomi.abilities.cyborg.ColaBackpackBonusAbility
[27Aug2026 22:17:14.487] [modloading-worker-2/DEBUG] [mixin/]: Mixing WeatherCloudParticleMixin from cartaddon.mixins.json into xyz.pixelatedw.mineminenomi.particles.effects.artofweather.WeatherCloudParticleEffect
[27Aug2026 22:17:14.650] [modloading-worker-2/DEBUG] [mixin/]: Mixing navy.BlockLoyaltyFromKillsMixin from zitoenpiece.mixins.json into xyz.pixelatedw.mineminenomi.data.functions.IncreaseLoyaltyFunction
[27Aug2026 22:17:14.835] [modloading-worker-2/DEBUG] [mixin/]: Mixing config.CommonConfigMixin from zitoenpiece.mixins.json into xyz.pixelatedw.mineminenomi.config.CommonConfig
[27Aug2026 22:17:14.842] [modloading-worker-2/DEBUG] [mixin/]: Mixing config.GeneralConfigMixin from zitoenpiece.mixins.json into xyz.pixelatedw.mineminenomi.config.GeneralConfig
[27Aug2026 22:17:14.845] [modloading-worker-2/INFO] [STDOUT/]: [xyz.pixelatedw.mineminenomi.config.GeneralConfig:handler$zjk000$zitoenpiece$modifyHakiLimitOnClassLoad:548]: [ZitoenPiece] Modified HAKI_EXP_LIMIT at class load: Default=300, Max=1000
[27Aug2026 22:17:14.858] [modloading-worker-2/DEBUG] [net.minecraftforge.fml.config.ConfigTracker/CONFIG]: Config file mineminenomi-common.toml for mineminenomi tracking
[27Aug2026 22:17:14.860] [modloading-worker-2/INFO] [xyz.pixelatedw.mineminenomi.ModMain/]: Permissions registered:
[27Aug2026 22:17:14.863] [modloading-worker-2/INFO] [xyz.pixelatedw.mineminenomi.ModMain/]:   mineminenomi.command.ability
[27Aug2026 22:17:14.863] [modloading-worker-2/INFO] [xyz.pixelatedw.mineminenomi.ModMain/]:   mineminenomi.command.ability.reset_cooldown
[27Aug2026 22:17:14.863] [modloading-worker-2/INFO] [xyz.pixelatedw.mineminenomi.ModMain/]:   mineminenomi.command.ability_protection
[27Aug2026 22:17:14.863] [modloading-worker-2/INFO] [xyz.pixelatedw.mineminenomi.ModMain/]:   mineminenomi.command.belly
[27Aug2026 22:17:14.864] [modloading-worker-2/INFO] [xyz.pixelatedw.mineminenomi.ModMain/]:   mineminenomi.command.bounty
[27Aug2026 22:17:14.864] [modloading-worker-2/INFO] [xyz.pixelatedw.mineminenomi.ModMain/]:   mineminenomi.command.challenge
[27Aug2026 22:17:14.865] [modloading-worker-2/INFO] [xyz.pixelatedw.mineminenomi.ModMain/]:   mineminenomi.command.change_character
[27Aug2026 22:17:14.865] [modloading-worker-2/INFO] [xyz.pixelatedw.mineminenomi.ModMain/]:   mineminenomi.command.check_fruits.history
[27Aug2026 22:17:14.865] [modloading-worker-2/INFO] [xyz.pixelatedw.mineminenomi.ModMain/]:   mineminenomi.command.check_fruits.list
[27Aug2026 22:17:14.866] [modloading-worker-2/INFO] [xyz.pixelatedw.mineminenomi.ModMain/]:   mineminenomi.command.check_player
[27Aug2026 22:17:14.866] [modloading-worker-2/INFO] [xyz.pixelatedw.mineminenomi.ModMain/]:   mineminenomi.command.doriki
[27Aug2026 22:17:14.867] [modloading-worker-2/INFO] [xyz.pixelatedw.mineminenomi.ModMain/]:   mineminenomi.command.events
[27Aug2026 22:17:14.867] [modloading-worker-2/INFO] [xyz.pixelatedw.mineminenomi.ModMain/]:   mineminenomi.command.extol
[27Aug2026 22:17:14.868] [modloading-worker-2/INFO] [xyz.pixelatedw.mineminenomi.ModMain/]:   mineminenomi.command.hakiexp
[27Aug2026 22:17:14.868] [modloading-worker-2/INFO] [xyz.pixelatedw.mineminenomi.ModMain/]:   mineminenomi.command.issue_bounty
[27Aug2026 22:17:14.868] [modloading-worker-2/INFO] [xyz.pixelatedw.mineminenomi.ModMain/]:   mineminenomi.command.loyalty
[27Aug2026 22:17:14.868] [modloading-worker-2/INFO] [xyz.pixelatedw.mineminenomi.ModMain/]:   mineminenomi.command.quest
[27Aug2026 22:17:14.868] [modloading-worker-2/INFO] [xyz.pixelatedw.mineminenomi.ModMain/]:   mineminenomi.command.removedf
[27Aug2026 22:17:14.868] [modloading-worker-2/INFO] [xyz.pixelatedw.mineminenomi.ModMain/]:   mineminenomi.command.removedf.self
[27Aug2026 22:17:14.869] [modloading-worker-2/INFO] [xyz.pixelatedw.mineminenomi.ModMain/]:   mineminenomi.item.buster_call
[27Aug2026 22:17:14.869] [modloading-worker-2/DEBUG] [net.minecraftforge.fml.AutomaticEventSubscriber/LOADING]: Attempting to inject @EventBusSubscriber classes into the eventbus for mineminenomi
[27Aug2026 22:17:14.870] [modloading-worker-2/DEBUG] [net.minecraftforge.fml.AutomaticEventSubscriber/LOADING]: Auto-subscribing xyz.pixelatedw.mineminenomi.abilities.nagi.SilentAbility$SilentAbilityServerEvents to FORGE
[27Aug2026 22:17:14.871] [modloading-worker-2/DEBUG] [net.minecraftforge.fml.AutomaticEventSubscriber/LOADING]: Auto-subscribing xyz.pixelatedw.mineminenomi.events.EffectsEvents$Common to FORGE
[27Aug2026 22:17:14.878] [modloading-worker-2/DEBUG] [net.minecraftforge.fml.AutomaticEventSubscriber/LOADING]: Auto-subscribing xyz.pixelatedw.mineminenomi.events.devilfruits.OneFruitPerWorldEvents to FORGE
[27Aug2026 22:17:14.883] [modloading-worker-2/DEBUG] [net.minecraftforge.fml.AutomaticEventSubscriber/LOADING]: Auto-subscribing xyz.pixelatedw.mineminenomi.events.devilfruits.DFWeaknessesEvents to FORGE
[27Aug2026 22:17:14.887] [modloading-worker-2/DEBUG] [net.minecraftforge.fml.AutomaticEventSubscriber/LOADING]: Auto-subscribing xyz.pixelatedw.mineminenomi.events.devilfruits.RandomFruitEvents$Common to FORGE
[27Aug2026 22:17:14.888] [modloading-worker-2/DEBUG] [net.minecraftforge.fml.AutomaticEventSubscriber/LOADING]: Auto-subscribing xyz.pixelatedw.mineminenomi.events.devilfruits.DFUserDeathEvents to FORGE
[27Aug2026 22:17:14.889] [modloading-worker-2/DEBUG] [net.minecraftforge.fml.AutomaticEventSubscriber/LOADING]: Auto-subscribing xyz.pixelatedw.mineminenomi.events.WorldEvents to FORGE
[27Aug2026 22:17:14.890] [modloading-worker-2/DEBUG] [mixin/]: Mixing WorldEventsMixin from cartaddon.mixins.json into xyz.pixelatedw.mineminenomi.events.WorldEvents
[27Aug2026 22:17:14.894] [modloading-worker-2/DEBUG] [mixin/]: Mixing TrainerSpawningMixin from cartaddon.mixins.json into xyz.pixelatedw.mineminenomi.world.spawners.TrainerSpawner
[27Aug2026 22:17:14.905] [modloading-worker-2/DEBUG] [net.minecraftforge.fml.AutomaticEventSubscriber/LOADING]: Auto-subscribing xyz.pixelatedw.mineminenomi.events.CraftingEvents to FORGE
[27Aug2026 22:17:14.907] [modloading-worker-2/DEBUG] [net.minecraftforge.fml.AutomaticEventSubscriber/LOADING]: Auto-subscribing xyz.pixelatedw.mineminenomi.events.MorphEvents$Common to FORGE
[27Aug2026 22:17:14.908] [modloading-worker-2/DEBUG] [net.minecraftforge.fml.AutomaticEventSubscriber/LOADING]: Auto-subscribing xyz.pixelatedw.mineminenomi.events.ConfigEvents to FORGE
[27Aug2026 22:17:14.909] [modloading-worker-2/DEBUG] [net.minecraftforge.fml.AutomaticEventSubscriber/LOADING]: Auto-subscribing xyz.pixelatedw.mineminenomi.events.FactionEvents to FORGE
[27Aug2026 22:17:14.912] [modloading-worker-2/DEBUG] [net.minecraftforge.fml.AutomaticEventSubscriber/LOADING]: Auto-subscribing xyz.pixelatedw.mineminenomi.events.StructuresEvents to FORGE
[27Aug2026 22:17:14.913] [modloading-worker-2/DEBUG] [mixin/]: Mixing StructureEventsMixin from cartaddon.mixins.json into xyz.pixelatedw.mineminenomi.events.StructuresEvents
[27Aug2026 22:17:14.915] [modloading-worker-2/DEBUG] [net.minecraftforge.fml.AutomaticEventSubscriber/LOADING]: Auto-subscribing xyz.pixelatedw.mineminenomi.events.BlocksEvents to FORGE
[27Aug2026 22:17:14.915] [modloading-worker-2/DEBUG] [net.minecraftforge.fml.AutomaticEventSubscriber/LOADING]: Auto-subscribing xyz.pixelatedw.mineminenomi.events.abilities.AbilityProtectionCommonEvents to FORGE
[27Aug2026 22:17:14.916] [modloading-worker-2/DEBUG] [net.minecraftforge.fml.AutomaticEventSubscriber/LOADING]: Auto-subscribing xyz.pixelatedw.mineminenomi.events.abilities.AbilityProjectileEvents to FORGE
[27Aug2026 22:17:14.917] [modloading-worker-2/DEBUG] [net.minecraftforge.fml.AutomaticEventSubscriber/LOADING]: Auto-subscribing xyz.pixelatedw.mineminenomi.events.abilities.AbilitiesEvents to FORGE
[27Aug2026 22:17:14.925] [modloading-worker-2/DEBUG] [net.minecraftforge.fml.AutomaticEventSubscriber/LOADING]: Auto-subscribing xyz.pixelatedw.mineminenomi.events.abilities.AbilityValidationEvents to FORGE
[27Aug2026 22:17:14.926] [modloading-worker-2/DEBUG] [net.minecraftforge.fml.AutomaticEventSubscriber/LOADING]: Auto-subscribing xyz.pixelatedw.mineminenomi.events.abilities.OutOfBodyAbilitiesEvents to FORGE
[27Aug2026 22:17:14.927] [modloading-worker-2/DEBUG] [net.minecraftforge.fml.AutomaticEventSubscriber/LOADING]: Auto-subscribing xyz.pixelatedw.mineminenomi.events.abilities.AbilityProgressionEvents to FORGE
[27Aug2026 22:17:14.931] [modloading-worker-2/DEBUG] [net.minecraftforge.fml.AutomaticEventSubscriber/LOADING]: Auto-subscribing xyz.pixelatedw.mineminenomi.events.FightingStylesEvents to FORGE
[27Aug2026 22:17:14.933] [modloading-worker-2/DEBUG] [net.minecraftforge.fml.AutomaticEventSubscriber/LOADING]: Auto-subscribing xyz.pixelatedw.mineminenomi.events.EnchantmentsEvents to FORGE
[27Aug2026 22:17:14.933] [modloading-worker-2/DEBUG] [net.minecraftforge.fml.AutomaticEventSubscriber/LOADING]: Auto-subscribing xyz.pixelatedw.mineminenomi.events.DamageSourceEvents to FORGE
[27Aug2026 22:17:14.934] [modloading-worker-2/DEBUG] [net.minecraftforge.fml.AutomaticEventSubscriber/LOADING]: Auto-subscribing xyz.pixelatedw.mineminenomi.events.EntityEvents to FORGE
[27Aug2026 22:17:14.935] [modloading-worker-2/DEBUG] [net.minecraftforge.fml.AutomaticEventSubscriber/LOADING]: Auto-subscribing xyz.pixelatedw.mineminenomi.events.items.KairosekiTooltipEvents to FORGE
[27Aug2026 22:17:14.935] [modloading-worker-2/DEBUG] [net.minecraftforge.fml.AutomaticEventSubscriber/LOADING]: Auto-subscribing xyz.pixelatedw.mineminenomi.events.items.HandcuffsEvents to FORGE
[27Aug2026 22:17:14.936] [modloading-worker-2/DEBUG] [net.minecraftforge.fml.AutomaticEventSubscriber/LOADING]: Auto-subscribing xyz.pixelatedw.mineminenomi.events.items.CombatItemEvents to FORGE
[27Aug2026 22:17:14.937] [modloading-worker-2/DEBUG] [net.minecraftforge.fml.AutomaticEventSubscriber/LOADING]: Auto-subscribing xyz.pixelatedw.mineminenomi.events.items.KairosekiCoatingEvents to FORGE
[27Aug2026 22:17:14.938] [modloading-worker-2/DEBUG] [net.minecraftforge.fml.AutomaticEventSubscriber/LOADING]: Auto-subscribing xyz.pixelatedw.mineminenomi.events.items.SakeEvents to FORGE
[27Aug2026 22:17:14.938] [modloading-worker-2/DEBUG] [net.minecraftforge.fml.AutomaticEventSubscriber/LOADING]: Auto-subscribing xyz.pixelatedw.mineminenomi.events.items.EnmaEvents to FORGE
[27Aug2026 22:17:14.939] [modloading-worker-2/DEBUG] [net.minecraftforge.fml.AutomaticEventSubscriber/LOADING]: Auto-subscribing xyz.pixelatedw.mineminenomi.events.items.SoulboundItemsEvents to FORGE
[27Aug2026 22:17:14.940] [modloading-worker-2/DEBUG] [net.minecraftforge.fml.AutomaticEventSubscriber/LOADING]: Auto-subscribing xyz.pixelatedw.mineminenomi.events.items.BubblyCoralEvents to FORGE
[27Aug2026 22:17:14.940] [modloading-worker-2/DEBUG] [net.minecraftforge.fml.AutomaticEventSubscriber/LOADING]: Auto-subscribing xyz.pixelatedw.mineminenomi.events.QuestEvents to FORGE
[27Aug2026 22:17:14.943] [modloading-worker-2/DEBUG] [net.minecraftforge.fml.AutomaticEventSubscriber/LOADING]: Auto-subscribing xyz.pixelatedw.mineminenomi.events.world.WorldGenerationEvents to FORGE
[27Aug2026 22:17:14.944] [modloading-worker-2/DEBUG] [net.minecraftforge.fml.AutomaticEventSubscriber/LOADING]: Auto-subscribing xyz.pixelatedw.mineminenomi.events.BountyEvents to FORGE
[27Aug2026 22:17:14.946] [modloading-worker-2/DEBUG] [net.minecraftforge.fml.AutomaticEventSubscriber/LOADING]: Auto-subscribing xyz.pixelatedw.mineminenomi.events.CombatModeEvents$Common to FORGE
[27Aug2026 22:17:14.947] [modloading-worker-2/DEBUG] [net.minecraftforge.fml.AutomaticEventSubscriber/LOADING]: Auto-subscribing xyz.pixelatedw.mineminenomi.events.HakiGainEvents to FORGE
[27Aug2026 22:17:14.948] [modloading-worker-2/DEBUG] [net.minecraftforge.fml.AutomaticEventSubscriber/LOADING]: Auto-subscribing xyz.pixelatedw.mineminenomi.events.EntityGoalEvents to FORGE
[27Aug2026 22:17:14.949] [modloading-worker-2/DEBUG] [net.minecraftforge.fml.AutomaticEventSubscriber/LOADING]: Auto-subscribing xyz.pixelatedw.mineminenomi.events.LoyaltyEvents to FORGE
[27Aug2026 22:17:14.950] [modloading-worker-2/DEBUG] [mixin/]: Mixing navy.BlockLoyaltyGainMixin from zitoenpiece.mixins.json into xyz.pixelatedw.mineminenomi.events.LoyaltyEvents
[27Aug2026 22:17:14.952] [modloading-worker-2/DEBUG] [net.minecraftforge.fml.AutomaticEventSubscriber/LOADING]: Auto-subscribing xyz.pixelatedw.mineminenomi.events.ChallengesEvents to FORGE
[27Aug2026 22:17:14.953] [modloading-worker-2/DEBUG] [net.minecraftforge.fml.AutomaticEventSubscriber/LOADING]: Auto-subscribing xyz.pixelatedw.mineminenomi.events.DamageCalcsEvents to FORGE
[27Aug2026 22:17:14.954] [modloading-worker-2/DEBUG] [net.minecraftforge.fml.AutomaticEventSubscriber/LOADING]: Auto-subscribing xyz.pixelatedw.mineminenomi.events.passives.KukuPassiveEvents to FORGE
[27Aug2026 22:17:14.955] [modloading-worker-2/DEBUG] [net.minecraftforge.fml.AutomaticEventSubscriber/LOADING]: Auto-subscribing xyz.pixelatedw.mineminenomi.events.passives.HisoPassiveEvents to FORGE
[27Aug2026 22:17:14.955] [modloading-worker-2/DEBUG] [net.minecraftforge.fml.AutomaticEventSubscriber/LOADING]: Auto-subscribing xyz.pixelatedw.mineminenomi.events.passives.MaguPassiveEvents to FORGE
[27Aug2026 22:17:14.956] [modloading-worker-2/DEBUG] [net.minecraftforge.fml.AutomaticEventSubscriber/LOADING]: Auto-subscribing xyz.pixelatedw.mineminenomi.events.passives.HakiPassiveEvents to FORGE
[27Aug2026 22:17:14.957] [modloading-worker-2/DEBUG] [net.minecraftforge.fml.AutomaticEventSubscriber/LOADING]: Auto-subscribing xyz.pixelatedw.mineminenomi.events.passives.YomiPassiveEvents to FORGE
[27Aug2026 22:17:14.959] [modloading-worker-2/DEBUG] [net.minecraftforge.fml.AutomaticEventSubscriber/LOADING]: Auto-subscribing xyz.pixelatedw.mineminenomi.events.passives.HoruPassiveEvents to FORGE
[27Aug2026 22:17:14.960] [modloading-worker-2/DEBUG] [net.minecraftforge.fml.AutomaticEventSubscriber/LOADING]: Auto-subscribing xyz.pixelatedw.mineminenomi.events.passives.ManePassiveEvents to FORGE
[27Aug2026 22:17:14.960] [modloading-worker-2/DEBUG] [net.minecraftforge.fml.AutomaticEventSubscriber/LOADING]: Auto-subscribing xyz.pixelatedw.mineminenomi.events.passives.BlackLegPassiveEvents$Common to FORGE
[27Aug2026 22:17:14.961] [modloading-worker-2/DEBUG] [net.minecraftforge.fml.AutomaticEventSubscriber/LOADING]: Auto-subscribing xyz.pixelatedw.mineminenomi.events.passives.GomuPassiveEvents to FORGE
[27Aug2026 22:17:14.962] [modloading-worker-2/DEBUG] [net.minecraftforge.fml.AutomaticEventSubscriber/LOADING]: Auto-subscribing xyz.pixelatedw.mineminenomi.events.passives.KiloPassiveEvents to FORGE
[27Aug2026 22:17:14.963] [modloading-worker-2/DEBUG] [net.minecraftforge.fml.AutomaticEventSubscriber/LOADING]: Auto-subscribing xyz.pixelatedw.mineminenomi.events.passives.FishmanPassiveEvents$CommonEvents to FORGE
[27Aug2026 22:17:14.964] [modloading-worker-2/DEBUG] [net.minecraftforge.fml.AutomaticEventSubscriber/LOADING]: Auto-subscribing xyz.pixelatedw.mineminenomi.events.passives.GasuPassiveEvents to FORGE
[27Aug2026 22:17:14.965] [modloading-worker-2/DEBUG] [net.minecraftforge.fml.AutomaticEventSubscriber/LOADING]: Auto-subscribing xyz.pixelatedw.mineminenomi.events.passives.KagePassiveEvents to FORGE
[27Aug2026 22:17:14.967] [modloading-worker-2/DEBUG] [net.minecraftforge.fml.AutomaticEventSubscriber/LOADING]: Auto-subscribing xyz.pixelatedw.mineminenomi.events.passives.DoaPassiveEvents to FORGE
[27Aug2026 22:17:14.969] [modloading-worker-2/DEBUG] [net.minecraftforge.fml.AutomaticEventSubscriber/LOADING]: Auto-subscribing xyz.pixelatedw.mineminenomi.events.ProjectileEntityEvents to FORGE
[27Aug2026 22:17:14.969] [modloading-worker-2/DEBUG] [mixin/]: Mixing hakimastery.BusoshokuImbuingMasteryMixin from zitoenpiece.mixins.json into xyz.pixelatedw.mineminenomi.events.ProjectileEntityEvents
[27Aug2026 22:17:14.978] [modloading-worker-2/DEBUG] [net.minecraftforge.fml.AutomaticEventSubscriber/LOADING]: Auto-subscribing xyz.pixelatedw.mineminenomi.events.SyncEvents to FORGE
[27Aug2026 22:17:14.979] [modloading-worker-2/DEBUG] [net.minecraftforge.fml.AutomaticEventSubscriber/LOADING]: Auto-subscribing xyz.pixelatedw.mineminenomi.setup.ForgeSetup to FORGE
[27Aug2026 22:17:14.983] [modloading-worker-2/DEBUG] [net.minecraftforge.fml.AutomaticEventSubscriber/LOADING]: Auto-subscribing xyz.pixelatedw.mineminenomi.setup.ModSetup to MOD
[27Aug2026 22:17:14.987] [modloading-worker-2/DEBUG] [net.minecraftforge.fml.AutomaticEventSubscriber/LOADING]: Auto-subscribing xyz.pixelatedw.mineminenomi.entities.projectiles.baku.BakuProjectiles to MOD
[27Aug2026 22:17:14.988] [modloading-worker-2/DEBUG] [net.minecraftforge.fml.AutomaticEventSubscriber/LOADING]: Auto-subscribing xyz.pixelatedw.mineminenomi.entities.projectiles.goe.GoeProjectiles to MOD
[27Aug2026 22:17:14.989] [modloading-worker-2/DEBUG] [net.minecraftforge.fml.AutomaticEventSubscriber/LOADING]: Auto-subscribing xyz.pixelatedw.mineminenomi.entities.projectiles.bara.BaraProjectiles to MOD
[27Aug2026 22:17:14.992] [modloading-worker-2/DEBUG] [net.minecraftforge.fml.AutomaticEventSubscriber/LOADING]: Auto-subscribing xyz.pixelatedw.mineminenomi.entities.projectiles.suna.SunaProjectiles to MOD
[27Aug2026 22:17:14.993] [modloading-worker-2/DEBUG] [net.minecraftforge.fml.AutomaticEventSubscriber/LOADING]: Auto-subscribing xyz.pixelatedw.mineminenomi.entities.projectiles.sniper.SniperProjectiles to MOD
[27Aug2026 22:17:14.994] [modloading-worker-2/DEBUG] [net.minecraftforge.fml.AutomaticEventSubscriber/LOADING]: Auto-subscribing xyz.pixelatedw.mineminenomi.entities.projectiles.saraaxolotl.SaraAxolotlProjectiles to MOD
[27Aug2026 22:17:14.995] [modloading-worker-2/DEBUG] [net.minecraftforge.fml.AutomaticEventSubscriber/LOADING]: Auto-subscribing xyz.pixelatedw.mineminenomi.entities.projectiles.ushigiraffe.UshiGiraffeProjectiles to MOD
[27Aug2026 22:17:14.995] [modloading-worker-2/DEBUG] [net.minecraftforge.fml.AutomaticEventSubscriber/LOADING]: Auto-subscribing xyz.pixelatedw.mineminenomi.entities.projectiles.horo.HoroProjectiles to MOD
[27Aug2026 22:17:14.996] [modloading-worker-2/DEBUG] [net.minecraftforge.fml.AutomaticEventSubscriber/LOADING]: Auto-subscribing xyz.pixelatedw.mineminenomi.entities.projectiles.ryupteranodon.RyuPteranodonProjectiles to MOD
[27Aug2026 22:17:14.997] [modloading-worker-2/DEBUG] [net.minecraftforge.fml.AutomaticEventSubscriber/LOADING]: Auto-subscribing xyz.pixelatedw.mineminenomi.entities.projectiles.zou.ZouProjectiles to MOD
[27Aug2026 22:17:14.997] [modloading-worker-2/DEBUG] [net.minecraftforge.fml.AutomaticEventSubscriber/LOADING]: Auto-subscribing xyz.pixelatedw.mineminenomi.entities.projectiles.mera.MeraProjectiles to MOD
[27Aug2026 22:17:14.999] [modloading-worker-2/DEBUG] [net.minecraftforge.fml.AutomaticEventSubscriber/LOADING]: Auto-subscribing xyz.pixelatedw.mineminenomi.entities.projectiles.pika.PikaProjectiles to MOD
[27Aug2026 22:17:14.999] [modloading-worker-2/DEBUG] [net.minecraftforge.fml.AutomaticEventSubscriber/LOADING]: Auto-subscribing xyz.pixelatedw.mineminenomi.entities.projectiles.swordsman.SwordsmanProjectiles to MOD
[27Aug2026 22:17:15.000] [modloading-worker-2/DEBUG] [net.minecraftforge.fml.AutomaticEventSubscriber/LOADING]: Auto-subscribing xyz.pixelatedw.mineminenomi.entities.projectiles.goro.GoroProjectiles to MOD
[27Aug2026 22:17:15.003] [modloading-worker-2/DEBUG] [net.minecraftforge.fml.AutomaticEventSubscriber/LOADING]: Auto-subscribing xyz.pixelatedw.mineminenomi.entities.projectiles.yuki.YukiProjectiles to MOD
[27Aug2026 22:17:15.004] [modloading-worker-2/DEBUG] [net.minecraftforge.fml.AutomaticEventSubscriber/LOADING]: Auto-subscribing xyz.pixelatedw.mineminenomi.entities.projectiles.toriphoenix.ToriPhoenixProjectiles to MOD
[27Aug2026 22:17:15.005] [modloading-worker-2/DEBUG] [net.minecraftforge.fml.AutomaticEventSubscriber/LOADING]: Auto-subscribing xyz.pixelatedw.mineminenomi.entities.projectiles.brawler.BrawlerProjectiles to MOD
[27Aug2026 22:17:15.005] [modloading-worker-2/DEBUG] [net.minecraftforge.fml.AutomaticEventSubscriber/LOADING]: Auto-subscribing xyz.pixelatedw.mineminenomi.entities.projectiles.hitodaibutsu.HitoDaibutsuProjectiles to MOD
[27Aug2026 22:17:15.006] [modloading-worker-2/DEBUG] [net.minecraftforge.fml.AutomaticEventSubscriber/LOADING]: Auto-subscribing xyz.pixelatedw.mineminenomi.entities.projectiles.rokushiki.RokushikiProjectiles to MOD
[27Aug2026 22:17:15.007] [modloading-worker-2/DEBUG] [net.minecraftforge.fml.AutomaticEventSubscriber/LOADING]: Auto-subscribing xyz.pixelatedw.mineminenomi.entities.projectiles.awa.AwaProjectiles to MOD
[27Aug2026 22:17:15.008] [modloading-worker-2/DEBUG] [net.minecraftforge.fml.AutomaticEventSubscriber/LOADING]: Auto-subscribing xyz.pixelatedw.mineminenomi.entities.projectiles.hana.HanaProjectiles to MOD
[27Aug2026 22:17:15.009] [modloading-worker-2/DEBUG] [net.minecraftforge.fml.AutomaticEventSubscriber/LOADING]: Auto-subscribing xyz.pixelatedw.mineminenomi.entities.projectiles.wara.WaraProjectiles to MOD
[27Aug2026 22:17:15.009] [modloading-worker-2/DEBUG] [net.minecraftforge.fml.AutomaticEventSubscriber/LOADING]: Auto-subscribing xyz.pixelatedw.mineminenomi.entities.projectiles.ori.OriProjectiles to MOD
[27Aug2026 22:17:15.010] [modloading-worker-2/DEBUG] [net.minecraftforge.fml.AutomaticEventSubscriber/LOADING]: Auto-subscribing xyz.pixelatedw.mineminenomi.entities.projectiles.hie.HieProjectiles to MOD
[27Aug2026 22:17:15.011] [modloading-worker-2/DEBUG] [net.minecraftforge.fml.AutomaticEventSubscriber/LOADING]: Auto-subscribing xyz.pixelatedw.mineminenomi.entities.projectiles.gasu.GasuProjectiles to MOD
[27Aug2026 22:17:15.012] [modloading-worker-2/DEBUG] [net.minecraftforge.fml.AutomaticEventSubscriber/LOADING]: Auto-subscribing xyz.pixelatedw.mineminenomi.entities.projectiles.yami.YamiProjectiles to MOD
[27Aug2026 22:17:15.013] [modloading-worker-2/DEBUG] [net.minecraftforge.fml.AutomaticEventSubscriber/LOADING]: Auto-subscribing xyz.pixelatedw.mineminenomi.entities.projectiles.fishmankarate.FishmanKarateProjectiles to MOD
[27Aug2026 22:17:15.014] [modloading-worker-2/DEBUG] [net.minecraftforge.fml.AutomaticEventSubscriber/LOADING]: Auto-subscribing xyz.pixelatedw.mineminenomi.entities.projectiles.netsu.NetsuProjectiles to MOD
[27Aug2026 22:17:15.014] [modloading-worker-2/DEBUG] [net.minecraftforge.fml.AutomaticEventSubscriber/LOADING]: Auto-subscribing xyz.pixelatedw.mineminenomi.entities.projectiles.cyborg.CyborgProjectiles to MOD
[27Aug2026 22:17:15.015] [modloading-worker-2/DEBUG] [net.minecraftforge.fml.AutomaticEventSubscriber/LOADING]: Auto-subscribing xyz.pixelatedw.mineminenomi.entities.projectiles.beta.BetaProjectiles to MOD
[27Aug2026 22:17:15.016] [modloading-worker-2/DEBUG] [net.minecraftforge.fml.AutomaticEventSubscriber/LOADING]: Auto-subscribing xyz.pixelatedw.mineminenomi.entities.projectiles.magu.MaguProjectiles to MOD
[27Aug2026 22:17:15.017] [modloading-worker-2/DEBUG] [net.minecraftforge.fml.AutomaticEventSubscriber/LOADING]: Auto-subscribing xyz.pixelatedw.mineminenomi.entities.projectiles.mero.MeroProjectiles to MOD
[27Aug2026 22:17:15.018] [modloading-worker-2/DEBUG] [net.minecraftforge.fml.AutomaticEventSubscriber/LOADING]: Auto-subscribing xyz.pixelatedw.mineminenomi.entities.projectiles.suke.SukeProjectiles to MOD
[27Aug2026 22:17:15.018] [modloading-worker-2/DEBUG] [net.minecraftforge.fml.AutomaticEventSubscriber/LOADING]: Auto-subscribing xyz.pixelatedw.mineminenomi.entities.projectiles.ope.OpeProjectiles to MOD
[27Aug2026 22:17:15.019] [modloading-worker-2/DEBUG] [net.minecraftforge.fml.AutomaticEventSubscriber/LOADING]: Auto-subscribing xyz.pixelatedw.mineminenomi.entities.projectiles.artofweather.ArtOfWeatherProjectiles to MOD
[27Aug2026 22:17:15.021] [modloading-worker-2/DEBUG] [net.minecraftforge.fml.AutomaticEventSubscriber/LOADING]: Auto-subscribing xyz.pixelatedw.mineminenomi.entities.projectiles.bane.BaneProjectiles to MOD
[27Aug2026 22:17:15.021] [modloading-worker-2/DEBUG] [net.minecraftforge.fml.AutomaticEventSubscriber/LOADING]: Auto-subscribing xyz.pixelatedw.mineminenomi.entities.projectiles.moku.MokuProjectiles to MOD
[27Aug2026 22:17:15.022] [modloading-worker-2/DEBUG] [net.minecraftforge.fml.AutomaticEventSubscriber/LOADING]: Auto-subscribing xyz.pixelatedw.mineminenomi.entities.projectiles.zushi.ZushiProjectiles to MOD
[27Aug2026 22:17:15.023] [modloading-worker-2/DEBUG] [net.minecraftforge.fml.AutomaticEventSubscriber/LOADING]: Auto-subscribing xyz.pixelatedw.mineminenomi.entities.projectiles.doru.DoruProjectiles to MOD
[27Aug2026 22:17:15.024] [modloading-worker-2/DEBUG] [net.minecraftforge.fml.AutomaticEventSubscriber/LOADING]: Auto-subscribing xyz.pixelatedw.mineminenomi.entities.projectiles.kage.KageProjectiles to MOD
[27Aug2026 22:17:15.025] [modloading-worker-2/DEBUG] [net.minecraftforge.fml.AutomaticEventSubscriber/LOADING]: Auto-subscribing xyz.pixelatedw.mineminenomi.entities.projectiles.gura.GuraProjectiles to MOD
[27Aug2026 22:17:15.026] [modloading-worker-2/DEBUG] [net.minecraftforge.fml.AutomaticEventSubscriber/LOADING]: Auto-subscribing xyz.pixelatedw.mineminenomi.entities.projectiles.jiki.JikiProjectiles to MOD
[27Aug2026 22:17:15.027] [modloading-worker-2/DEBUG] [net.minecraftforge.fml.AutomaticEventSubscriber/LOADING]: Auto-subscribing xyz.pixelatedw.mineminenomi.entities.projectiles.bari.BariProjectiles to MOD
[27Aug2026 22:17:15.028] [modloading-worker-2/DEBUG] [net.minecraftforge.fml.AutomaticEventSubscriber/LOADING]: Auto-subscribing xyz.pixelatedw.mineminenomi.entities.projectiles.pero.PeroProjectiles to MOD
[27Aug2026 22:17:15.029] [modloading-worker-2/DEBUG] [net.minecraftforge.fml.AutomaticEventSubscriber/LOADING]: Auto-subscribing xyz.pixelatedw.mineminenomi.entities.projectiles.doku.DokuProjectiles to MOD
[27Aug2026 22:17:15.030] [modloading-worker-2/DEBUG] [net.minecraftforge.fml.AutomaticEventSubscriber/LOADING]: Auto-subscribing xyz.pixelatedw.mineminenomi.entities.projectiles.nikyu.NikyuProjectiles to MOD
[27Aug2026 22:17:15.031] [modloading-worker-2/DEBUG] [net.minecraftforge.fml.AutomaticEventSubscriber/LOADING]: Auto-subscribing xyz.pixelatedw.mineminenomi.entities.projectiles.blackleg.BlackLegProjectiles to MOD
[27Aug2026 22:17:15.032] [modloading-worker-2/DEBUG] [net.minecraftforge.fml.AutomaticEventSubscriber/LOADING]: Auto-subscribing xyz.pixelatedw.mineminenomi.entities.projectiles.extra.ExtraProjectiles to MOD
[27Aug2026 22:17:15.033] [modloading-worker-2/DEBUG] [net.minecraftforge.fml.AutomaticEventSubscriber/LOADING]: Auto-subscribing xyz.pixelatedw.mineminenomi.entities.projectiles.electro.ElectroProjectiles to MOD
[27Aug2026 22:17:15.034] [modloading-worker-2/DEBUG] [net.minecraftforge.fml.AutomaticEventSubscriber/LOADING]: Auto-subscribing xyz.pixelatedw.mineminenomi.entities.projectiles.gomu.GomuProjectiles to MOD
[27Aug2026 22:17:15.036] [modloading-worker-2/DEBUG] [net.minecraftforge.fml.AutomaticEventSubscriber/LOADING]: Auto-subscribing xyz.pixelatedw.mineminenomi.entities.projectiles.bomu.BomuProjectiles to MOD
[27Aug2026 22:17:15.037] [modloading-worker-2/DEBUG] [net.minecraftforge.fml.AutomaticEventSubscriber/LOADING]: Auto-subscribing xyz.pixelatedw.mineminenomi.entities.projectiles.ito.ItoProjectiles to MOD
[27Aug2026 22:17:15.038] [modloading-worker-2/DEBUG] [net.minecraftforge.fml.AutomaticEventSubscriber/LOADING]: Auto-subscribing xyz.pixelatedw.mineminenomi.entities.projectiles.supa.SupaProjectiles to MOD
[27Aug2026 22:17:15.038] [modloading-worker-2/DEBUG] [net.minecraftforge.fml.AutomaticEventSubscriber/LOADING]: Auto-subscribing xyz.pixelatedw.mineminenomi.entities.projectiles.noro.NoroProjectiles to MOD
[27Aug2026 22:17:15.039] [modloading-worker-2/DEBUG] [net.minecraftforge.fml.AutomaticEventSubscriber/LOADING]: Auto-subscribing xyz.pixelatedw.mineminenomi.init.ModParticleTypes to MOD
[27Aug2026 22:17:15.039] [modloading-worker-2/DEBUG] [net.minecraftforge.fml.AutomaticEventSubscriber/LOADING]: Auto-subscribing xyz.pixelatedw.mineminenomi.init.ModAttributes$Defaults to FORGE
[27Aug2026 22:17:15.041] [modloading-worker-2/DEBUG] [net.minecraftforge.fml.AutomaticEventSubscriber/LOADING]: Auto-subscribing xyz.pixelatedw.mineminenomi.init.ModLootTables to FORGE
[27Aug2026 22:17:15.042] [modloading-worker-2/DEBUG] [net.minecraftforge.fml.AutomaticEventSubscriber/LOADING]: Auto-subscribing xyz.pixelatedw.mineminenomi.init.ModEntities to MOD
[27Aug2026 22:17:15.042] [modloading-worker-2/DEBUG] [net.minecraftforge.fml.AutomaticEventSubscriber/LOADING]: Auto-subscribing xyz.pixelatedw.mineminenomi.init.ModAttributes to FORGE
[27Aug2026 22:17:15.042] [modloading-worker-2/DEBUG] [net.minecraftforge.fml.AutomaticEventSubscriber/LOADING]: Auto-subscribing xyz.pixelatedw.mineminenomi.init.ModDimensions to FORGE
[27Aug2026 22:17:15.042] [modloading-worker-2/DEBUG] [net.minecraftforge.fml.AutomaticEventSubscriber/LOADING]: Auto-subscribing xyz.pixelatedw.mineminenomi.init.ModAttributes$Setup to MOD
[27Aug2026 22:17:15.043] [modloading-worker-2/DEBUG] [net.minecraftforge.fml.AutomaticEventSubscriber/LOADING]: Auto-subscribing xyz.pixelatedw.mineminenomi.init.ModJollyRogers to MOD
[27Aug2026 22:17:15.043] [modloading-worker-2/DEBUG] [net.minecraftforge.fml.AutomaticEventSubscriber/LOADING]: Auto-subscribing xyz.pixelatedw.mineminenomi.init.ModDataGen to MOD
[27Aug2026 22:17:15.044] [modloading-worker-2/DEBUG] [net.minecraftforge.fml.AutomaticEventSubscriber/LOADING]: Auto-subscribing xyz.pixelatedw.mineminenomi.init.ModCapabilities to FORGE
[27Aug2026 22:17:15.045] [modloading-worker-2/DEBUG] [net.minecraftforge.fml.AutomaticEventSubscriber/LOADING]: Auto-subscribing xyz.pixelatedw.mineminenomi.api.ModRegistries to FORGE
[27Aug2026 22:17:15.045] [modloading-worker-2/DEBUG] [net.minecraftforge.fml.AutomaticEventSubscriber/LOADING]: Auto-subscribing xyz.pixelatedw.mineminenomi.config.CommonConfig to MOD
[27Aug2026 22:17:15.746] [modloading-worker-3/DEBUG] [net.minecraftforge.fml.AutomaticEventSubscriber/LOADING]: Attempting to inject @EventBusSubscriber classes into the eventbus for cartaddon
[27Aug2026 22:17:15.746] [modloading-worker-3/DEBUG] [net.minecraftforge.fml.AutomaticEventSubscriber/LOADING]: Auto-subscribing net.mrmagicalcart.cartaddon.setup.ForgeSetup to FORGE
[27Aug2026 22:17:15.747] [modloading-worker-3/DEBUG] [net.minecraftforge.fml.AutomaticEventSubscriber/LOADING]: Auto-subscribing net.mrmagicalcart.cartaddon.setup.CartSetup to MOD
[27Aug2026 22:17:15.748] [modloading-worker-3/DEBUG] [net.minecraftforge.fml.AutomaticEventSubscriber/LOADING]: Auto-subscribing net.mrmagicalcart.cartaddon.init.CartParticleTypes to MOD
[27Aug2026 22:17:15.748] [modloading-worker-3/DEBUG] [net.minecraftforge.fml.AutomaticEventSubscriber/LOADING]: Auto-subscribing net.mrmagicalcart.cartaddon.init.CartLootTables to FORGE
[27Aug2026 22:17:15.748] [modloading-worker-3/DEBUG] [net.minecraftforge.fml.AutomaticEventSubscriber/LOADING]: Auto-subscribing net.mrmagicalcart.cartaddon.init.CartEntities to MOD
[27Aug2026 22:17:15.748] [modloading-worker-3/DEBUG] [net.minecraftforge.fml.AutomaticEventSubscriber/LOADING]: Auto-subscribing net.mrmagicalcart.cartaddon.init.CartDataGen to MOD
[27Aug2026 22:17:15.749] [modloading-worker-3/DEBUG] [net.minecraftforge.fml.AutomaticEventSubscriber/LOADING]: Auto-subscribing net.mrmagicalcart.cartaddon.init.CartCapabilities to FORGE
[27Aug2026 22:17:15.749] [modloading-worker-3/DEBUG] [net.minecraftforge.fml.AutomaticEventSubscriber/LOADING]: Auto-subscribing net.mrmagicalcart.cartaddon.init.CartAttributes$Setup to MOD
[27Aug2026 22:17:15.749] [modloading-worker-3/DEBUG] [net.minecraftforge.fml.AutomaticEventSubscriber/LOADING]: Auto-subscribing net.mrmagicalcart.cartaddon.events.warcar.LivingMultisizeDefaultEvent to FORGE
[27Aug2026 22:17:15.750] [modloading-worker-3/DEBUG] [net.minecraftforge.fml.AutomaticEventSubscriber/LOADING]: Auto-subscribing net.mrmagicalcart.cartaddon.events.passives.CartHakiPassiveEvents to FORGE
[27Aug2026 22:17:15.751] [modloading-worker-3/DEBUG] [net.minecraftforge.fml.AutomaticEventSubscriber/LOADING]: Auto-subscribing net.mrmagicalcart.cartaddon.events.passives.CartBlackLegPassiveEvents$Common to FORGE
[27Aug2026 22:17:15.751] [modloading-worker-3/DEBUG] [net.minecraftforge.fml.AutomaticEventSubscriber/LOADING]: Auto-subscribing net.mrmagicalcart.cartaddon.events.items.CartCombatItemEvents to FORGE
[27Aug2026 22:17:15.752] [modloading-worker-3/DEBUG] [net.minecraftforge.fml.AutomaticEventSubscriber/LOADING]: Auto-subscribing net.mrmagicalcart.cartaddon.events.ZeusClimaTactEvents to FORGE
[27Aug2026 22:17:15.752] [modloading-worker-3/DEBUG] [net.minecraftforge.fml.AutomaticEventSubscriber/LOADING]: Auto-subscribing net.mrmagicalcart.cartaddon.events.TrinketRefreshEvents to FORGE
[27Aug2026 22:17:15.753] [modloading-worker-3/DEBUG] [net.minecraftforge.fml.AutomaticEventSubscriber/LOADING]: Auto-subscribing net.mrmagicalcart.cartaddon.events.StructuresEvents to FORGE
[27Aug2026 22:17:15.753] [modloading-worker-3/DEBUG] [net.minecraftforge.fml.AutomaticEventSubscriber/LOADING]: Auto-subscribing net.mrmagicalcart.cartaddon.events.SoulEvents to FORGE
[27Aug2026 22:17:15.753] [modloading-worker-3/DEBUG] [net.minecraftforge.fml.AutomaticEventSubscriber/LOADING]: Auto-subscribing net.mrmagicalcart.cartaddon.events.ServerResyncSizeEvents to FORGE
[27Aug2026 22:17:15.754] [modloading-worker-3/DEBUG] [net.minecraftforge.fml.AutomaticEventSubscriber/LOADING]: Auto-subscribing net.mrmagicalcart.cartaddon.events.ScaledRaceEvents to FORGE
[27Aug2026 22:17:15.756] [modloading-worker-3/DEBUG] [net.minecraftforge.fml.AutomaticEventSubscriber/LOADING]: Auto-subscribing net.mrmagicalcart.cartaddon.events.ReworkedFruitsEvents to FORGE
[27Aug2026 22:17:15.757] [modloading-worker-3/DEBUG] [net.minecraftforge.fml.AutomaticEventSubscriber/LOADING]: Auto-subscribing net.mrmagicalcart.cartaddon.events.ProjectileScalingEvent to FORGE
[27Aug2026 22:17:15.757] [modloading-worker-3/DEBUG] [net.minecraftforge.fml.AutomaticEventSubscriber/LOADING]: Auto-subscribing net.mrmagicalcart.cartaddon.events.MotherFlameRedstoneHandler to FORGE
[27Aug2026 22:17:15.758] [modloading-worker-3/DEBUG] [net.minecraftforge.fml.AutomaticEventSubscriber/LOADING]: Auto-subscribing net.mrmagicalcart.cartaddon.events.MatoSeekingEvent to FORGE
[27Aug2026 22:17:15.759] [modloading-worker-3/DEBUG] [net.minecraftforge.fml.AutomaticEventSubscriber/LOADING]: Auto-subscribing net.mrmagicalcart.cartaddon.events.JikiAssignEvents to FORGE
[27Aug2026 22:17:15.759] [modloading-worker-3/DEBUG] [net.minecraftforge.fml.AutomaticEventSubscriber/LOADING]: Auto-subscribing net.mrmagicalcart.cartaddon.events.HomieFriendlyFireEvents to FORGE
[27Aug2026 22:17:15.759] [modloading-worker-3/DEBUG] [net.minecraftforge.fml.AutomaticEventSubscriber/LOADING]: Auto-subscribing net.mrmagicalcart.cartaddon.events.CloneSafetyEvents to FORGE
[27Aug2026 22:17:15.760] [modloading-worker-3/DEBUG] [net.minecraftforge.fml.AutomaticEventSubscriber/LOADING]: Auto-subscribing net.mrmagicalcart.cartaddon.events.CloneCombatEvents to FORGE
[27Aug2026 22:17:15.760] [modloading-worker-3/DEBUG] [net.minecraftforge.fml.AutomaticEventSubscriber/LOADING]: Auto-subscribing net.mrmagicalcart.cartaddon.events.CartWorldEvents to FORGE
[27Aug2026 22:17:15.762] [modloading-worker-3/DEBUG] [net.minecraftforge.fml.AutomaticEventSubscriber/LOADING]: Auto-subscribing net.mrmagicalcart.cartaddon.events.CartRaidEvents to FORGE
[27Aug2026 22:17:15.763] [modloading-worker-3/DEBUG] [net.minecraftforge.fml.AutomaticEventSubscriber/LOADING]: Auto-subscribing net.mrmagicalcart.cartaddon.events.CartLoyaltyEvents to FORGE
[27Aug2026 22:17:15.764] [modloading-worker-3/DEBUG] [net.minecraftforge.fml.AutomaticEventSubscriber/LOADING]: Auto-subscribing net.mrmagicalcart.cartaddon.events.CartFightingStylesEvents to FORGE
[27Aug2026 22:17:15.765] [modloading-worker-3/DEBUG] [net.minecraftforge.fml.AutomaticEventSubscriber/LOADING]: Auto-subscribing net.mrmagicalcart.cartaddon.events.CartEnchantmentEvent to FORGE
[27Aug2026 22:17:15.766] [modloading-worker-3/DEBUG] [net.minecraftforge.fml.AutomaticEventSubscriber/LOADING]: Auto-subscribing net.mrmagicalcart.cartaddon.events.CartEffectsEvents$Common to FORGE
[27Aug2026 22:17:15.767] [modloading-worker-3/DEBUG] [net.minecraftforge.fml.AutomaticEventSubscriber/LOADING]: Auto-subscribing net.mrmagicalcart.cartaddon.events.CartCraftingEvents to FORGE
[27Aug2026 22:17:15.768] [modloading-worker-3/DEBUG] [net.minecraftforge.fml.AutomaticEventSubscriber/LOADING]: Auto-subscribing net.mrmagicalcart.cartaddon.events.BrainBrainCraftingEvents to FORGE
[27Aug2026 22:17:15.769] [modloading-worker-3/DEBUG] [net.minecraftforge.fml.AutomaticEventSubscriber/LOADING]: Auto-subscribing net.mrmagicalcart.cartaddon.events.AbilityProgressionEvents to FORGE
[27Aug2026 22:17:15.770] [modloading-worker-3/DEBUG] [net.minecraftforge.fml.AutomaticEventSubscriber/LOADING]: Auto-subscribing net.mrmagicalcart.cartaddon.events.AbilityEvents to FORGE
[27Aug2026 22:17:15.770] [modloading-worker-3/DEBUG] [net.minecraftforge.fml.AutomaticEventSubscriber/LOADING]: Auto-subscribing net.mrmagicalcart.cartaddon.entities.projectiles.yoru.YoruProjectiles to MOD
[27Aug2026 22:17:15.771] [modloading-worker-3/DEBUG] [net.minecraftforge.fml.AutomaticEventSubscriber/LOADING]: Auto-subscribing net.mrmagicalcart.cartaddon.entities.projectiles.yomiextra.YomiProjectiles to MOD
[27Aug2026 22:17:15.772] [modloading-worker-3/DEBUG] [net.minecraftforge.fml.AutomaticEventSubscriber/LOADING]: Auto-subscribing net.mrmagicalcart.cartaddon.entities.projectiles.yamiextra.ReworkedYamiProjectiles to MOD
[27Aug2026 22:17:15.772] [modloading-worker-3/DEBUG] [net.minecraftforge.fml.AutomaticEventSubscriber/LOADING]: Auto-subscribing net.mrmagicalcart.cartaddon.entities.projectiles.waraextra.WaraExtraProjectiles to MOD
[27Aug2026 22:17:15.773] [modloading-worker-3/DEBUG] [net.minecraftforge.fml.AutomaticEventSubscriber/LOADING]: Auto-subscribing net.mrmagicalcart.cartaddon.entities.projectiles.uta.UtaProjectiles to MOD
[27Aug2026 22:17:15.774] [modloading-worker-3/DEBUG] [net.minecraftforge.fml.AutomaticEventSubscriber/LOADING]: Auto-subscribing net.mrmagicalcart.cartaddon.entities.projectiles.uoseiryu.SeiryuProjectiles to MOD
[27Aug2026 22:17:15.775] [modloading-worker-3/DEBUG] [net.minecraftforge.fml.AutomaticEventSubscriber/LOADING]: Auto-subscribing net.mrmagicalcart.cartaddon.entities.projectiles.twinbarrel.TwinBarrelProjectiles to MOD
[27Aug2026 22:17:15.775] [modloading-worker-3/DEBUG] [net.minecraftforge.fml.AutomaticEventSubscriber/LOADING]: Auto-subscribing net.mrmagicalcart.cartaddon.entities.projectiles.trident.TridentProjectiles to MOD
[27Aug2026 22:17:15.776] [modloading-worker-3/DEBUG] [net.minecraftforge.fml.AutomaticEventSubscriber/LOADING]: Auto-subscribing net.mrmagicalcart.cartaddon.entities.projectiles.torinue.NueProjectiles to MOD
[27Aug2026 22:17:15.777] [modloading-worker-3/DEBUG] [net.minecraftforge.fml.AutomaticEventSubscriber/LOADING]: Auto-subscribing net.mrmagicalcart.cartaddon.entities.projectiles.toge.TogeProjectiles to MOD
[27Aug2026 22:17:15.777] [modloading-worker-3/DEBUG] [net.minecraftforge.fml.AutomaticEventSubscriber/LOADING]: Auto-subscribing net.mrmagicalcart.cartaddon.entities.projectiles.swordsmenextra.SwordsmenExtraProjectiles to MOD
[27Aug2026 22:17:15.778] [modloading-worker-3/DEBUG] [net.minecraftforge.fml.AutomaticEventSubscriber/LOADING]: Auto-subscribing net.mrmagicalcart.cartaddon.entities.projectiles.susu.SusuProjectiles to MOD
[27Aug2026 22:17:15.780] [modloading-worker-3/DEBUG] [net.minecraftforge.fml.AutomaticEventSubscriber/LOADING]: Auto-subscribing net.mrmagicalcart.cartaddon.entities.projectiles.supaextra.NewSupaProjectiles to MOD
[27Aug2026 22:17:15.780] [modloading-worker-3/DEBUG] [net.minecraftforge.fml.AutomaticEventSubscriber/LOADING]: Auto-subscribing net.mrmagicalcart.cartaddon.entities.projectiles.sunaextra.SunaExtraProjectiles to MOD
[27Aug2026 22:17:15.781] [modloading-worker-3/DEBUG] [net.minecraftforge.fml.AutomaticEventSubscriber/LOADING]: Auto-subscribing net.mrmagicalcart.cartaddon.entities.projectiles.soru.SoruProjectiles to MOD
[27Aug2026 22:17:15.783] [modloading-worker-3/DEBUG] [net.minecraftforge.fml.AutomaticEventSubscriber/LOADING]: Auto-subscribing net.mrmagicalcart.cartaddon.entities.projectiles.sniperextra.SniperExtraProjectiles to MOD
[27Aug2026 22:17:15.784] [modloading-worker-3/DEBUG] [net.minecraftforge.fml.AutomaticEventSubscriber/LOADING]: Auto-subscribing net.mrmagicalcart.cartaddon.entities.projectiles.skyfolk.SkyFolkProjectiles to MOD
[27Aug2026 22:17:15.784] [modloading-worker-3/DEBUG] [net.minecraftforge.fml.AutomaticEventSubscriber/LOADING]: Auto-subscribing net.mrmagicalcart.cartaddon.entities.projectiles.shiro.ShiroProjectiles to MOD
[27Aug2026 22:17:15.785] [modloading-worker-3/DEBUG] [net.minecraftforge.fml.AutomaticEventSubscriber/LOADING]: Auto-subscribing net.mrmagicalcart.cartaddon.entities.projectiles.shield.ShieldProjectiles to MOD
[27Aug2026 22:17:15.786] [modloading-worker-3/DEBUG] [net.minecraftforge.fml.AutomaticEventSubscriber/LOADING]: Auto-subscribing net.mrmagicalcart.cartaddon.entities.projectiles.shibo.ShiboProjectiles to MOD
[27Aug2026 22:17:15.786] [modloading-worker-3/DEBUG] [net.minecraftforge.fml.AutomaticEventSubscriber/LOADING]: Auto-subscribing net.mrmagicalcart.cartaddon.entities.projectiles.santoryu.SantoryuProjectiles to MOD
[27Aug2026 22:17:15.787] [modloading-worker-3/DEBUG] [net.minecraftforge.fml.AutomaticEventSubscriber/LOADING]: Auto-subscribing net.mrmagicalcart.cartaddon.entities.projectiles.ryusoken.RyusokenProjectiles to MOD
[27Aug2026 22:17:15.788] [modloading-worker-3/DEBUG] [net.minecraftforge.fml.AutomaticEventSubscriber/LOADING]: Auto-subscribing net.mrmagicalcart.cartaddon.entities.projectiles.ryupteranodonextra.RyuPteranodonExtraProjectiles to MOD
[27Aug2026 22:17:15.789] [modloading-worker-3/DEBUG] [net.minecraftforge.fml.AutomaticEventSubscriber/LOADING]: Auto-subscribing net.mrmagicalcart.cartaddon.entities.projectiles.ryukirin.KirinProjectiles to MOD
[27Aug2026 22:17:15.790] [modloading-worker-3/DEBUG] [net.minecraftforge.fml.AutomaticEventSubscriber/LOADING]: Auto-subscribing net.mrmagicalcart.cartaddon.entities.projectiles.riki.RikiProjectiles to MOD
[27Aug2026 22:17:15.791] [modloading-worker-3/DEBUG] [net.minecraftforge.fml.AutomaticEventSubscriber/LOADING]: Auto-subscribing net.mrmagicalcart.cartaddon.entities.projectiles.pole.PoleProjectiles to MOD
[27Aug2026 22:17:15.792] [modloading-worker-3/DEBUG] [net.minecraftforge.fml.AutomaticEventSubscriber/LOADING]: Auto-subscribing net.mrmagicalcart.cartaddon.entities.projectiles.pikaclone.PikaExtraProjectiles to MOD
[27Aug2026 22:17:15.792] [modloading-worker-3/DEBUG] [net.minecraftforge.fml.AutomaticEventSubscriber/LOADING]: Auto-subscribing net.mrmagicalcart.cartaddon.entities.projectiles.pasa.PasaProjectiles to MOD
[27Aug2026 22:17:15.793] [modloading-worker-3/DEBUG] [net.minecraftforge.fml.AutomaticEventSubscriber/LOADING]: Auto-subscribing net.mrmagicalcart.cartaddon.entities.projectiles.pamu.PamuProjectiles to MOD
[27Aug2026 22:17:15.794] [modloading-worker-3/DEBUG] [net.minecraftforge.fml.AutomaticEventSubscriber/LOADING]: Auto-subscribing net.mrmagicalcart.cartaddon.entities.projectiles.opeextra.OpeExtraProjectiles to MOD
[27Aug2026 22:17:15.795] [modloading-worker-3/DEBUG] [net.minecraftforge.fml.AutomaticEventSubscriber/LOADING]: Auto-subscribing net.mrmagicalcart.cartaddon.entities.projectiles.oni.OniProjectiles to MOD
[27Aug2026 22:17:15.796] [modloading-worker-3/DEBUG] [net.minecraftforge.fml.AutomaticEventSubscriber/LOADING]: Auto-subscribing net.mrmagicalcart.cartaddon.entities.projectiles.numa.NumaProjectiles to MOD
[27Aug2026 22:17:15.796] [modloading-worker-3/DEBUG] [net.minecraftforge.fml.AutomaticEventSubscriber/LOADING]: Auto-subscribing net.mrmagicalcart.cartaddon.entities.projectiles.nomi.NomiSatelliteEntities to MOD
[27Aug2026 22:17:15.798] [modloading-worker-3/DEBUG] [net.minecraftforge.fml.AutomaticEventSubscriber/LOADING]: Auto-subscribing net.mrmagicalcart.cartaddon.entities.projectiles.nomi.NomiProjectiles to MOD
[27Aug2026 22:17:15.798] [modloading-worker-3/DEBUG] [net.minecraftforge.fml.AutomaticEventSubscriber/LOADING]: Auto-subscribing net.mrmagicalcart.cartaddon.entities.projectiles.noko.NokoProjectiles to MOD
[27Aug2026 22:17:15.799] [modloading-worker-3/DEBUG] [net.minecraftforge.fml.AutomaticEventSubscriber/LOADING]: Auto-subscribing net.mrmagicalcart.cartaddon.entities.projectiles.nitoryu.NitoryuProjectiles to MOD
[27Aug2026 22:17:15.800] [modloading-worker-3/DEBUG] [net.minecraftforge.fml.AutomaticEventSubscriber/LOADING]: Auto-subscribing net.mrmagicalcart.cartaddon.entities.projectiles.mushisuzumebachi.SuzumebachiProjectiles to MOD
[27Aug2026 22:17:15.801] [modloading-worker-3/DEBUG] [net.minecraftforge.fml.AutomaticEventSubscriber/LOADING]: Auto-subscribing net.mrmagicalcart.cartaddon.entities.projectiles.mori.MoriProjectiles to MOD
[27Aug2026 22:17:15.802] [modloading-worker-3/DEBUG] [net.minecraftforge.fml.AutomaticEventSubscriber/LOADING]: Auto-subscribing net.mrmagicalcart.cartaddon.entities.projectiles.mokuextra.MokuExtraProjectiles to MOD
[27Aug2026 22:17:15.803] [modloading-worker-3/DEBUG] [net.minecraftforge.fml.AutomaticEventSubscriber/LOADING]: Auto-subscribing net.mrmagicalcart.cartaddon.entities.projectiles.modifiedhuman.ModifiedHumanProjectiles to MOD
[27Aug2026 22:17:15.803] [modloading-worker-3/DEBUG] [net.minecraftforge.fml.AutomaticEventSubscriber/LOADING]: Auto-subscribing net.mrmagicalcart.cartaddon.entities.projectiles.mochi.MochiProjectiles to MOD
[27Aug2026 22:17:15.806] [modloading-worker-3/DEBUG] [net.minecraftforge.fml.AutomaticEventSubscriber/LOADING]: Auto-subscribing net.mrmagicalcart.cartaddon.entities.projectiles.meraextra.NewMeraProjectiles to MOD
[27Aug2026 22:17:15.807] [modloading-worker-3/DEBUG] [net.minecraftforge.fml.AutomaticEventSubscriber/LOADING]: Auto-subscribing net.mrmagicalcart.cartaddon.entities.projectiles.marksmen.MarksmenProjectiles to MOD
[27Aug2026 22:17:15.807] [modloading-worker-3/DEBUG] [net.minecraftforge.fml.AutomaticEventSubscriber/LOADING]: Auto-subscribing net.mrmagicalcart.cartaddon.entities.projectiles.maguextra.NewMaguProjectiles to MOD
[27Aug2026 22:17:15.808] [modloading-worker-3/DEBUG] [net.minecraftforge.fml.AutomaticEventSubscriber/LOADING]: Auto-subscribing net.mrmagicalcart.cartaddon.entities.projectiles.lunarian.LunarianProjectiles to MOD
[27Aug2026 22:17:15.809] [modloading-worker-3/DEBUG] [net.minecraftforge.fml.AutomaticEventSubscriber/LOADING]: Auto-subscribing net.mrmagicalcart.cartaddon.entities.projectiles.kumorosamygale.RosamygaleProjectiles to MOD
[27Aug2026 22:17:15.810] [modloading-worker-3/DEBUG] [net.minecraftforge.fml.AutomaticEventSubscriber/LOADING]: Auto-subscribing net.mrmagicalcart.cartaddon.entities.projectiles.kibi.KibiProjectiles to MOD
[27Aug2026 22:17:15.810] [modloading-worker-3/DEBUG] [net.minecraftforge.fml.AutomaticEventSubscriber/LOADING]: Auto-subscribing net.mrmagicalcart.cartaddon.entities.projectiles.kama.KamaProjectiles to MOD
[27Aug2026 22:17:15.811] [modloading-worker-3/DEBUG] [net.minecraftforge.fml.AutomaticEventSubscriber/LOADING]: Auto-subscribing net.mrmagicalcart.cartaddon.entities.projectiles.kageextra.KageExtraProjectiles to MOD
[27Aug2026 22:17:15.812] [modloading-worker-3/DEBUG] [net.minecraftforge.fml.AutomaticEventSubscriber/LOADING]: Auto-subscribing net.mrmagicalcart.cartaddon.entities.projectiles.jikiextra.JikiExtraProjectiles to MOD
[27Aug2026 22:17:15.812] [modloading-worker-3/DEBUG] [net.minecraftforge.fml.AutomaticEventSubscriber/LOADING]: Auto-subscribing net.mrmagicalcart.cartaddon.entities.projectiles.itoextra.ItoAwakeningProjectiles to MOD
[27Aug2026 22:17:15.813] [modloading-worker-3/DEBUG] [net.minecraftforge.fml.AutomaticEventSubscriber/LOADING]: Auto-subscribing net.mrmagicalcart.cartaddon.entities.projectiles.ishi.IshiProjectiles to MOD
[27Aug2026 22:17:15.814] [modloading-worker-3/DEBUG] [net.minecraftforge.fml.AutomaticEventSubscriber/LOADING]: Auto-subscribing net.mrmagicalcart.cartaddon.entities.projectiles.inuwolf.WolfProjectiles to MOD
[27Aug2026 22:17:15.814] [modloading-worker-3/DEBUG] [net.minecraftforge.fml.AutomaticEventSubscriber/LOADING]: Auto-subscribing net.mrmagicalcart.cartaddon.entities.projectiles.inuokuchi.OkuchiProjectiles to MOD
[27Aug2026 22:17:15.815] [modloading-worker-3/DEBUG] [net.minecraftforge.fml.AutomaticEventSubscriber/LOADING]: Auto-subscribing net.mrmagicalcart.cartaddon.entities.projectiles.inukitsune.InuKitsuneProjectiles to MOD
[27Aug2026 22:17:15.816] [modloading-worker-3/DEBUG] [net.minecraftforge.fml.AutomaticEventSubscriber/LOADING]: Auto-subscribing net.mrmagicalcart.cartaddon.entities.projectiles.inudanuki.InuDanukiProjectiles to MOD
[27Aug2026 22:17:15.816] [modloading-worker-3/DEBUG] [net.minecraftforge.fml.AutomaticEventSubscriber/LOADING]: Auto-subscribing net.mrmagicalcart.cartaddon.entities.projectiles.inucerberus.CerberusProjectiles to MOD
[27Aug2026 22:17:15.817] [modloading-worker-3/DEBUG] [net.minecraftforge.fml.AutomaticEventSubscriber/LOADING]: Auto-subscribing net.mrmagicalcart.cartaddon.entities.projectiles.hoya.HoyaProjectiles to MOD
[27Aug2026 22:17:15.818] [modloading-worker-3/DEBUG] [net.minecraftforge.fml.AutomaticEventSubscriber/LOADING]: Auto-subscribing net.mrmagicalcart.cartaddon.entities.projectiles.horoextra.HoroExtraProjectiles to MOD
[27Aug2026 22:17:15.819] [modloading-worker-3/DEBUG] [net.minecraftforge.fml.AutomaticEventSubscriber/LOADING]: Auto-subscribing net.mrmagicalcart.cartaddon.entities.projectiles.hook.CartHookProjectiles to MOD
[27Aug2026 22:17:15.819] [modloading-worker-3/DEBUG] [net.minecraftforge.fml.AutomaticEventSubscriber/LOADING]: Auto-subscribing net.mrmagicalcart.cartaddon.entities.projectiles.hitoonyubo.OnyuboProjectiles to MOD
[27Aug2026 22:17:15.820] [modloading-worker-3/DEBUG] [net.minecraftforge.fml.AutomaticEventSubscriber/LOADING]: Auto-subscribing net.mrmagicalcart.cartaddon.entities.projectiles.hebiyamatanoorochi.OrochiProjectiles to MOD
[27Aug2026 22:17:15.820] [modloading-worker-3/DEBUG] [net.minecraftforge.fml.AutomaticEventSubscriber/LOADING]: Auto-subscribing net.mrmagicalcart.cartaddon.entities.projectiles.hebianaconda.HebiAnacondaProjectiles to MOD
[27Aug2026 22:17:15.821] [modloading-worker-3/DEBUG] [net.minecraftforge.fml.AutomaticEventSubscriber/LOADING]: Auto-subscribing net.mrmagicalcart.cartaddon.entities.projectiles.hasshoken.HasshokenProjectiles to MOD
[27Aug2026 22:17:15.822] [modloading-worker-3/DEBUG] [net.minecraftforge.fml.AutomaticEventSubscriber/LOADING]: Auto-subscribing net.mrmagicalcart.cartaddon.entities.projectiles.guru.GuruProjectiles to MOD
[27Aug2026 22:17:15.822] [modloading-worker-3/DEBUG] [net.minecraftforge.fml.AutomaticEventSubscriber/LOADING]: Auto-subscribing net.mrmagicalcart.cartaddon.entities.projectiles.guraextra.NewGuraProjectiles to MOD
[27Aug2026 22:17:15.823] [modloading-worker-3/DEBUG] [net.minecraftforge.fml.AutomaticEventSubscriber/LOADING]: Auto-subscribing net.mrmagicalcart.cartaddon.entities.projectiles.greatblade.GreatBladeProjectiles to MOD
[27Aug2026 22:17:15.823] [modloading-worker-3/DEBUG] [net.minecraftforge.fml.AutomaticEventSubscriber/LOADING]: Auto-subscribing net.mrmagicalcart.cartaddon.entities.projectiles.goru.GoruProjectiles to MOD
[27Aug2026 22:17:15.825] [modloading-worker-3/DEBUG] [net.minecraftforge.fml.AutomaticEventSubscriber/LOADING]: Auto-subscribing net.mrmagicalcart.cartaddon.entities.projectiles.goroextra.GoroExtraProjectiles to MOD
[27Aug2026 22:17:15.827] [modloading-worker-3/DEBUG] [net.minecraftforge.fml.AutomaticEventSubscriber/LOADING]: Auto-subscribing net.mrmagicalcart.cartaddon.entities.projectiles.giro.GiroProjectiles to MOD
[27Aug2026 22:17:15.827] [modloading-worker-3/DEBUG] [net.minecraftforge.fml.AutomaticEventSubscriber/LOADING]: Auto-subscribing net.mrmagicalcart.cartaddon.entities.projectiles.gasuextra.GasuExtraProjectiles to MOD
[27Aug2026 22:17:15.828] [modloading-worker-3/DEBUG] [net.minecraftforge.fml.AutomaticEventSubscriber/LOADING]: Auto-subscribing net.mrmagicalcart.cartaddon.entities.projectiles.fuwa.FuwaProjectiles to MOD
[27Aug2026 22:17:15.828] [modloading-worker-3/DEBUG] [net.minecraftforge.fml.AutomaticEventSubscriber/LOADING]: Auto-subscribing net.mrmagicalcart.cartaddon.entities.projectiles.enma.EnmaProjectiles to MOD
[27Aug2026 22:17:15.829] [modloading-worker-3/DEBUG] [net.minecraftforge.fml.AutomaticEventSubscriber/LOADING]: Auto-subscribing net.mrmagicalcart.cartaddon.entities.projectiles.electro.CartElectroProjectiles to MOD
[27Aug2026 22:17:15.829] [modloading-worker-3/DEBUG] [net.minecraftforge.fml.AutomaticEventSubscriber/LOADING]: Auto-subscribing net.mrmagicalcart.cartaddon.entities.projectiles.dragonthirteen.DragonThirteenProjectiles to MOD
[27Aug2026 22:17:15.830] [modloading-worker-3/DEBUG] [net.minecraftforge.fml.AutomaticEventSubscriber/LOADING]: Auto-subscribing net.mrmagicalcart.cartaddon.entities.projectiles.dokuextra.NewDokuProjectiles to MOD
[27Aug2026 22:17:15.830] [modloading-worker-3/DEBUG] [net.minecraftforge.fml.AutomaticEventSubscriber/LOADING]: Auto-subscribing net.mrmagicalcart.cartaddon.entities.projectiles.dagger.DaggerProjectiles to MOD
[27Aug2026 22:17:15.831] [modloading-worker-3/DEBUG] [net.minecraftforge.fml.AutomaticEventSubscriber/LOADING]: Auto-subscribing net.mrmagicalcart.cartaddon.entities.projectiles.cybrogextra.CyborgExtraProjectiles to MOD
[27Aug2026 22:17:15.832] [modloading-worker-3/DEBUG] [net.minecraftforge.fml.AutomaticEventSubscriber/LOADING]: Auto-subscribing net.mrmagicalcart.cartaddon.entities.projectiles.castlebreaker.CastleBreakerProjectiles to MOD
[27Aug2026 22:17:15.832] [modloading-worker-3/DEBUG] [net.minecraftforge.fml.AutomaticEventSubscriber/LOADING]: Auto-subscribing net.mrmagicalcart.cartaddon.entities.projectiles.brawlerextra.BrawlerExtraProjectiles to MOD
[27Aug2026 22:17:15.833] [modloading-worker-3/DEBUG] [net.minecraftforge.fml.AutomaticEventSubscriber/LOADING]: Auto-subscribing net.mrmagicalcart.cartaddon.entities.projectiles.bludgeon.BludgeonProjectiles to MOD
[27Aug2026 22:17:15.833] [modloading-worker-3/DEBUG] [net.minecraftforge.fml.AutomaticEventSubscriber/LOADING]: Auto-subscribing net.mrmagicalcart.cartaddon.entities.projectiles.blacklegextra.BlackLegExtraProjectiles to MOD
[27Aug2026 22:17:15.834] [modloading-worker-3/DEBUG] [net.minecraftforge.fml.AutomaticEventSubscriber/LOADING]: Auto-subscribing net.mrmagicalcart.cartaddon.entities.projectiles.bisu.BisuProjectiles to MOD
[27Aug2026 22:17:15.835] [modloading-worker-3/DEBUG] [net.minecraftforge.fml.AutomaticEventSubscriber/LOADING]: Auto-subscribing net.mrmagicalcart.cartaddon.entities.projectiles.battovampire.BattoVampireProjectiles to MOD
[27Aug2026 22:17:15.835] [modloading-worker-3/DEBUG] [net.minecraftforge.fml.AutomaticEventSubscriber/LOADING]: Auto-subscribing net.mrmagicalcart.cartaddon.entities.projectiles.batto.BattoProjectiles to MOD
[27Aug2026 22:17:15.836] [modloading-worker-3/DEBUG] [net.minecraftforge.fml.AutomaticEventSubscriber/LOADING]: Auto-subscribing net.mrmagicalcart.cartaddon.entities.projectiles.bata.BataProjectiles to MOD
[27Aug2026 22:17:15.836] [modloading-worker-3/DEBUG] [net.minecraftforge.fml.AutomaticEventSubscriber/LOADING]: Auto-subscribing net.mrmagicalcart.cartaddon.entities.projectiles.axestyle.AxeProjectiles to MOD
[27Aug2026 22:17:15.837] [modloading-worker-3/DEBUG] [net.minecraftforge.fml.AutomaticEventSubscriber/LOADING]: Auto-subscribing net.mrmagicalcart.cartaddon.config.CartCommonConfig to MOD
[27Aug2026 22:17:15.837] [modloading-worker-3/DEBUG] [net.minecraftforge.fml.AutomaticEventSubscriber/LOADING]: Auto-subscribing net.mrmagicalcart.cartaddon.api.CartRegistries to FORGE
[27Aug2026 22:17:15.837] [modloading-worker-3/DEBUG] [net.minecraftforge.fml.AutomaticEventSubscriber/LOADING]: Auto-subscribing net.mrmagicalcart.cartaddon.abilities.trident.SpinStanceAbility$SpinGuardEvents to FORGE
[27Aug2026 22:17:15.838] [modloading-worker-3/DEBUG] [net.minecraftforge.fml.AutomaticEventSubscriber/LOADING]: Auto-subscribing net.mrmagicalcart.cartaddon.abilities.toshi.OilCorrosionEvents to FORGE
[27Aug2026 22:17:15.838] [modloading-worker-3/DEBUG] [net.minecraftforge.fml.AutomaticEventSubscriber/LOADING]: Auto-subscribing net.mrmagicalcart.cartaddon.abilities.pamu.JiraiPuncAbility to FORGE
[27Aug2026 22:17:15.838] [modloading-worker-3/DEBUG] [net.minecraftforge.fml.AutomaticEventSubscriber/LOADING]: Auto-subscribing net.mrmagicalcart.cartaddon.abilities.nomi.StellaSplitAbility to FORGE
[27Aug2026 22:17:15.839] [modloading-worker-3/DEBUG] [net.minecraftforge.fml.AutomaticEventSubscriber/LOADING]: Auto-subscribing net.mrmagicalcart.cartaddon.abilities.nomi.BrainGrowthAbility to FORGE
[27Aug2026 22:17:15.840] [modloading-worker-3/DEBUG] [net.minecraftforge.fml.AutomaticEventSubscriber/LOADING]: Auto-subscribing net.mrmagicalcart.cartaddon.abilities.modifiedhuman.winchgreen.WinchStrikeAbility$Events to FORGE
[27Aug2026 22:17:15.840] [modloading-worker-3/DEBUG] [net.minecraftforge.fml.AutomaticEventSubscriber/LOADING]: Auto-subscribing net.mrmagicalcart.cartaddon.abilities.modifiedhuman.stealthblack.StealthStrikeAbility$Events to FORGE
[27Aug2026 22:17:15.840] [modloading-worker-3/DEBUG] [net.minecraftforge.fml.AutomaticEventSubscriber/LOADING]: Auto-subscribing net.mrmagicalcart.cartaddon.abilities.modifiedhuman.sparklingred.SparklingStrikeAbility$Events to FORGE
[27Aug2026 22:17:15.841] [modloading-worker-3/DEBUG] [net.minecraftforge.fml.AutomaticEventSubscriber/LOADING]: Auto-subscribing net.mrmagicalcart.cartaddon.abilities.modifiedhuman.poisonpink.PoisonStrikeAbility$Events to FORGE
[27Aug2026 22:17:15.841] [modloading-worker-3/DEBUG] [net.minecraftforge.fml.AutomaticEventSubscriber/LOADING]: Auto-subscribing net.mrmagicalcart.cartaddon.abilities.modifiedhuman.electicshockblue.ShockingStrikeAbility$Events to FORGE
[27Aug2026 22:17:15.842] [modloading-worker-3/DEBUG] [net.minecraftforge.fml.AutomaticEventSubscriber/LOADING]: Auto-subscribing net.mrmagicalcart.cartaddon.abilities.hitoonyudo.IronSandalsAbility to FORGE
[27Aug2026 22:17:15.842] [modloading-worker-3/DEBUG] [net.minecraftforge.fml.AutomaticEventSubscriber/LOADING]: Auto-subscribing net.mrmagicalcart.cartaddon.abilities.aowrework.entities.AOWReworkEntities to MOD
[27Aug2026 22:17:15.843] [modloading-worker-3/DEBUG] [net.minecraftforge.fml.AutomaticEventSubscriber/LOADING]: Auto-subscribing net.mrmagicalcart.cartaddon.abilities.aowrework.AOWReworkEvents to FORGE
[27Aug2026 22:17:16.035] [main/INFO] [net.Zitoen.zitoenpiece.ZitoenPiece/]: HELLO from Register Block
[27Aug2026 22:17:16.078] [main/DEBUG] [mixin/]: Mixing navy.JusticeDoctrineTargetingMixin from zitoenpiece.mixins.json into xyz.pixelatedw.mineminenomi.entities.mobs.goals.FactionHurtByTargetGoal
[27Aug2026 22:17:16.191] [main/DEBUG] [net.minecraftforge.registries.ObjectHolderRef/]: Unable to lookup zitoenpiece:devil_fruit_injector for public static net.minecraft.item.Item net.Zitoen.zitoenpiece.init.ModItems.DEVIL_FRUIT_INJECTOR. This means the object wasn't registered. It's likely just mod options.
[27Aug2026 22:17:16.279] [main/DEBUG] [mixin/]: Mixing SwordsmenQuestsMixin from cartaddon.mixins.json into xyz.pixelatedw.mineminenomi.entities.mobs.quest.givers.SwordsmanTrainerEntity
[27Aug2026 22:17:16.280] [main/DEBUG] [mixin/]: Renaming synthetic method lambda$getQuests$0(Lxyz/pixelatedw/mineminenomi/api/quests/QuestId;)Lxyz/pixelatedw/mineminenomi/api/quests/QuestId; to md61ad08$lambda$getQuests$0$0 in cartaddon.mixins.json:SwordsmenQuestsMixin
[27Aug2026 22:17:16.285] [main/DEBUG] [mixin/]: Mixing SniperQuestsMixin from cartaddon.mixins.json into xyz.pixelatedw.mineminenomi.entities.mobs.quest.givers.SniperTrainerEntity
[27Aug2026 22:17:16.285] [main/DEBUG] [mixin/]: Renaming synthetic method lambda$getQuests$0(Lxyz/pixelatedw/mineminenomi/api/quests/QuestId;)Lxyz/pixelatedw/mineminenomi/api/quests/QuestId; to md61ad08$lambda$getQuests$0$0 in cartaddon.mixins.json:SniperQuestsMixin
[27Aug2026 22:17:16.288] [main/DEBUG] [mixin/]: Mixing AOWQuestsMixin from cartaddon.mixins.json into xyz.pixelatedw.mineminenomi.entities.mobs.quest.givers.ArtOfWeatherTrainerEntity
[27Aug2026 22:17:16.288] [main/DEBUG] [mixin/]: Renaming synthetic method lambda$getQuests$0(Lxyz/pixelatedw/mineminenomi/api/quests/QuestId;)Lxyz/pixelatedw/mineminenomi/api/quests/QuestId; to md61ad08$lambda$getQuests$0$0 in cartaddon.mixins.json:AOWQuestsMixin
[27Aug2026 22:17:16.291] [main/DEBUG] [mixin/]: Mixing BrawlerQuestsMixin from cartaddon.mixins.json into xyz.pixelatedw.mineminenomi.entities.mobs.quest.givers.BrawlerTrainerEntity
[27Aug2026 22:17:16.291] [main/DEBUG] [mixin/]: Renaming synthetic method lambda$getQuests$0(Lxyz/pixelatedw/mineminenomi/api/quests/QuestId;)Lxyz/pixelatedw/mineminenomi/api/quests/QuestId; to md61ad08$lambda$getQuests$0$0 in cartaddon.mixins.json:BrawlerQuestsMixin
[27Aug2026 22:17:16.293] [main/DEBUG] [mixin/]: Mixing BlackLegQuestsMixin from cartaddon.mixins.json into xyz.pixelatedw.mineminenomi.entities.mobs.quest.givers.BlackLegTrainerEntity
[27Aug2026 22:17:16.294] [main/DEBUG] [mixin/]: Renaming synthetic method lambda$getQuests$0(Lxyz/pixelatedw/mineminenomi/api/quests/QuestId;)Lxyz/pixelatedw/mineminenomi/api/quests/QuestId; to md61ad08$lambda$getQuests$0$0 in cartaddon.mixins.json:BlackLegQuestsMixin
[27Aug2026 22:17:17.007] [main/INFO] [net.minecraftforge.registries.GameData/]: Potentially Dangerous alternative prefix `leopardrework` for name `leopardtrueheavy`, expected `leopard_rework`. This could be a intended override, but in most cases indicates a broken mod.
[27Aug2026 22:17:17.008] [main/INFO] [net.minecraftforge.registries.GameData/]: Potentially Dangerous alternative prefix `leopardrework` for name `awakenedheavypoint`, expected `leopard_rework`. This could be a intended override, but in most cases indicates a broken mod.
[27Aug2026 22:17:17.008] [main/INFO] [net.minecraftforge.registries.GameData/]: Potentially Dangerous alternative prefix `leopardrework` for name `leopardtruewalk`, expected `leopard_rework`. This could be a intended override, but in most cases indicates a broken mod.
[27Aug2026 22:17:17.156] [main/DEBUG] [net.minecraftforge.fml.config.ConfigTracker/CONFIG]: Loading configs type COMMON
[27Aug2026 22:17:17.157] [main/DEBUG] [net.minecraftforge.fml.config.ConfigFileTypeHandler/CONFIG]: Built TOML config for /workspaces/Antony/servidor_minecraft/config/jade-common.toml
[27Aug2026 22:17:17.157] [main/DEBUG] [net.minecraftforge.fml.config.ConfigFileTypeHandler/CONFIG]: Loaded TOML config file /workspaces/Antony/servidor_minecraft/config/jade-common.toml
[27Aug2026 22:17:17.158] [main/DEBUG] [net.minecraftforge.fml.config.ConfigFileTypeHandler/CONFIG]: Watching TOML config file /workspaces/Antony/servidor_minecraft/config/jade-common.toml for changes
[27Aug2026 22:17:17.159] [main/DEBUG] [net.minecraftforge.fml.config.ConfigFileTypeHandler/CONFIG]: Built TOML config for /workspaces/Antony/servidor_minecraft/config/bountyhunters-common.toml
[27Aug2026 22:17:17.160] [main/DEBUG] [net.minecraftforge.fml.config.ConfigFileTypeHandler/CONFIG]: Loaded TOML config file /workspaces/Antony/servidor_minecraft/config/bountyhunters-common.toml
[27Aug2026 22:17:17.161] [main/DEBUG] [net.minecraftforge.fml.config.ConfigFileTypeHandler/CONFIG]: Watching TOML config file /workspaces/Antony/servidor_minecraft/config/bountyhunters-common.toml for changes
[27Aug2026 22:17:17.168] [main/DEBUG] [net.minecraftforge.fml.config.ConfigFileTypeHandler/CONFIG]: Built TOML config for /workspaces/Antony/servidor_minecraft/config/modernfix-common.toml
[27Aug2026 22:17:17.168] [main/DEBUG] [net.minecraftforge.fml.config.ConfigFileTypeHandler/CONFIG]: Loaded TOML config file /workspaces/Antony/servidor_minecraft/config/modernfix-common.toml
[27Aug2026 22:17:17.168] [main/DEBUG] [net.minecraftforge.fml.config.ConfigFileTypeHandler/CONFIG]: Watching TOML config file /workspaces/Antony/servidor_minecraft/config/modernfix-common.toml for changes
[27Aug2026 22:17:17.168] [main/DEBUG] [net.minecraftforge.fml.config.ConfigFileTypeHandler/CONFIG]: Built TOML config for /workspaces/Antony/servidor_minecraft/config/citadel-common.toml
[27Aug2026 22:17:17.169] [main/DEBUG] [net.minecraftforge.fml.config.ConfigFileTypeHandler/CONFIG]: Loaded TOML config file /workspaces/Antony/servidor_minecraft/config/citadel-common.toml
[27Aug2026 22:17:17.169] [main/DEBUG] [net.minecraftforge.fml.config.ConfigFileTypeHandler/CONFIG]: Watching TOML config file /workspaces/Antony/servidor_minecraft/config/citadel-common.toml for changes
[27Aug2026 22:17:17.170] [main/DEBUG] [net.minecraftforge.fml.config.ConfigFileTypeHandler/CONFIG]: Built TOML config for /workspaces/Antony/servidor_minecraft/config/mineminenomiawakenpath-common.toml
[27Aug2026 22:17:17.170] [main/DEBUG] [net.minecraftforge.fml.config.ConfigFileTypeHandler/CONFIG]: Loaded TOML config file /workspaces/Antony/servidor_minecraft/config/mineminenomiawakenpath-common.toml
[27Aug2026 22:17:17.170] [main/DEBUG] [net.minecraftforge.fml.config.ConfigFileTypeHandler/CONFIG]: Watching TOML config file /workspaces/Antony/servidor_minecraft/config/mineminenomiawakenpath-common.toml for changes
[27Aug2026 22:17:17.171] [main/DEBUG] [net.minecraftforge.fml.config.ConfigFileTypeHandler/CONFIG]: Built TOML config for /workspaces/Antony/servidor_minecraft/config/sophisticatedbackpacks-common.toml
[27Aug2026 22:17:17.172] [main/DEBUG] [net.minecraftforge.fml.config.ConfigFileTypeHandler/CONFIG]: Loaded TOML config file /workspaces/Antony/servidor_minecraft/config/sophisticatedbackpacks-common.toml
[27Aug2026 22:17:17.173] [main/DEBUG] [net.minecraftforge.fml.config.ConfigFileTypeHandler/CONFIG]: Watching TOML config file /workspaces/Antony/servidor_minecraft/config/sophisticatedbackpacks-common.toml for changes
[27Aug2026 22:17:17.177] [main/DEBUG] [net.minecraftforge.fml.config.ConfigFileTypeHandler/CONFIG]: Built TOML config for /workspaces/Antony/servidor_minecraft/config/cartaddon-common.toml
[27Aug2026 22:17:17.178] [main/DEBUG] [net.minecraftforge.fml.config.ConfigFileTypeHandler/CONFIG]: Loaded TOML config file /workspaces/Antony/servidor_minecraft/config/cartaddon-common.toml
[27Aug2026 22:17:17.178] [main/DEBUG] [net.minecraftforge.fml.config.ConfigFileTypeHandler/CONFIG]: Watching TOML config file /workspaces/Antony/servidor_minecraft/config/cartaddon-common.toml for changes
[27Aug2026 22:17:17.179] [main/DEBUG] [net.minecraftforge.fml.config.ConfigFileTypeHandler/CONFIG]: Built TOML config for /workspaces/Antony/servidor_minecraft/config/CoroUtil/General.toml
[27Aug2026 22:17:17.179] [main/DEBUG] [net.minecraftforge.fml.config.ConfigFileTypeHandler/CONFIG]: Loaded TOML config file /workspaces/Antony/servidor_minecraft/config/CoroUtil/General.toml
[27Aug2026 22:17:17.181] [main/DEBUG] [net.minecraftforge.fml.config.ConfigFileTypeHandler/CONFIG]: Watching TOML config file /workspaces/Antony/servidor_minecraft/config/CoroUtil/General.toml for changes
[27Aug2026 22:17:17.182] [main/DEBUG] [net.minecraftforge.fml.config.ConfigFileTypeHandler/CONFIG]: Built TOML config for /workspaces/Antony/servidor_minecraft/config/zitoenpiece-common.toml
[27Aug2026 22:17:17.184] [main/DEBUG] [net.minecraftforge.fml.config.ConfigFileTypeHandler/CONFIG]: Loaded TOML config file /workspaces/Antony/servidor_minecraft/config/zitoenpiece-common.toml
[27Aug2026 22:17:17.184] [main/DEBUG] [net.minecraftforge.fml.config.ConfigFileTypeHandler/CONFIG]: Watching TOML config file /workspaces/Antony/servidor_minecraft/config/zitoenpiece-common.toml for changes
[27Aug2026 22:17:17.188] [main/DEBUG] [net.minecraftforge.fml.config.ConfigFileTypeHandler/CONFIG]: Built TOML config for /workspaces/Antony/servidor_minecraft/config/zitoenpiece-haki-requirements.toml
[27Aug2026 22:17:17.191] [main/DEBUG] [net.minecraftforge.fml.config.ConfigFileTypeHandler/CONFIG]: Loaded TOML config file /workspaces/Antony/servidor_minecraft/config/zitoenpiece-haki-requirements.toml
[27Aug2026 22:17:17.191] [main/DEBUG] [net.minecraftforge.fml.config.ConfigFileTypeHandler/CONFIG]: Watching TOML config file /workspaces/Antony/servidor_minecraft/config/zitoenpiece-haki-requirements.toml for changes
[27Aug2026 22:17:17.198] [main/INFO] [ZitoenPiece-HakiReq/]: Haki requirements loaded successfully (23 abilities).
[27Aug2026 22:17:17.200] [main/DEBUG] [net.minecraftforge.fml.config.ConfigFileTypeHandler/CONFIG]: Built TOML config for /workspaces/Antony/servidor_minecraft/config/lootr-common.toml
[27Aug2026 22:17:17.200] [main/DEBUG] [net.minecraftforge.fml.config.ConfigFileTypeHandler/CONFIG]: Loaded TOML config file /workspaces/Antony/servidor_minecraft/config/lootr-common.toml
[27Aug2026 22:17:17.200] [main/DEBUG] [net.minecraftforge.fml.config.ConfigFileTypeHandler/CONFIG]: Watching TOML config file /workspaces/Antony/servidor_minecraft/config/lootr-common.toml for changes
[27Aug2026 22:17:17.202] [main/DEBUG] [net.minecraftforge.fml.config.ConfigFileTypeHandler/CONFIG]: Built TOML config for /workspaces/Antony/servidor_minecraft/config/fruitreworks-common.toml
[27Aug2026 22:17:17.202] [main/DEBUG] [net.minecraftforge.fml.config.ConfigFileTypeHandler/CONFIG]: Loaded TOML config file /workspaces/Antony/servidor_minecraft/config/fruitreworks-common.toml
[27Aug2026 22:17:17.202] [main/DEBUG] [net.minecraftforge.fml.config.ConfigFileTypeHandler/CONFIG]: Watching TOML config file /workspaces/Antony/servidor_minecraft/config/fruitreworks-common.toml for changes
[27Aug2026 22:17:17.203] [main/DEBUG] [net.minecraftforge.fml.config.ConfigFileTypeHandler/CONFIG]: Built TOML config for /workspaces/Antony/servidor_minecraft/config/blitzraces-common.toml
[27Aug2026 22:17:17.203] [main/DEBUG] [net.minecraftforge.fml.config.ConfigFileTypeHandler/CONFIG]: Loaded TOML config file /workspaces/Antony/servidor_minecraft/config/blitzraces-common.toml
[27Aug2026 22:17:17.204] [main/DEBUG] [net.minecraftforge.fml.config.ConfigFileTypeHandler/CONFIG]: Watching TOML config file /workspaces/Antony/servidor_minecraft/config/blitzraces-common.toml for changes
[27Aug2026 22:17:17.204] [main/DEBUG] [net.minecraftforge.fml.config.ConfigFileTypeHandler/CONFIG]: Built TOML config for /workspaces/Antony/servidor_minecraft/config/watut-common.toml
[27Aug2026 22:17:17.205] [main/DEBUG] [net.minecraftforge.fml.config.ConfigFileTypeHandler/CONFIG]: Loaded TOML config file /workspaces/Antony/servidor_minecraft/config/watut-common.toml
[27Aug2026 22:17:17.205] [main/DEBUG] [net.minecraftforge.fml.config.ConfigFileTypeHandler/CONFIG]: Watching TOML config file /workspaces/Antony/servidor_minecraft/config/watut-common.toml for changes
[27Aug2026 22:17:17.205] [main/DEBUG] [net.minecraftforge.fml.config.ConfigFileTypeHandler/CONFIG]: Built TOML config for /workspaces/Antony/servidor_minecraft/config/watut-client.toml
[27Aug2026 22:17:17.206] [main/DEBUG] [net.minecraftforge.fml.config.ConfigFileTypeHandler/CONFIG]: Loaded TOML config file /workspaces/Antony/servidor_minecraft/config/watut-client.toml
[27Aug2026 22:17:17.210] [main/DEBUG] [net.minecraftforge.fml.config.ConfigFileTypeHandler/CONFIG]: Watching TOML config file /workspaces/Antony/servidor_minecraft/config/watut-client.toml for changes
[27Aug2026 22:17:17.211] [main/DEBUG] [net.minecraftforge.fml.config.ConfigFileTypeHandler/CONFIG]: Built TOML config for /workspaces/Antony/servidor_minecraft/config/hito_hito_no_mi_nika-common.toml
[27Aug2026 22:17:17.211] [main/DEBUG] [net.minecraftforge.fml.config.ConfigFileTypeHandler/CONFIG]: Loaded TOML config file /workspaces/Antony/servidor_minecraft/config/hito_hito_no_mi_nika-common.toml
[27Aug2026 22:17:17.212] [main/DEBUG] [net.minecraftforge.fml.config.ConfigFileTypeHandler/CONFIG]: Watching TOML config file /workspaces/Antony/servidor_minecraft/config/hito_hito_no_mi_nika-common.toml for changes
[27Aug2026 22:17:17.213] [main/DEBUG] [net.minecraftforge.fml.config.ConfigFileTypeHandler/CONFIG]: Built TOML config for /workspaces/Antony/servidor_minecraft/config/forge-common.toml
[27Aug2026 22:17:17.213] [main/DEBUG] [net.minecraftforge.fml.config.ConfigFileTypeHandler/CONFIG]: Loaded TOML config file /workspaces/Antony/servidor_minecraft/config/forge-common.toml
[27Aug2026 22:17:17.213] [main/DEBUG] [net.minecraftforge.fml.config.ConfigFileTypeHandler/CONFIG]: Watching TOML config file /workspaces/Antony/servidor_minecraft/config/forge-common.toml for changes
[27Aug2026 22:17:17.214] [main/DEBUG] [net.minecraftforge.common.ForgeConfig/FORGEMOD]: Loaded forge config file forge-common.toml
[27Aug2026 22:17:17.214] [main/DEBUG] [net.minecraftforge.fml.config.ConfigFileTypeHandler/CONFIG]: Built TOML config for /workspaces/Antony/servidor_minecraft/config/skinrestoreforge-common.toml
[27Aug2026 22:17:17.215] [main/DEBUG] [net.minecraftforge.fml.config.ConfigFileTypeHandler/CONFIG]: Loaded TOML config file /workspaces/Antony/servidor_minecraft/config/skinrestoreforge-common.toml
[27Aug2026 22:17:17.215] [main/DEBUG] [net.minecraftforge.fml.config.ConfigFileTypeHandler/CONFIG]: Watching TOML config file /workspaces/Antony/servidor_minecraft/config/skinrestoreforge-common.toml for changes
[27Aug2026 22:17:17.216] [main/DEBUG] [net.minecraftforge.fml.config.ConfigFileTypeHandler/CONFIG]: Built TOML config for /workspaces/Antony/servidor_minecraft/config/hakibar-common.toml
[27Aug2026 22:17:17.216] [main/DEBUG] [net.minecraftforge.fml.config.ConfigFileTypeHandler/CONFIG]: Loaded TOML config file /workspaces/Antony/servidor_minecraft/config/hakibar-common.toml
[27Aug2026 22:17:17.217] [main/DEBUG] [net.minecraftforge.fml.config.ConfigFileTypeHandler/CONFIG]: Watching TOML config file /workspaces/Antony/servidor_minecraft/config/hakibar-common.toml for changes
[27Aug2026 22:17:17.217] [main/DEBUG] [net.minecraftforge.fml.config.ConfigFileTypeHandler/CONFIG]: Built TOML config for /workspaces/Antony/servidor_minecraft/config/devilhordes-common.toml
[27Aug2026 22:17:17.218] [main/DEBUG] [net.minecraftforge.fml.config.ConfigFileTypeHandler/CONFIG]: Loaded TOML config file /workspaces/Antony/servidor_minecraft/config/devilhordes-common.toml
[27Aug2026 22:17:17.218] [main/DEBUG] [net.minecraftforge.fml.config.ConfigFileTypeHandler/CONFIG]: Watching TOML config file /workspaces/Antony/servidor_minecraft/config/devilhordes-common.toml for changes
[27Aug2026 22:17:17.218] [main/DEBUG] [net.minecraftforge.fml.config.ConfigFileTypeHandler/CONFIG]: Built TOML config for /workspaces/Antony/servidor_minecraft/config/mineminenomi-common.toml
[27Aug2026 22:17:17.219] [main/DEBUG] [net.minecraftforge.fml.config.ConfigFileTypeHandler/CONFIG]: Loaded TOML config file /workspaces/Antony/servidor_minecraft/config/mineminenomi-common.toml
[27Aug2026 22:17:17.219] [main/DEBUG] [net.minecraftforge.fml.config.ConfigFileTypeHandler/CONFIG]: Watching TOML config file /workspaces/Antony/servidor_minecraft/config/mineminenomi-common.toml for changes
[27Aug2026 22:17:17.226] [modloading-worker-2/INFO] [com.yumixlove.bountyhunters.BountyHunters/]: BountyHunters mod setup complete!
[27Aug2026 22:17:17.229] [modloading-worker-0/DEBUG] [mixin/]: Mixing AbilityDataBaseMixin from minemineextraslots.mixins.json into xyz.pixelatedw.mineminenomi.data.entity.ability.AbilityDataBase
[27Aug2026 22:17:17.249] [modloading-worker-3/DEBUG] [mixin/]: Mixing perf.biome_zoomer.FuzzyOffsetBiomeZoomerMixin from modernfix-common.mixins.json into net.minecraft.world.biome.FuzzedBiomeMagnifier
[27Aug2026 22:17:17.262] [modloading-worker-0/DEBUG] [mixin/]: Mixing CUseAbilityPacketMixin from minemineextraslots.mixins.json into xyz.pixelatedw.mineminenomi.packets.client.ability.CUseAbilityPacket
[27Aug2026 22:17:17.263] [modloading-worker-0/DEBUG] [mixin/]: Renaming synthetic method lambda$handle$0(Lnet/minecraftforge/fml/network/NetworkEvent$Context;Lxyz/pixelatedw/mineminenomi/packets/client/ability/CUseAbilityPacket;)V to md61ad08$lambda$handle$0$0 in minemineextraslots.mixins.json:CUseAbilityPacketMixin
[27Aug2026 22:17:17.263] [modloading-worker-3/DEBUG] [ModernFix/]: Cleared 29 object holder stacktrace references
[27Aug2026 22:17:17.268] [modloading-worker-0/DEBUG] [mixin/]: Mixing GetSlot from minemineextraslots.mixins.json into xyz.pixelatedw.mineminenomi.packets.client.ability.CUseAbilityPacket
[27Aug2026 22:17:17.271] [Thread-0/INFO] [ModernFix/]: Please use /mfsrc to reload any changed mod config files
[27Aug2026 22:17:17.276] [modloading-worker-1/DEBUG] [net.minecraftforge.fml.config.ConfigTracker/CONFIG]: Config file jei-server.toml for jei tracking
[27Aug2026 22:17:17.292] [modloading-worker-1/INFO] [coms.fightingstyles.FightingStyles/]: FightingStyles common setup - Dial Fighting Style loaded!
[27Aug2026 22:17:17.333] [modloading-worker-0/DEBUG] [mixin/]: Mixing CEquipAbilityPacketAccessor from minemineextraslots.mixins.json into xyz.pixelatedw.mineminenomi.packets.client.ability.CEquipAbilityPacket
[27Aug2026 22:17:17.334] [modloading-worker-0/DEBUG] [mixin/]: Mixing CEquipAbilityPacketMixin from minemineextraslots.mixins.json into xyz.pixelatedw.mineminenomi.packets.client.ability.CEquipAbilityPacket
[27Aug2026 22:17:17.334] [modloading-worker-0/DEBUG] [mixin/]: Renaming synthetic method lambda$handle$0(Lnet/minecraftforge/fml/network/NetworkEvent$Context;Lxyz/pixelatedw/mineminenomi/packets/client/ability/CEquipAbilityPacket;)V to md61ad08$lambda$handle$0$0 in minemineextraslots.mixins.json:CEquipAbilityPacketMixin
[27Aug2026 22:17:17.367] [modloading-worker-2/INFO] [com.fruitreworks.FruitReworks/]: Ice Rework setup method running
[27Aug2026 22:17:17.369] [modloading-worker-0/DEBUG] [mixin/]: Mixing COpenCrewScreenPacketMixin from zitoenpiece.mixins.json into xyz.pixelatedw.mineminenomi.packets.client.ui.COpenCrewScreenPacket
[27Aug2026 22:17:17.369] [modloading-worker-1/INFO] [zitoenpiece/]: [Honor] Registered honor capability
[27Aug2026 22:17:17.396] [modloading-worker-2/INFO] [com.fruitreworks.FruitReworks/]: fruitreworks network packets registered
[27Aug2026 22:17:17.396] [modloading-worker-2/INFO] [com.fruitreworks.FruitReworks/]: Mine Mine No Mi mod detected, Ice abilities will have full functionality
[27Aug2026 22:17:17.396] [modloading-worker-2/INFO] [com.fruitreworks.FruitReworks/]: Ice Rework setup complete
[27Aug2026 22:17:17.429] [Forge Version Check/INFO] [net.minecraftforge.fml.VersionChecker/]: [controlling] Starting version check at https://updates.blamejared.com/get?n=controlling&gv=1.16.5
[27Aug2026 22:17:17.485] [modloading-worker-2/INFO] [com.yumixlove.devilhordes.DevilHordes/]: Devil Hordes Setup - Expiration system enabled: true
[27Aug2026 22:17:17.500] [modloading-worker-0/DEBUG] [mixin/]: Mixing SUpdateColaAmountPacketMixin from cartaddon.mixins.json into xyz.pixelatedw.mineminenomi.packets.server.entities.SUpdateColaAmountPacket
[27Aug2026 22:17:17.550] [modloading-worker-0/DEBUG] [mixin/]: Mixing structures.MarineSmallBaseMixin from zitoenpiece.mixins.json into xyz.pixelatedw.mineminenomi.world.features.structures.smallbase.marine.MarineSmallBasePiece
[27Aug2026 22:17:17.559] [modloading-worker-0/DEBUG] [mixin/]: Mixing structures.MarineLargeBaseMixin from zitoenpiece.mixins.json into xyz.pixelatedw.mineminenomi.world.features.structures.largebase.marine.MarineLargeBasePieces$Piece
[27Aug2026 22:17:17.564] [modloading-worker-0/DEBUG] [mixin/]: Mixing structures.MarineCampMixin from zitoenpiece.mixins.json into xyz.pixelatedw.mineminenomi.world.features.structures.camp.marine.MarineCampPieces$Piece
[27Aug2026 22:17:17.656] [modloading-worker-0/ERROR] [net.minecraft.util.registry.SimpleRegistry/]: Adding duplicate value 'net.minecraft.world.gen.feature.jigsaw.JigsawPattern@2daf650b' to registry
[27Aug2026 22:17:17.661] [modloading-worker-0/ERROR] [net.minecraft.util.registry.SimpleRegistry/]: Adding duplicate value 'net.minecraft.world.gen.feature.jigsaw.JigsawPattern@a1143cc' to registry
[27Aug2026 22:17:17.662] [modloading-worker-0/ERROR] [net.minecraft.util.registry.SimpleRegistry/]: Adding duplicate value 'net.minecraft.world.gen.feature.jigsaw.JigsawPattern@2d33aa31' to registry
[27Aug2026 22:17:17.662] [modloading-worker-0/ERROR] [net.minecraft.util.registry.SimpleRegistry/]: Adding duplicate value 'net.minecraft.world.gen.feature.jigsaw.JigsawPattern@7475f57e' to registry
[27Aug2026 22:17:17.662] [modloading-worker-0/ERROR] [net.minecraft.util.registry.SimpleRegistry/]: Adding duplicate value 'net.minecraft.world.gen.feature.jigsaw.JigsawPattern@35ec9d29' to registry
[27Aug2026 22:17:17.662] [modloading-worker-0/ERROR] [net.minecraft.util.registry.SimpleRegistry/]: Adding duplicate value 'net.minecraft.world.gen.feature.jigsaw.JigsawPattern@2daf650b' to registry
[27Aug2026 22:17:17.662] [modloading-worker-0/ERROR] [net.minecraft.util.registry.SimpleRegistry/]: Adding duplicate value 'net.minecraft.world.gen.feature.jigsaw.JigsawPattern@a1143cc' to registry
[27Aug2026 22:17:17.662] [modloading-worker-0/ERROR] [net.minecraft.util.registry.SimpleRegistry/]: Adding duplicate value 'net.minecraft.world.gen.feature.jigsaw.JigsawPattern@2d33aa31' to registry
[27Aug2026 22:17:17.662] [modloading-worker-0/ERROR] [net.minecraft.util.registry.SimpleRegistry/]: Adding duplicate value 'net.minecraft.world.gen.feature.jigsaw.JigsawPattern@7475f57e' to registry
[27Aug2026 22:17:17.662] [modloading-worker-0/ERROR] [net.minecraft.util.registry.SimpleRegistry/]: Adding duplicate value 'net.minecraft.world.gen.feature.jigsaw.JigsawPattern@35ec9d29' to registry
[27Aug2026 22:17:17.662] [modloading-worker-0/ERROR] [net.minecraft.util.registry.SimpleRegistry/]: Adding duplicate value 'net.minecraft.world.gen.feature.jigsaw.JigsawPattern@2daf650b' to registry
[27Aug2026 22:17:17.662] [modloading-worker-0/ERROR] [net.minecraft.util.registry.SimpleRegistry/]: Adding duplicate value 'net.minecraft.world.gen.feature.jigsaw.JigsawPattern@a1143cc' to registry
[27Aug2026 22:17:17.662] [modloading-worker-0/ERROR] [net.minecraft.util.registry.SimpleRegistry/]: Adding duplicate value 'net.minecraft.world.gen.feature.jigsaw.JigsawPattern@2d33aa31' to registry
[27Aug2026 22:17:17.663] [modloading-worker-0/ERROR] [net.minecraft.util.registry.SimpleRegistry/]: Adding duplicate value 'net.minecraft.world.gen.feature.jigsaw.JigsawPattern@7475f57e' to registry
[27Aug2026 22:17:17.663] [modloading-worker-0/ERROR] [net.minecraft.util.registry.SimpleRegistry/]: Adding duplicate value 'net.minecraft.world.gen.feature.jigsaw.JigsawPattern@35ec9d29' to registry
[27Aug2026 22:17:17.826] [main/DEBUG] [net.minecraftforge.fml.DeferredWorkQueue/LOADING]: Dispatching synchronous work after COMMON_SETUP: 9 jobs
[27Aug2026 22:17:17.830] [main/WARN] [net.minecraftforge.common.ForgeHooks/]: Called deprecated GlobalEntityTypeAttributes#put for bountyhunters:bounty_hunter, use EntityAttributeCreationEvent instead.
[27Aug2026 22:17:17.858] [main/DEBUG] [net.minecraftforge.fml.DeferredWorkQueue/LOADING]: Synchronous work queue completed in 00:00:00.027
[27Aug2026 22:17:17.889] [Forge Version Check/DEBUG] [net.minecraftforge.fml.VersionChecker/]: [controlling] Received version check data:
{"homepage":"https://www.curseforge.com/minecraft/mc-mods/controlling","promos":{"1.16.5-latest":"7.0.0.31"}}
[27Aug2026 22:17:17.890] [Forge Version Check/INFO] [net.minecraftforge.fml.VersionChecker/]: [controlling] Found status: BETA Current: 7.0.0.31 Target: 7.0.0.31
[27Aug2026 22:17:17.890] [Forge Version Check/INFO] [net.minecraftforge.fml.VersionChecker/]: [forge] Starting version check at https://files.minecraftforge.net/net/minecraftforge/forge/promotions_slim.json
[27Aug2026 22:17:18.029] [modloading-worker-1/INFO] [net.Zitoen.zitoenpiece.ZitoenPiece/]: Got IMC [Hello world]
[27Aug2026 22:17:18.033] [Forge Version Check/DEBUG] [net.minecraftforge.fml.VersionChecker/]: [forge] Received version check data:
{
  "homepage": "https://files.minecraftforge.net/net/minecraftforge/forge/",
  "promos": {
    "1.1-latest": "1.3.4.29",
    "1.2.3-latest": "1.4.1.64",
    "1.2.4-latest": "2.0.0.68",
    "1.2.5-latest": "3.4.9.171",
    "1.3.2-latest": "4.3.5.318",
    "1.4.0-latest": "5.0.0.326",
    "1.4.1-latest": "6.0.0.329",
    "1.4.2-latest": "6.0.1.355",
    "1.4.3-latest": "6.2.1.358",
    "1.4.4-latest": "6.3.0.378",
    "1.4.5-latest": "6.4.2.448",
    "1.4.6-latest": "6.5.0.489",
    "1.4.7-latest": "6.6.2.534",
    "1.5-latest": "7.7.0.598",
    "1.5.1-latest": "7.7.2.682",
    "1.5.2-latest": "7.8.1.738",
    "1.5.2-recommended": "7.8.1.738",
    "1.6.1-latest": "8.9.0.775",
    "1.6.2-latest": "9.10.1.871",
    "1.6.2-recommended": "9.10.1.871",
    "1.6.3-latest": "9.11.0.878",
    "1.6.4-latest": "9.11.1.1345",
    "1.6.4-recommended": "9.11.1.1345",
    "1.7.2-latest": "10.12.2.1161",
    "1.7.2-recommended": "10.12.2.1161",
    "1.7.10-latest": "10.13.4.1614",
    "1.7.10-recommended": "10.13.4.1614",
    "1.8-latest": "11.14.4.1577",
    "1.8-recommended": "11.14.4.1563",
    "1.8.8-latest": "11.15.0.1655",
    "1.8.9-latest": "11.15.1.2318",
    "1.8.9-recommended": "11.15.1.2318",
    "1.9-latest": "12.16.1.1938",
    "1.9-recommended": "12.16.1.1887",
    "1.9.4-latest": "12.17.0.2317",
    "1.9.4-recommended": "12.17.0.2317",
    "1.10-latest": "12.18.0.2000",
    "1.10.2-latest": "12.18.3.2511",
    "1.10.2-recommended": "12.18.3.2511",
    "1.11-latest": "13.19.1.2199",
    "1.11-recommended": "13.19.1.2189",
    "1.11.2-latest": "13.20.1.2588",
    "1.11.2-recommended": "13.20.1.2588",
    "1.12-latest": "14.21.1.2443",
    "1.12-recommended": "14.21.1.2387",
    "1.12.1-latest": "14.22.1.2485",
    "1.12.1-recommended": "14.22.1.2478",
    "1.12.2-latest": "14.23.5.2864",
    "1.12.2-recommended": "14.23.5.2859",
    "1.13.2-latest": "25.0.223",
    "1.14.2-latest": "26.0.63",
    "1.14.3-latest": "27.0.60",
    "1.14.4-latest": "28.2.30",
    "1.14.4-recommended": "28.2.26",
    "1.15-latest": "29.0.4",
    "1.15.1-latest": "30.0.51",
    "1.15.2-latest": "31.2.62",
    "1.15.2-recommended": "31.2.57",
    "1.16.1-latest": "32.0.108",
    "1.16.2-latest": "33.0.61",
    "1.16.3-latest": "34.1.42",
    "1.16.3-recommended": "34.1.0",
    "1.16.4-latest": "35.1.37",
    "1.16.4-recommended": "35.1.4",
    "1.16.5-latest": "36.2.42",
    "1.16.5-recommended": "36.2.34",
    "1.17.1-latest": "37.1.1",
    "1.17.1-recommended": "37.1.1",
    "1.18-latest": "38.0.17",
    "1.18.1-latest": "39.1.2",
    "1.18.1-recommended": "39.1.0",
    "1.18.2-recommended": "40.3.0",
    "1.18.2-latest": "40.3.12",
    "1.19-latest": "41.1.0",
    "1.19-recommended": "41.1.0",
    "1.19.1-latest": "42.0.9",
    "1.19.2-recommended": "43.5.0",
    "1.19.2-latest": "43.5.2",
    "1.19.3-latest": "44.1.23",
    "1.19.3-recommended": "44.1.0",
    "1.19.4-recommended": "45.4.0",
    "1.19.4-latest": "45.4.5",
    "1.20-latest": "46.0.14",
    "1.20.1-recommended": "47.4.10",
    "1.20.1-latest": "47.4.23",
    "1.20.2-latest": "48.1.0",
    "1.20.2-recommended": "48.1.0",
    "1.20.3-latest": "49.0.2",
    "1.20.4-latest": "49.2.8",
    "1.20.4-recommended": "49.2.0",
    "1.20.6-latest": "50.2.10",
    "1.20.6-recommended": "50.2.0",
    "1.21-latest": "51.0.33",
    "1.21.1-latest": "52.1.16",
    "1.21.1-recommended": "52.1.0",
    "1.21.3-latest": "53.1.12",
    "1.21.3-recommended": "53.1.0",
    "1.21.4-latest": "54.1.18",
    "1.21.4-recommended": "54.1.14",
    "1.21.5-latest": "55.1.13",
    "1.21.5-recommended": "55.1.0",
    "1.21.6-latest": "56.0.9",
    "1.21.7-latest": "57.0.3",
    "1.21.8-latest": "58.1.22",
    "1.21.8-recommended": "58.1.0",
    "1.21.9-latest": "59.0.5",
    "1.21.10-latest": "60.1.15",
    "1.21.10-recommended": "60.1.0",
    "1.21.11-latest": "61.2.1",
    "1.21.11-recommended": "61.2.0",
    "26.1-latest": "62.0.9",
    "26.1.1-latest": "63.0.2",
    "26.1.2-latest": "64.1.3",
    "26.1.2-recommended": "64.1.0",
    "26.2-latest": "65.1.3",
    "26.2-recommended": "65.1.0"
  }
}
[27Aug2026 22:17:18.034] [Forge Version Check/INFO] [net.minecraftforge.fml.VersionChecker/]: [forge] Found status: AHEAD Current: 36.2.42 Target: null
[27Aug2026 22:17:18.079] [modloading-worker-1/DEBUG] [net.minecraftforge.fml.config.ConfigTracker/CONFIG]: Config file quickteleports-server.toml for quickteleports tracking
[27Aug2026 22:17:18.100] [modloading-worker-3/INFO] [Waila/]: Registered plugin at snownee.jade.JadePlugin
[27Aug2026 22:17:18.101] [modloading-worker-3/INFO] [Waila/]: Registered plugin at snownee.jade.JadeClientPlugin
[27Aug2026 22:17:18.104] [modloading-worker-3/INFO] [Waila/]: Registered plugin at mcp.mobius.waila.addons.minecraft.PluginMinecraft
[27Aug2026 22:17:18.249] [main/WARN] [net.minecraftforge.fml.server.ServerModLoader/LOADING]: Mods loaded with 2 warnings
[27Aug2026 22:17:18.252] [main/WARN] [net.minecraftforge.fml.server.ServerModLoader/LOADING]: modernfix.no_ferritecore
[27Aug2026 22:17:18.253] [main/WARN] [net.minecraftforge.fml.server.ServerModLoader/LOADING]: modernfix.perf_mod_warning
[27Aug2026 22:17:18.340] [main/DEBUG] [net.minecraftforge.common.ForgeTagHandler/]: Populated the TagCollectionManager with 3 extra types
[27Aug2026 22:17:18.665] [main/INFO] [com.mojang.authlib.yggdrasil.YggdrasilAuthenticationService/]: Environment: authHost='https://authserver.mojang.com', accountsHost='https://api.mojang.com', sessionHost='https://sessionserver.mojang.com', servicesHost='https://api.minecraftservices.com', name='PROD'
[27Aug2026 22:17:18.679] [main/DEBUG] [mixin/]: Mixing GameRulesAccessor from architectury.mixins.json into net.minecraft.world.GameRules
[27Aug2026 22:17:18.682] [main/DEBUG] [mixin/]: Mixing GameRulesAccessor$BooleanValue from architectury.mixins.json into net.minecraft.world.GameRules$BooleanValue
[27Aug2026 22:17:18.682] [main/DEBUG] [mixin/]: Renaming @Invoker method invokeCreateArchitectury(ZLjava/util/function/BiConsumer;)Lnet/minecraft/world/GameRules$RuleType; to invokeCreateArchitectury_$md$61ad08$0 in architectury.mixins.json:GameRulesAccessor$BooleanValue
[27Aug2026 22:17:18.682] [main/DEBUG] [mixin/]: Mixing GameRulesAccessor$BooleanValueSimple from architectury.mixins.json into net.minecraft.world.GameRules$BooleanValue
[27Aug2026 22:17:18.682] [main/DEBUG] [mixin/]: Renaming @Invoker method invokeCreateArchitectury(Z)Lnet/minecraft/world/GameRules$RuleType; to invokeCreateArchitectury_$md$61ad08$1 in architectury.mixins.json:GameRulesAccessor$BooleanValueSimple
[27Aug2026 22:17:18.685] [main/DEBUG] [mixin/]: Mixing GameRulesAccessor$IntegerValue from architectury.mixins.json into net.minecraft.world.GameRules$IntegerValue
[27Aug2026 22:17:18.685] [main/DEBUG] [mixin/]: Renaming @Invoker method invokeCreateArchitectury(ILjava/util/function/BiConsumer;)Lnet/minecraft/world/GameRules$RuleType; to invokeCreateArchitectury_$md$61ad08$0 in architectury.mixins.json:GameRulesAccessor$IntegerValue
[27Aug2026 22:17:18.685] [main/DEBUG] [mixin/]: Mixing GameRulesAccessor$IntegerValueSimple from architectury.mixins.json into net.minecraft.world.GameRules$IntegerValue
[27Aug2026 22:17:18.686] [main/DEBUG] [mixin/]: Renaming @Invoker method invokeCreateArchitectury(I)Lnet/minecraft/world/GameRules$RuleType; to invokeCreateArchitectury_$md$61ad08$1 in architectury.mixins.json:GameRulesAccessor$IntegerValueSimple
[27Aug2026 22:17:18.697] [main/DEBUG] [mixin/]: Mixing perf.skip_first_datapack_reload.SaveFormatAccessor from modernfix-forge.mixins.json into net.minecraft.world.storage.SaveFormat
[27Aug2026 22:17:18.699] [main/DEBUG] [mixin/]: Mixing perf.dynamic_dfu.DataFixersMixin from modernfix-common.mixins.json into net.minecraft.util.datafix.DataFixesManager
[27Aug2026 22:17:18.700] [main/DEBUG] [mixin/]: Mixing SchemasMixin from lazydfu.mixins.json into net.minecraft.util.datafix.DataFixesManager
[27Aug2026 22:17:18.755] [main/INFO] [ModernFix/]: Bypassed Mojang DFU
[27Aug2026 22:17:18.846] [main/DEBUG] [mixin/]: Mixing perf.resourcepacks.VanillaPackMixin from modernfix-forge.mixins.json into net.minecraft.resources.VanillaPack
[27Aug2026 22:17:18.846] [main/DEBUG] [mixin/]: Renaming synthetic method lambda$cacheContainedPaths$1(Lcom/google/common/base/Joiner;Lnet/minecraft/resources/ResourcePackType;Ljava/nio/file/Path;)V to md61ad08$lambda$cacheContainedPaths$1$0 in modernfix-forge.mixins.json:perf.resourcepacks.VanillaPackMixin
[27Aug2026 22:17:18.846] [main/DEBUG] [mixin/]: Renaming synthetic method lambda$cacheContainedPaths$0(Ljava/nio/file/Path;Ljava/nio/file/Path;)Ljava/nio/file/Path; to md61ad08$lambda$cacheContainedPaths$0$1 in modernfix-forge.mixins.json:perf.resourcepacks.VanillaPackMixin
[27Aug2026 22:17:18.922] [main/DEBUG] [mixin/]: Mixing perf.resourcepacks.ModFileResourcePackMixin from modernfix-forge.mixins.json into net.minecraftforge.fml.packs.ModFileResourcePack
[27Aug2026 22:17:18.923] [main/DEBUG] [mixin/]: Renaming synthetic method lambda$invalidateCache$0(Lnet/minecraft/resources/ResourcePackType;Ljava/lang/String;)Ljava/nio/file/Path; to md61ad08$lambda$invalidateCache$0$0 in modernfix-forge.mixins.json:perf.resourcepacks.ModFileResourcePackMixin
[27Aug2026 22:17:18.954] [main/DEBUG] [net.minecraftforge.fml.server.ServerLifecycleHooks/CORE]: Generating PackInfo named mod:ftbessentials for mod file /workspaces/Antony/servidor_minecraft/mods/ftb-essentials-1605.1.5-build.32.jar
[27Aug2026 22:17:18.954] [main/DEBUG] [net.minecraftforge.fml.server.ServerLifecycleHooks/CORE]: Generating PackInfo named mod:mineminenomi for mod file /workspaces/Antony/servidor_minecraft/mods/mine-mine-no-mi-1.16.5-0.10.11.jar
[27Aug2026 22:17:18.955] [main/DEBUG] [net.minecraftforge.fml.server.ServerLifecycleHooks/CORE]: Generating PackInfo named mod:jade for mod file /workspaces/Antony/servidor_minecraft/mods/Jade-1.16.4-2.8.3.jar
[27Aug2026 22:17:18.955] [main/DEBUG] [net.minecraftforge.fml.server.ServerLifecycleHooks/CORE]: Generating PackInfo named mod:creativecore for mod file /workspaces/Antony/servidor_minecraft/mods/CreativeCore_v2.2.1_mc1.16.5.jar
[27Aug2026 22:17:18.955] [main/DEBUG] [net.minecraftforge.fml.server.ServerLifecycleHooks/CORE]: Generating PackInfo named mod:bountyhunters for mod file /workspaces/Antony/servidor_minecraft/mods/bountyhunters-1.1.0.jar
[27Aug2026 22:17:18.955] [main/DEBUG] [net.minecraftforge.fml.server.ServerLifecycleHooks/CORE]: Generating PackInfo named mod:leopard_rework for mod file /workspaces/Antony/servidor_minecraft/mods/LeopardRework-1.4-1.16.5.jar
[27Aug2026 22:17:18.955] [main/DEBUG] [net.minecraftforge.fml.server.ServerLifecycleHooks/CORE]: Generating PackInfo named mod:curios for mod file /workspaces/Antony/servidor_minecraft/mods/curios-forge-1.16.5-4.1.0.0.jar
[27Aug2026 22:17:18.956] [main/DEBUG] [net.minecraftforge.fml.server.ServerLifecycleHooks/CORE]: Generating PackInfo named mod:awakenawakennomi for mod file /workspaces/Antony/servidor_minecraft/mods/awakenawakennomi-0.7.1.jar
[27Aug2026 22:17:18.956] [main/DEBUG] [net.minecraftforge.fml.server.ServerLifecycleHooks/CORE]: Generating PackInfo named mod:controlling for mod file /workspaces/Antony/servidor_minecraft/mods/Controlling-7.0.0.31.jar
[27Aug2026 22:17:18.956] [main/DEBUG] [net.minecraftforge.fml.server.ServerLifecycleHooks/CORE]: Generating PackInfo named mod:modernfix for mod file /workspaces/Antony/servidor_minecraft/mods/modernfix-forge-5.18.0+mc1.16.5.jar
[27Aug2026 22:17:18.956] [main/DEBUG] [net.minecraftforge.fml.server.ServerLifecycleHooks/CORE]: Generating PackInfo named mod:jei for mod file /workspaces/Antony/servidor_minecraft/mods/jei-1.16.5-7.8.0.1009.jar
[27Aug2026 22:17:18.956] [main/DEBUG] [net.minecraftforge.fml.server.ServerLifecycleHooks/CORE]: Generating PackInfo named mod:citadel for mod file /workspaces/Antony/servidor_minecraft/mods/citadel-1.8.1-1.16.5.jar
[27Aug2026 22:17:18.957] [main/DEBUG] [net.minecraftforge.fml.server.ServerLifecycleHooks/CORE]: Generating PackInfo named mod:yokai for mod file /workspaces/Antony/servidor_minecraft/mods/yokai-0.0.51.jar
[27Aug2026 22:17:18.957] [main/DEBUG] [net.minecraftforge.fml.server.ServerLifecycleHooks/CORE]: Generating PackInfo named mod:quickteleports for mod file /workspaces/Antony/servidor_minecraft/mods/quickteleports-1.16.5-1.2.0-forge.jar
[27Aug2026 22:17:18.957] [main/DEBUG] [net.minecraftforge.fml.server.ServerLifecycleHooks/CORE]: Generating PackInfo named mod:mineminenomiawakenpath for mod file /workspaces/Antony/servidor_minecraft/mods/mineminenomiawakenpath-1.0.0.jar
[27Aug2026 22:17:18.957] [main/DEBUG] [net.minecraftforge.fml.server.ServerLifecycleHooks/CORE]: Generating PackInfo named mod:minemineextraslots for mod file /workspaces/Antony/servidor_minecraft/mods/minemineextraslots-1.8-1.16.5.jar
[27Aug2026 22:17:18.957] [main/DEBUG] [net.minecraftforge.fml.server.ServerLifecycleHooks/CORE]: Generating PackInfo named mod:fightingstyles for mod file /workspaces/Antony/servidor_minecraft/mods/fightingstyles-1.2.5.jar
[27Aug2026 22:17:18.957] [main/DEBUG] [net.minecraftforge.fml.server.ServerLifecycleHooks/CORE]: Generating PackInfo named mod:sophisticatedbackpacks for mod file /workspaces/Antony/servidor_minecraft/mods/sophisticatedbackpacks-1.16.5-3.15.20.755.jar
[27Aug2026 22:17:18.958] [main/DEBUG] [net.minecraftforge.fml.server.ServerLifecycleHooks/CORE]: Generating PackInfo named mod:cartaddon for mod file /workspaces/Antony/servidor_minecraft/mods/cartaddon-0.8.2.jar
[27Aug2026 22:17:18.958] [main/DEBUG] [net.minecraftforge.fml.server.ServerLifecycleHooks/CORE]: Generating PackInfo named mod:zitoenpiece for mod file /workspaces/Antony/servidor_minecraft/mods/zitoenpiece-0.3.15.jar
[27Aug2026 22:17:18.958] [main/DEBUG] [net.minecraftforge.fml.server.ServerLifecycleHooks/CORE]: Generating PackInfo named mod:coroutil for mod file /workspaces/Antony/servidor_minecraft/mods/coroutil-forge-1.16.5-1.3.6.jar
[27Aug2026 22:17:18.958] [main/DEBUG] [net.minecraftforge.fml.server.ServerLifecycleHooks/CORE]: Generating PackInfo named mod:lazydfu for mod file /workspaces/Antony/servidor_minecraft/mods/lazydfu-0.1.3.jar
[27Aug2026 22:17:18.958] [main/DEBUG] [net.minecraftforge.fml.server.ServerLifecycleHooks/CORE]: Generating PackInfo named mod:mvs for mod file /workspaces/Antony/servidor_minecraft/mods/mvs-2.6.1.jar
[27Aug2026 22:17:18.958] [main/DEBUG] [net.minecraftforge.fml.server.ServerLifecycleHooks/CORE]: Generating PackInfo named mod:architectury for mod file /workspaces/Antony/servidor_minecraft/mods/architectury-1.32.68.jar
[27Aug2026 22:17:18.959] [main/DEBUG] [net.minecraftforge.fml.server.ServerLifecycleHooks/CORE]: Generating PackInfo named mod:ftblibrary for mod file /workspaces/Antony/servidor_minecraft/mods/ftb-library-forge-1605.3.5-build.724.jar
[27Aug2026 22:17:18.959] [main/DEBUG] [net.minecraftforge.fml.server.ServerLifecycleHooks/CORE]: Generating PackInfo named mod:lootr for mod file /workspaces/Antony/servidor_minecraft/mods/lootr-1.16.5-0.2.19.52.jar
[27Aug2026 22:17:18.959] [main/DEBUG] [net.minecraftforge.fml.server.ServerLifecycleHooks/CORE]: Generating PackInfo named mod:fruitreworks for mod file /workspaces/Antony/servidor_minecraft/mods/fruitreworks-1.3.3.jar
[27Aug2026 22:17:18.959] [main/DEBUG] [net.minecraftforge.fml.server.ServerLifecycleHooks/CORE]: Generating PackInfo named mod:blitzraces for mod file /workspaces/Antony/servidor_minecraft/mods/blitzraces-0.0.2-1.16.5.jar
[27Aug2026 22:17:18.960] [main/DEBUG] [net.minecraftforge.fml.server.ServerLifecycleHooks/CORE]: Generating PackInfo named mod:watut for mod file /workspaces/Antony/servidor_minecraft/mods/watut-forge-1.16.5-1.0.14.jar
[27Aug2026 22:17:18.960] [main/DEBUG] [net.minecraftforge.fml.server.ServerLifecycleHooks/CORE]: Generating PackInfo named mod:forge for mod file /workspaces/Antony/servidor_minecraft/libraries/net/minecraftforge/forge/1.16.5-36.2.42/forge-1.16.5-36.2.42-universal.jar
[27Aug2026 22:17:18.960] [main/DEBUG] [net.minecraftforge.fml.server.ServerLifecycleHooks/CORE]: Generating PackInfo named mod:appleskin for mod file /workspaces/Antony/servidor_minecraft/mods/appleskin-forge-mc1.16.x-2.5.1.jar
[27Aug2026 22:17:18.960] [main/DEBUG] [net.minecraftforge.fml.server.ServerLifecycleHooks/CORE]: Generating PackInfo named mod:hito_hito_no_mi_nika for mod file /workspaces/Antony/servidor_minecraft/mods/hito_hito_nika-0.12.1.jar
[27Aug2026 22:17:18.960] [main/DEBUG] [net.minecraftforge.fml.server.ServerLifecycleHooks/CORE]: Generating PackInfo named mod:playerrevive for mod file /workspaces/Antony/servidor_minecraft/mods/PlayerRevive_v2.0.0-pre04_mc1.16.5.jar
[27Aug2026 22:17:18.960] [main/DEBUG] [net.minecraftforge.fml.server.ServerLifecycleHooks/CORE]: Generating PackInfo named mod:skinrestoreforge for mod file /workspaces/Antony/servidor_minecraft/mods/SkinRestoreForge-1.4.jar
[27Aug2026 22:17:18.961] [main/DEBUG] [net.minecraftforge.fml.server.ServerLifecycleHooks/CORE]: Generating PackInfo named mod:allfruitallboxes for mod file /workspaces/Antony/servidor_minecraft/mods/allfruitallboxes-1.0.0.jar
[27Aug2026 22:17:18.961] [main/DEBUG] [net.minecraftforge.fml.server.ServerLifecycleHooks/CORE]: Generating PackInfo named mod:hakibar for mod file /workspaces/Antony/servidor_minecraft/mods/hakibar-1.16.5-1.8.jar
[27Aug2026 22:17:18.961] [main/DEBUG] [net.minecraftforge.fml.server.ServerLifecycleHooks/CORE]: Generating PackInfo named mod:devilhordes for mod file /workspaces/Antony/servidor_minecraft/mods/devilhordes-1.2.0-1.16.5.jar
[27Aug2026 22:17:18.965] [main/DEBUG] [mixin/]: Mixing perf.resourcepacks.ReloadableResourceManagerMixin from modernfix-common.mixins.json into net.minecraft.resources.SimpleReloadableResourceManager
[27Aug2026 22:17:18.965] [main/DEBUG] [mixin/]: Mixing feature.measure_time.SimpleReloadableResourceManagerMixin from modernfix-common.mixins.json into net.minecraft.resources.SimpleReloadableResourceManager
[27Aug2026 22:17:18.969] [main/DEBUG] [mixin/]: Mixing feature.measure_time.ProfiledReloadInstanceMixin from modernfix-common.mixins.json into net.minecraft.resources.DebugAsyncReloader
[27Aug2026 22:17:18.973] [main/DEBUG] [mixin/]: Mixing perf.datapack_reload_exceptions.RecipeManagerMixin from modernfix-forge.mixins.json into net.minecraft.item.crafting.RecipeManager
[27Aug2026 22:17:18.979] [main/DEBUG] [net.minecraftforge.common.ForgeTagHandler/]: Gathering custom tag collection reader from types.
[27Aug2026 22:17:19.055] [main/DEBUG] [mixin/]: Mixing FillCommandMixin from mine-mine-no-mi.mixins.json into net.minecraft.command.impl.FillCommand
[27Aug2026 22:17:19.065] [main/DEBUG] [mixin/]: Mixing GiveCommandMixin from mine-mine-no-mi.mixins.json into net.minecraft.command.impl.GiveCommand
[27Aug2026 22:17:19.079] [main/DEBUG] [mixin/]: Mixing perf.async_locator.LocateCommandAccess from modernfix-forge.mixins.json into net.minecraft.command.impl.LocateCommand
[27Aug2026 22:17:19.079] [main/DEBUG] [mixin/]: Renaming @Accessor method getErrorFailed()Lcom/mojang/brigadier/exceptions/SimpleCommandExceptionType; to getErrorFailed_$md$61ad08$0 in modernfix-forge.mixins.json:perf.async_locator.LocateCommandAccess
[27Aug2026 22:17:19.079] [main/DEBUG] [mixin/]: Mixing perf.async_locator.LocateCommandMixin from modernfix-forge.mixins.json into net.minecraft.command.impl.LocateCommand
[27Aug2026 22:17:19.270] [main/INFO] [com.fruitreworks.FruitReworks/]: Registered FruitReworks commands
[27Aug2026 22:17:19.297] [main/DEBUG] [mixin/]: Mixing commands.HakiExpCommandMixin from zitoenpiece.mixins.json into xyz.pixelatedw.mineminenomi.commands.HakiExpCommand
[27Aug2026 22:17:19.297] [main/DEBUG] [mixin/]: Renaming synthetic method lambda$zitoenpiece$createSubstatBranch$10(Ljava/lang/String;Lcom/mojang/brigadier/context/CommandContext;)I to md61ad08$lambda$zitoenpiece$createSubstatBranch$10$0 in zitoenpiece.mixins.json:commands.HakiExpCommandMixin
[27Aug2026 22:17:19.297] [main/DEBUG] [mixin/]: Renaming synthetic method lambda$zitoenpiece$createSubstatBranch$9(Ljava/lang/String;Lcom/mojang/brigadier/context/CommandContext;)I to md61ad08$lambda$zitoenpiece$createSubstatBranch$9$1 in zitoenpiece.mixins.json:commands.HakiExpCommandMixin
[27Aug2026 22:17:19.297] [main/DEBUG] [mixin/]: Renaming synthetic method lambda$zitoenpiece$extendHakiExpCommand$8(Lcom/mojang/brigadier/context/CommandContext;)I to md61ad08$lambda$zitoenpiece$extendHakiExpCommand$8$2 in zitoenpiece.mixins.json:commands.HakiExpCommandMixin
[27Aug2026 22:17:19.297] [main/DEBUG] [mixin/]: Renaming synthetic method lambda$zitoenpiece$extendHakiExpCommand$7(Lcom/mojang/brigadier/context/CommandContext;)I to md61ad08$lambda$zitoenpiece$extendHakiExpCommand$7$3 in zitoenpiece.mixins.json:commands.HakiExpCommandMixin
[27Aug2026 22:17:19.297] [main/DEBUG] [mixin/]: Renaming synthetic method lambda$zitoenpiece$extendHakiExpCommand$6(Lcom/mojang/brigadier/context/CommandContext;)I to md61ad08$lambda$zitoenpiece$extendHakiExpCommand$6$4 in zitoenpiece.mixins.json:commands.HakiExpCommandMixin
[27Aug2026 22:17:19.297] [main/DEBUG] [mixin/]: Renaming synthetic method lambda$zitoenpiece$extendHakiExpCommand$5(Lcom/mojang/brigadier/context/CommandContext;)I to md61ad08$lambda$zitoenpiece$extendHakiExpCommand$5$5 in zitoenpiece.mixins.json:commands.HakiExpCommandMixin
[27Aug2026 22:17:19.297] [main/DEBUG] [mixin/]: Renaming synthetic method lambda$zitoenpiece$extendHakiExpCommand$4(Lcom/mojang/brigadier/context/CommandContext;)I to md61ad08$lambda$zitoenpiece$extendHakiExpCommand$4$6 in zitoenpiece.mixins.json:commands.HakiExpCommandMixin
[27Aug2026 22:17:19.298] [main/DEBUG] [mixin/]: Renaming synthetic method lambda$zitoenpiece$extendHakiExpCommand$3(Lcom/mojang/brigadier/context/CommandContext;)I to md61ad08$lambda$zitoenpiece$extendHakiExpCommand$3$7 in zitoenpiece.mixins.json:commands.HakiExpCommandMixin
[27Aug2026 22:17:19.298] [main/DEBUG] [mixin/]: Renaming synthetic method lambda$zitoenpiece$extendHakiExpCommand$2(Lcom/mojang/brigadier/context/CommandContext;)I to md61ad08$lambda$zitoenpiece$extendHakiExpCommand$2$8 in zitoenpiece.mixins.json:commands.HakiExpCommandMixin
[27Aug2026 22:17:19.298] [main/DEBUG] [mixin/]: Renaming synthetic method lambda$zitoenpiece$extendHakiExpCommand$1(Lcom/mojang/brigadier/context/CommandContext;)I to md61ad08$lambda$zitoenpiece$extendHakiExpCommand$1$9 in zitoenpiece.mixins.json:commands.HakiExpCommandMixin
[27Aug2026 22:17:19.298] [main/DEBUG] [mixin/]: Renaming synthetic method lambda$zitoenpiece$extendHakiExpCommand$0(Lnet/minecraft/command/CommandSource;)Z to md61ad08$lambda$zitoenpiece$extendHakiExpCommand$0$a in zitoenpiece.mixins.json:commands.HakiExpCommandMixin
[27Aug2026 22:17:19.316] [main/INFO] [STDOUT/]: [xyz.pixelatedw.mineminenomi.config.CommonConfig:handler$zjj000$zitoenpiece$overrideHakiExpLimit:1080]: [ZitoenPiece] Modified HAKI_EXP_LIMIT: Default=300, Max=1000000 (0 = infinite)
[27Aug2026 22:17:19.319] [main/DEBUG] [mixin/]: Mixing commands.CheckFruitsCommandMixin from zitoenpiece.mixins.json into xyz.pixelatedw.mineminenomi.commands.CheckFruitsCommand
[27Aug2026 22:17:19.324] [main/DEBUG] [mixin/]: Mixing commands.CheckPlayerCommandMixin from zitoenpiece.mixins.json into xyz.pixelatedw.mineminenomi.commands.CheckPlayerCommand
[27Aug2026 22:17:19.324] [main/DEBUG] [mixin/]: Renaming synthetic method lambda$zitoenpiece$modifyOutput$1(Lnet/minecraft/entity/player/ServerPlayerEntity;Ljava/lang/StringBuilder;Lnet/Zitoen/zitoenpiece/data/age/IAgeData;)V to md61ad08$lambda$zitoenpiece$modifyOutput$1$0 in zitoenpiece.mixins.json:commands.CheckPlayerCommandMixin
[27Aug2026 22:17:19.325] [main/DEBUG] [mixin/]: Renaming synthetic method lambda$zitoenpiece$modifyOutput$0(Ljava/lang/StringBuilder;Lnet/Zitoen/zitoenpiece/data/profession/data/IProfessionData;)V to md61ad08$lambda$zitoenpiece$modifyOutput$0$1 in zitoenpiece.mixins.json:commands.CheckPlayerCommandMixin
[27Aug2026 22:17:19.379] [main/WARN] [net.minecraft.command.Commands/]: Ambiguity between arguments [teleport, destination] and [teleport, targets] with inputs: [Player, 0123, @e, dd12be42-52a9-4a91-a8a1-11c01849e498]
[27Aug2026 22:17:19.381] [main/WARN] [net.minecraft.command.Commands/]: Ambiguity between arguments [teleport, location] and [teleport, destination] with inputs: [0.1 -0.5 .9, 0 0 0]
[27Aug2026 22:17:19.382] [main/WARN] [net.minecraft.command.Commands/]: Ambiguity between arguments [teleport, location] and [teleport, targets] with inputs: [0.1 -0.5 .9, 0 0 0]
[27Aug2026 22:17:19.384] [main/WARN] [net.minecraft.command.Commands/]: Ambiguity between arguments [teleport, targets] and [teleport, destination] with inputs: [Player, 0123, dd12be42-52a9-4a91-a8a1-11c01849e498]
[27Aug2026 22:17:19.386] [main/WARN] [net.minecraft.command.Commands/]: Ambiguity between arguments [teleport, targets, location] and [teleport, targets, destination] with inputs: [0.1 -0.5 .9, 0 0 0]
[27Aug2026 22:17:19.391] [main/INFO] [net.minecraft.resources.SimpleReloadableResourceManager/]: Reloading ResourceManager: Default, forge-1.16.5-36.2.42-universal.jar, ftb-essentials-1605.1.5-build.32.jar, mine-mine-no-mi-1.16.5-0.10.11.jar, Jade-1.16.4-2.8.3.jar, bountyhunters-1.1.0.jar, LeopardRework-1.4-1.16.5.jar, curios-forge-1.16.5-4.1.0.0.jar, awakenawakennomi-0.7.1.jar, Controlling-7.0.0.31.jar, modernfix-forge-5.18.0+mc1.16.5.jar, jei-1.16.5-7.8.0.1009.jar, citadel-1.8.1-1.16.5.jar, yokai-0.0.51.jar, quickteleports-1.16.5-1.2.0-forge.jar, mineminenomiawakenpath-1.0.0.jar, minemineextraslots-1.8-1.16.5.jar, fightingstyles-1.2.5.jar, sophisticatedbackpacks-1.16.5-3.15.20.755.jar, cartaddon-0.8.2.jar, zitoenpiece-0.3.15.jar, coroutil-forge-1.16.5-1.3.6.jar, lazydfu-0.1.3.jar, mvs-2.6.1.jar, architectury-1.32.68.jar, ftb-library-forge-1605.3.5-build.724.jar, lootr-1.16.5-0.2.19.52.jar, fruitreworks-1.3.3.jar, blitzraces-0.0.2-1.16.5.jar, watut-forge-1.16.5-1.0.14.jar, appleskin-forge-mc1.16.x-2.5.1.jar, hito_hito_nika-0.12.1.jar, SkinRestoreForge-1.4.jar, allfruitallboxes-1.0.0.jar, hakibar-1.16.5-1.8.jar, devilhordes-1.2.0-1.16.5.jar, CreativeCore_v2.2.1_mc1.16.5.jar, PlayerRevive_v2.0.0-pre04_mc1.16.5.jar
[27Aug2026 22:17:19.393] [main/INFO] [ModernFix/]: Invalidating pack caches
[27Aug2026 22:17:19.419] [Worker-Main-2/DEBUG] [ModernFix/]: Generated cache for /assets/minecraft in 6.356 ms
[27Aug2026 22:17:19.433] [Worker-Main-1/DEBUG] [ModernFix/]: Generated cache for /assets/minecraft in 13.58 ms
[27Aug2026 22:17:19.434] [Worker-Main-2/DEBUG] [ModernFix/]: Generated cache for /assets/minecraft in 455.1 μs
[27Aug2026 22:17:19.434] [Worker-Main-3/DEBUG] [ModernFix/]: Generated cache for /assets/minecraft in 303.9 μs
[27Aug2026 22:17:19.436] [Worker-Main-3/DEBUG] [ModernFix/]: Generated cache for /assets/minecraft in 421.9 μs
[27Aug2026 22:17:19.443] [Worker-Main-3/DEBUG] [ModernFix/]: Generated cache for /assets/minecraft in 6.901 ms
[27Aug2026 22:17:19.484] [Worker-Main-1/DEBUG] [ModernFix/]: Generated cache for /assets/minecraft in 40.33 ms
[27Aug2026 22:17:19.484] [Worker-Main-1/DEBUG] [ModernFix/]: Generated cache for /assets/minecraft in 100.8 μs
[27Aug2026 22:17:19.488] [Worker-Main-1/DEBUG] [ModernFix/]: Generated cache for /assets/minecraft in 3.037 ms
[27Aug2026 22:17:19.488] [Worker-Main-2/DEBUG] [ModernFix/]: Generated cache for /assets/minecraft in 131.4 μs
[27Aug2026 22:17:19.488] [Worker-Main-2/DEBUG] [ModernFix/]: Generated cache for /assets/minecraft in 87.90 μs
[27Aug2026 22:17:19.488] [Worker-Main-2/DEBUG] [ModernFix/]: Generated cache for /assets/minecraft in 200.8 μs
[27Aug2026 22:17:19.489] [Worker-Main-2/DEBUG] [ModernFix/]: Generated cache for /assets/minecraft in 360.6 μs
[27Aug2026 22:17:19.490] [Worker-Main-1/DEBUG] [ModernFix/]: Generated cache for /assets/minecraft in 532.2 μs
[27Aug2026 22:17:19.492] [Worker-Main-1/DEBUG] [ModernFix/]: Generated cache for /assets/minecraft in 1.251 ms
[27Aug2026 22:17:19.495] [Worker-Main-1/DEBUG] [ModernFix/]: Generated cache for /assets/minecraft in 2.791 ms
[27Aug2026 22:17:19.497] [Worker-Main-1/DEBUG] [ModernFix/]: Generated cache for /assets/minecraft in 1.866 ms
[27Aug2026 22:17:19.497] [Worker-Main-1/DEBUG] [ModernFix/]: Generated cache for /assets/minecraft in 285.8 μs
[27Aug2026 22:17:19.497] [Worker-Main-1/DEBUG] [ModernFix/]: Generated cache for /assets/minecraft in 89.60 μs
[27Aug2026 22:17:19.498] [Worker-Main-2/DEBUG] [ModernFix/]: Generated cache for /assets/minecraft in 276.7 μs
[27Aug2026 22:17:19.502] [Worker-Main-2/DEBUG] [ModernFix/]: Generated cache for /assets/minecraft in 4.425 ms
[27Aug2026 22:17:19.511] [Worker-Main-3/DEBUG] [ModernFix/]: Generated cache for /assets/minecraft in 4.087 ms
[27Aug2026 22:17:19.512] [Worker-Main-2/DEBUG] [ModernFix/]: Generated cache for /assets/minecraft in 92.76 μs
[27Aug2026 22:17:19.514] [Worker-Main-2/DEBUG] [ModernFix/]: Generated cache for /assets/minecraft in 1.199 ms
[27Aug2026 22:17:19.516] [Worker-Main-3/DEBUG] [ModernFix/]: Generated cache for /assets/minecraft in 2.420 ms
[27Aug2026 22:17:19.518] [Worker-Main-3/DEBUG] [ModernFix/]: Generated cache for /assets/minecraft in 1.608 ms
[27Aug2026 22:17:19.519] [Worker-Main-1/DEBUG] [ModernFix/]: Generated cache for /assets/minecraft in 389.1 μs
[27Aug2026 22:17:19.521] [Worker-Main-1/DEBUG] [ModernFix/]: Generated cache for /assets/minecraft in 356.4 μs
[27Aug2026 22:17:19.521] [Worker-Main-1/DEBUG] [ModernFix/]: Generated cache for /assets/minecraft in 55.78 μs
[27Aug2026 22:17:19.522] [Worker-Main-1/DEBUG] [ModernFix/]: Generated cache for /assets/minecraft in 144.5 μs
[27Aug2026 22:17:20.005] [Worker-Main-2/ERROR] [net.minecraft.item.crafting.RecipeManager/]: Parsing error loading recipe cartaddon:wapometal_helmet_smithing: com.google.gson.JsonSyntaxException: Unknown item 'cartaddon:wapometal_helmet'
[27Aug2026 22:17:20.011] [Worker-Main-2/ERROR] [net.minecraft.item.crafting.RecipeManager/]: Parsing error loading recipe cartaddon:wapometal_boots_smithing: com.google.gson.JsonSyntaxException: Unknown item 'cartaddon:wapometal_boots'
[27Aug2026 22:17:20.019] [Worker-Main-2/ERROR] [net.minecraft.item.crafting.RecipeManager/]: Parsing error loading recipe cartaddon:wapo_metal_upgrade: com.google.gson.JsonSyntaxException: Unknown item 'cartaddon:wapometal_chestplate'
[27Aug2026 22:17:20.024] [Worker-Main-2/ERROR] [net.minecraft.item.crafting.RecipeManager/]: Parsing error loading recipe cartaddon:wapometal_chestplate_smithing: com.google.gson.JsonSyntaxException: Unknown item 'cartaddon:wapometal_chestplate'
[27Aug2026 22:17:20.027] [Worker-Main-2/ERROR] [net.minecraft.item.crafting.RecipeManager/]: Parsing error loading recipe cartaddon:wapometal_leggings_smithing: com.google.gson.JsonSyntaxException: Unknown item 'cartaddon:wapometal_leggings'
[27Aug2026 22:17:20.034] [Worker-Main-2/INFO] [net.minecraft.item.crafting.RecipeManager/]: Loaded 7 recipes
[27Aug2026 22:17:20.481] [Worker-Main-2/DEBUG] [mixin/]: Mixing DisplayInfoMixin from mine-mine-no-mi.mixins.json into net.minecraft.advancements.DisplayInfo
[27Aug2026 22:17:20.488] [Worker-Main-2/DEBUG] [mixin/]: Mixing DisplayInfoMixin from ftblibrary-common.mixins.json into net.minecraft.advancements.DisplayInfo
[27Aug2026 22:17:20.573] [Worker-Main-2/INFO] [net.minecraft.advancements.AdvancementList/]: Loaded 1119 advancements
[27Aug2026 22:17:20.576] [Worker-Main-2/DEBUG] [sophisticatedbackpacks/]: Started loading registry data from sophisticatedbackpacks:compat/woot/block_tools 
[27Aug2026 22:17:20.576] [Worker-Main-2/DEBUG] [sophisticatedbackpacks/]: Started loading registry data from sophisticatedbackpacks:compat/fluxnetworks/block_tools 
[27Aug2026 22:17:20.576] [Worker-Main-2/DEBUG] [sophisticatedbackpacks/]: Started loading registry data from sophisticatedbackpacks:compat/mob_grinding_utils/entity_tools 
[27Aug2026 22:17:20.576] [Worker-Main-2/DEBUG] [sophisticatedbackpacks/]: Started loading registry data from sophisticatedbackpacks:compat/astralsorcery/block_tools 
[27Aug2026 22:17:20.576] [Worker-Main-2/DEBUG] [sophisticatedbackpacks/]: Started loading registry data from sophisticatedbackpacks:compat/immersivepetroleum/block_tools 
[27Aug2026 22:17:20.576] [Worker-Main-2/DEBUG] [sophisticatedbackpacks/]: Started loading registry data from sophisticatedbackpacks:compat/immersiveengineering/block_tools 
[27Aug2026 22:17:20.576] [Worker-Main-2/DEBUG] [sophisticatedbackpacks/]: Started loading registry data from sophisticatedbackpacks:compat/pedestals/block_tools 
[27Aug2026 22:17:20.576] [Worker-Main-2/DEBUG] [sophisticatedbackpacks/]: Started loading registry data from sophisticatedbackpacks:compat/platforms/block_tools 
[27Aug2026 22:17:20.577] [Worker-Main-2/DEBUG] [sophisticatedbackpacks/]: Started loading registry data from sophisticatedbackpacks:compat/rftoolsutility/entity_tools 
[27Aug2026 22:17:20.577] [Worker-Main-2/DEBUG] [sophisticatedbackpacks/]: Started loading registry data from sophisticatedbackpacks:compat/compactmachines/block_tools 
[27Aug2026 22:17:20.577] [Worker-Main-2/DEBUG] [sophisticatedbackpacks/]: Started loading registry data from sophisticatedbackpacks:compat/mcwwindows/block_tools 
[27Aug2026 22:17:20.577] [Worker-Main-2/DEBUG] [sophisticatedbackpacks/]: Started loading registry data from sophisticatedbackpacks:compat/integrateddynamics/block_tools 
[27Aug2026 22:17:20.577] [Worker-Main-2/DEBUG] [sophisticatedbackpacks/]: Started loading registry data from sophisticatedbackpacks:entity_tools 
[27Aug2026 22:17:20.580] [Worker-Main-2/DEBUG] [sophisticatedbackpacks/]: Finished loading registry data for sophisticatedbackpacks:entity_tools
[27Aug2026 22:17:20.581] [Worker-Main-2/DEBUG] [sophisticatedbackpacks/]: Started loading registry data from sophisticatedbackpacks:compat/mekanism/block_tools 
[27Aug2026 22:17:20.581] [Worker-Main-2/DEBUG] [sophisticatedbackpacks/]: Started loading registry data from sophisticatedbackpacks:compat/powah/block_tools 
[27Aug2026 22:17:20.581] [Worker-Main-2/DEBUG] [sophisticatedbackpacks/]: Started loading registry data from sophisticatedbackpacks:compat/apotheosis/entity_tools 
[27Aug2026 22:17:20.581] [Worker-Main-2/DEBUG] [sophisticatedbackpacks/]: Started loading registry data from sophisticatedbackpacks:compat/bloodmagic/block_tools 
[27Aug2026 22:17:20.581] [Worker-Main-2/DEBUG] [sophisticatedbackpacks/]: Started loading registry data from sophisticatedbackpacks:compat/immersiveposts/block_tools 
[27Aug2026 22:17:20.581] [Worker-Main-2/DEBUG] [sophisticatedbackpacks/]: Started loading registry data from sophisticatedbackpacks:compat/rats/entity_tools 
[27Aug2026 22:17:20.581] [Worker-Main-2/DEBUG] [sophisticatedbackpacks/]: Started loading registry data from sophisticatedbackpacks:compat/framedcompactdrawers/block_tools 
[27Aug2026 22:17:20.581] [Worker-Main-2/DEBUG] [sophisticatedbackpacks/]: Started loading registry data from sophisticatedbackpacks:compat/iceandfire/entity_tools 
[27Aug2026 22:17:20.581] [Worker-Main-2/DEBUG] [sophisticatedbackpacks/]: Started loading registry data from sophisticatedbackpacks:compat/storagedrawers/block_tools 
[27Aug2026 22:17:20.582] [Worker-Main-2/DEBUG] [sophisticatedbackpacks/]: Started loading registry data from sophisticatedbackpacks:compat/mcwroofs/block_tools 
[27Aug2026 22:17:20.582] [Worker-Main-2/DEBUG] [sophisticatedbackpacks/]: Started loading registry data from sophisticatedbackpacks:compat/morphtool/block_tools 
[27Aug2026 22:17:20.582] [Worker-Main-2/DEBUG] [sophisticatedbackpacks/]: Started loading registry data from sophisticatedbackpacks:compat/botania/block_tools 
[27Aug2026 22:17:20.582] [Worker-Main-2/DEBUG] [sophisticatedbackpacks/]: Started loading registry data from sophisticatedbackpacks:compat/pneumaticraft/block_tools 
[27Aug2026 22:17:20.582] [Worker-Main-2/DEBUG] [sophisticatedbackpacks/]: Started loading registry data from sophisticatedbackpacks:compat/shrink/entity_tools 
[27Aug2026 22:17:20.582] [Worker-Main-2/DEBUG] [sophisticatedbackpacks/]: Started loading registry data from sophisticatedbackpacks:compat/blockcarpentry/block_tools 
[27Aug2026 22:17:20.582] [Worker-Main-2/DEBUG] [sophisticatedbackpacks/]: Started loading registry data from sophisticatedbackpacks:compat/pipez/block_tools 
[27Aug2026 22:17:20.582] [Worker-Main-2/DEBUG] [sophisticatedbackpacks/]: Started loading registry data from sophisticatedbackpacks:compat/transport/block_tools 
[27Aug2026 22:17:20.582] [Worker-Main-2/DEBUG] [sophisticatedbackpacks/]: Started loading registry data from sophisticatedbackpacks:compat/thermal/block_tools 
[27Aug2026 22:17:20.583] [Worker-Main-2/DEBUG] [sophisticatedbackpacks/]: Started loading registry data from sophisticatedbackpacks:block_tools 
[27Aug2026 22:17:20.583] [Worker-Main-2/DEBUG] [sophisticatedbackpacks/]: Finished loading registry data for sophisticatedbackpacks:block_tools
[27Aug2026 22:17:20.583] [Worker-Main-2/DEBUG] [sophisticatedbackpacks/]: Started loading registry data from sophisticatedbackpacks:compat/create/block_tools 
[27Aug2026 22:17:20.583] [Worker-Main-2/DEBUG] [sophisticatedbackpacks/]: Started loading registry data from sophisticatedbackpacks:compat/refinedstorage/block_tools 
[27Aug2026 22:17:20.583] [Worker-Main-2/DEBUG] [sophisticatedbackpacks/]: Started loading registry data from sophisticatedbackpacks:compat/chiselsandbits/block_tools 
[27Aug2026 22:17:20.583] [Worker-Main-2/DEBUG] [sophisticatedbackpacks/]: Started loading registry data from sophisticatedbackpacks:compat/farmersdelight/block_tools 
[27Aug2026 22:17:20.583] [Worker-Main-2/DEBUG] [sophisticatedbackpacks/]: Started loading registry data from sophisticatedbackpacks:compat/resourcefulbees/entity_tools 
[27Aug2026 22:17:20.583] [Worker-Main-2/DEBUG] [sophisticatedbackpacks/]: Started loading registry data from sophisticatedbackpacks:compat/tetra/swords 
[27Aug2026 22:17:20.584] [Worker-Main-2/DEBUG] [sophisticatedbackpacks/]: Started loading registry data from sophisticatedbackpacks:swords 
[27Aug2026 22:17:20.584] [Worker-Main-2/DEBUG] [sophisticatedbackpacks/]: Finished loading registry data for sophisticatedbackpacks:swords
[27Aug2026 22:17:20.584] [Worker-Main-2/DEBUG] [sophisticatedbackpacks/]: Started loading registry data from sophisticatedbackpacks:compat/mythicbotany/block_tools 
[27Aug2026 22:17:20.584] [Worker-Main-2/DEBUG] [sophisticatedbackpacks/]: Started loading registry data from sophisticatedbackpacks:compat/resourcefulbees/block_tools 
[27Aug2026 22:17:20.584] [Worker-Main-2/DEBUG] [sophisticatedbackpacks/]: Started loading registry data from sophisticatedbackpacks:compat/syp/entity_tools 
[27Aug2026 22:17:20.584] [Worker-Main-2/DEBUG] [sophisticatedbackpacks/]: Started loading registry data from sophisticatedbackpacks:compat/eidolon/block_tools 
[27Aug2026 22:17:20.584] [Worker-Main-2/DEBUG] [sophisticatedbackpacks/]: Started loading registry data from sophisticatedbackpacks:compat/rftoolsbase/block_tools 
[27Aug2026 22:17:20.801] [main/DEBUG] [net.minecraftforge.registries.ObjectHolderRef/]: Unable to lookup zitoenpiece:devil_fruit_injector for public static net.minecraft.item.Item net.Zitoen.zitoenpiece.init.ModItems.DEVIL_FRUIT_INJECTOR. This means the object wasn't registered. It's likely just mod options.
[27Aug2026 22:17:20.811] [main/DEBUG] [net.minecraftforge.fml.FMLWorldPersistenceHook/WP]: Gathering id map for writing to world save world
[27Aug2026 22:17:20.829] [main/DEBUG] [net.minecraftforge.fml.FMLWorldPersistenceHook/WP]: ID Map collection complete world
[27Aug2026 22:17:20.897] [Server thread/INFO] [net.minecraft.server.dedicated.DedicatedServer/]: Starting minecraft server version 1.16.5
[27Aug2026 22:17:20.899] [Server thread/INFO] [net.minecraft.server.dedicated.DedicatedServer/]: Loading properties
[27Aug2026 22:17:20.900] [Server thread/INFO] [net.minecraft.server.dedicated.DedicatedServer/]: Default game type: SURVIVAL
[27Aug2026 22:17:20.900] [Server thread/INFO] [net.minecraft.server.MinecraftServer/]: Generating keypair
[27Aug2026 22:17:21.060] [Server thread/INFO] [net.minecraft.server.dedicated.DedicatedServer/]: Starting Minecraft server on *:25565
[27Aug2026 22:17:21.094] [Server thread/INFO] [net.minecraft.network.NetworkSystem/]: Using epoll channel type
[27Aug2026 22:17:21.180] [Server thread/WARN] [net.minecraft.server.dedicated.DedicatedServer/]: **** SERVER IS RUNNING IN OFFLINE/INSECURE MODE!
[27Aug2026 22:17:21.181] [Server thread/WARN] [net.minecraft.server.dedicated.DedicatedServer/]: The server will make no attempt to authenticate usernames. Beware.
[27Aug2026 22:17:21.181] [Server thread/WARN] [net.minecraft.server.dedicated.DedicatedServer/]: While this makes the game possible to play without internet access, it also opens up the ability for hackers to connect with any username they choose.
[27Aug2026 22:17:21.181] [Server thread/WARN] [net.minecraft.server.dedicated.DedicatedServer/]: To change this, set "online-mode" to "true" in the server.properties file.
[27Aug2026 22:17:21.195] [Server thread/DEBUG] [net.minecraftforge.fml.loading.FileUtils/CORE]: Found existing serverconfig directory : ./world/serverconfig
[27Aug2026 22:17:21.195] [Server thread/DEBUG] [net.minecraftforge.fml.config.ConfigTracker/CONFIG]: Loading configs type SERVER
[27Aug2026 22:17:21.195] [Server thread/DEBUG] [net.minecraftforge.fml.config.ConfigFileTypeHandler/CONFIG]: Built TOML config for ./world/serverconfig/curios-server.toml
[27Aug2026 22:17:21.195] [Server thread/DEBUG] [net.minecraftforge.fml.config.ConfigFileTypeHandler/CONFIG]: Loaded TOML config file ./world/serverconfig/curios-server.toml
[27Aug2026 22:17:21.196] [Server thread/DEBUG] [net.minecraftforge.fml.config.ConfigFileTypeHandler/CONFIG]: Watching TOML config file ./world/serverconfig/curios-server.toml for changes
[27Aug2026 22:17:21.200] [Server thread/DEBUG] [net.minecraftforge.fml.config.ConfigFileTypeHandler/CONFIG]: Built TOML config for ./world/serverconfig/minemineextraslots-server.toml
[27Aug2026 22:17:21.200] [Server thread/DEBUG] [net.minecraftforge.fml.config.ConfigFileTypeHandler/CONFIG]: Loaded TOML config file ./world/serverconfig/minemineextraslots-server.toml
[27Aug2026 22:17:21.201] [Server thread/DEBUG] [net.minecraftforge.fml.config.ConfigFileTypeHandler/CONFIG]: Watching TOML config file ./world/serverconfig/minemineextraslots-server.toml for changes
[27Aug2026 22:17:21.201] [Server thread/DEBUG] [net.minecraftforge.fml.config.ConfigFileTypeHandler/CONFIG]: Built TOML config for ./world/serverconfig/forge-server.toml
[27Aug2026 22:17:21.201] [Server thread/DEBUG] [net.minecraftforge.fml.config.ConfigFileTypeHandler/CONFIG]: Loaded TOML config file ./world/serverconfig/forge-server.toml
[27Aug2026 22:17:21.201] [Server thread/DEBUG] [net.minecraftforge.fml.config.ConfigFileTypeHandler/CONFIG]: Watching TOML config file ./world/serverconfig/forge-server.toml for changes
[27Aug2026 22:17:21.202] [Server thread/DEBUG] [net.minecraftforge.common.ForgeConfig/FORGEMOD]: Loaded forge config file forge-server.toml
[27Aug2026 22:17:21.202] [Server thread/DEBUG] [net.minecraftforge.fml.config.ConfigFileTypeHandler/CONFIG]: Built TOML config for ./world/serverconfig/jei-server.toml
[27Aug2026 22:17:21.202] [Server thread/DEBUG] [net.minecraftforge.fml.config.ConfigFileTypeHandler/CONFIG]: Loaded TOML config file ./world/serverconfig/jei-server.toml
[27Aug2026 22:17:21.202] [Server thread/DEBUG] [net.minecraftforge.fml.config.ConfigFileTypeHandler/CONFIG]: Watching TOML config file ./world/serverconfig/jei-server.toml for changes
[27Aug2026 22:17:21.203] [Server thread/DEBUG] [net.minecraftforge.fml.config.ConfigFileTypeHandler/CONFIG]: Built TOML config for ./world/serverconfig/quickteleports-server.toml
[27Aug2026 22:17:21.203] [Server thread/DEBUG] [net.minecraftforge.fml.config.ConfigFileTypeHandler/CONFIG]: Loaded TOML config file ./world/serverconfig/quickteleports-server.toml
[27Aug2026 22:17:21.203] [Server thread/DEBUG] [net.minecraftforge.fml.config.ConfigFileTypeHandler/CONFIG]: Watching TOML config file ./world/serverconfig/quickteleports-server.toml for changes
[27Aug2026 22:17:21.213] [Server thread/INFO] [ModernFix/]: Starting locating executor service with thread pool size of 1
[27Aug2026 22:17:21.220] [Server thread/DEBUG] [mixin/]: Mixing perf.async_locator.TreasureMapForEmeraldsMixin from modernfix-forge.mixins.json into net.minecraft.entity.merchant.villager.VillagerTrades$EmeraldForMapTrade
[27Aug2026 22:17:21.234] [Server thread/INFO] [net.minecraft.server.dedicated.DedicatedServer/]: Preparing level "world"
[27Aug2026 22:17:21.234] [Server thread/DEBUG] [mixin/]: Mixing feature.branding.BrandingControlMixin from modernfix-forge.mixins.json into net.minecraftforge.fml.BrandingControl
[27Aug2026 22:17:21.272] [Server thread/DEBUG] [mixin/]: Mixing ChunkManagerMixin from mine-mine-no-mi.mixins.json into net.minecraft.world.server.ChunkManager
[27Aug2026 22:17:21.273] [Server thread/DEBUG] [mixin/]: Mixing bugfix.paper_chunk_patches.ChunkMapMixin from modernfix-common.mixins.json into net.minecraft.world.server.ChunkManager
[27Aug2026 22:17:21.274] [Server thread/DEBUG] [mixin/]: Renaming synthetic method lambda$skipWorkerIfPossible$1(Lnet/minecraft/world/server/ChunkHolder;Ljava/util/concurrent/Executor;Ljava/lang/Runnable;)V to md61ad08$lambda$skipWorkerIfPossible$1$0 in modernfix-common.mixins.json:bugfix.paper_chunk_patches.ChunkMapMixin
[27Aug2026 22:17:21.274] [Server thread/DEBUG] [mixin/]: Renaming synthetic method lambda$setup$0(Lnet/minecraft/server/MinecraftServer;Ljava/lang/Runnable;)V to md61ad08$lambda$setup$0$1 in modernfix-common.mixins.json:bugfix.paper_chunk_patches.ChunkMapMixin
[27Aug2026 22:17:21.276] [Server thread/DEBUG] [mixin/]: Mixing bugfix.entity_load_deadlock.ChunkMapMixin from modernfix-forge.mixins.json into net.minecraft.world.server.ChunkManager
[27Aug2026 22:17:21.276] [Server thread/DEBUG] [mixin/]: Renaming synthetic method lambda$getEntitySections$2(Lnet/minecraft/world/chunk/Chunk;)V to md61ad08$lambda$getEntitySections$2$2 in modernfix-forge.mixins.json:bugfix.entity_load_deadlock.ChunkMapMixin
[27Aug2026 22:17:21.276] [Server thread/DEBUG] [mixin/]: Renaming synthetic method lambda$getEntitySections$1(Lnet/minecraft/world/chunk/Chunk;)V to md61ad08$lambda$getEntitySections$1$3 in modernfix-forge.mixins.json:bugfix.entity_load_deadlock.ChunkMapMixin
[27Aug2026 22:17:21.276] [Server thread/DEBUG] [mixin/]: Renaming synthetic method lambda$getEntitySections$0(Lnet/minecraft/world/chunk/Chunk;)V to md61ad08$lambda$getEntitySections$0$4 in modernfix-forge.mixins.json:bugfix.entity_load_deadlock.ChunkMapMixin
[27Aug2026 22:17:21.417] [Server thread/INFO] [net.minecraft.server.MinecraftServer/]: Preparing start region for dimension minecraft:overworld
[27Aug2026 22:17:21.420] [Server thread/DEBUG] [mixin/]: Mixing bugfix.paper_chunk_patches.SortedArraySetMixin from modernfix-common.mixins.json into net.minecraft.util.SortedArraySet
[27Aug2026 22:17:21.423] [Server thread/DEBUG] [mixin/]: Mixing bugfix.paper_chunk_patches.ChunkHolderMixin from modernfix-common.mixins.json into net.minecraft.world.server.ChunkHolder
[27Aug2026 22:17:21.496] [Server thread/DEBUG] [mixin/]: Mixing MixinChunkSerializer from architectury.mixins.json into net.minecraft.world.chunk.storage.ChunkSerializer
[27Aug2026 22:17:21.507] [Server thread/DEBUG] [mixin/]: Mixing perf.compress_biome_container.MixinBiomeContainer from modernfix-common.mixins.json into net.minecraft.world.biome.BiomeContainer
[27Aug2026 22:17:21.517] [Server thread/DEBUG] [mixin/]: Mixing BiomeContainerAccessor from cartaddon.mixins.json into net.minecraft.world.biome.BiomeContainer
[27Aug2026 22:17:21.561] [Server thread/DEBUG] [mixin/]: Mixing perf.nuke_empty_chunk_sections.MixinChunk from modernfix-common.mixins.json into net.minecraft.world.chunk.Chunk
[27Aug2026 22:17:21.562] [Server thread/DEBUG] [mixin/]: Mixing bugfix.entity_load_deadlock.LevelChunkMixin from modernfix-forge.mixins.json into net.minecraft.world.chunk.Chunk
[27Aug2026 22:17:22.548] [Server thread/INFO] [net.minecraft.world.chunk.listener.LoggingChunkStatusListener/]: Preparing spawn area: 0%
[27Aug2026 22:17:22.549] [Server thread/INFO] [net.minecraft.world.chunk.listener.LoggingChunkStatusListener/]: Preparing spawn area: 0%
[27Aug2026 22:17:22.551] [Server thread/INFO] [net.minecraft.world.chunk.listener.LoggingChunkStatusListener/]: Preparing spawn area: 0%
[27Aug2026 22:17:22.604] [Worker-Main-3/DEBUG] [mixin/]: Mixing perf.cache_blockstate_cache_arrays.AbstractBlockStateCacheMixin from modernfix-common.mixins.json into net.minecraft.block.AbstractBlock$AbstractBlockState$Cache
[27Aug2026 22:17:22.660] [Server thread/DEBUG] [mixin/]: Mixing ITemplateMixin from mine-mine-no-mi.mixins.json into net.minecraft.world.gen.feature.template.Template
[27Aug2026 22:17:22.919] [Server thread/DEBUG] [mixin/]: Mixing hakichanges.HakiDataMaxOveruseMixin from zitoenpiece.mixins.json into xyz.pixelatedw.mineminenomi.data.entity.haki.HakiDataBase
[27Aug2026 22:17:22.923] [Server thread/DEBUG] [mixin/]: Mixing EntityStatsMaxColaMixin from cartaddon.mixins.json into xyz.pixelatedw.mineminenomi.data.entity.entitystats.EntityStatsBase
[27Aug2026 22:17:22.939] [Server thread/DEBUG] [mixin/]: Mixing IGoalSelectorMixin from mine-mine-no-mi.mixins.json into net.minecraft.entity.ai.goal.GoalSelector
[27Aug2026 22:17:22.964] [Server thread/INFO] [net.minecraft.world.chunk.listener.LoggingChunkStatusListener/]: Preparing spawn area: 83%
[27Aug2026 22:17:23.289] [Server thread/INFO] [net.minecraft.world.chunk.listener.LoggingChunkStatusListener/]: Time elapsed: 1871 ms
[27Aug2026 22:17:23.289] [Server thread/INFO] [net.minecraft.server.dedicated.DedicatedServer/]: Done (2.098s)! For help, type "help"
[27Aug2026 22:17:23.367] [Server thread/DEBUG] [net.minecraftforge.fml.ForgeI18n/CORE]: Loading I18N data entries: 8357
[27Aug2026 22:17:23.376] [Server thread/INFO] [STDOUT/]: [net.MagicalBlitz.revamp.init.YokaiCommands:onServerStarting:27]: [YOKAI] Abyssal portal commands registered.
[27Aug2026 22:17:23.381] [Server thread/INFO] [net.Zitoen.zitoenpiece.ZitoenPiece/]: HELLO from server starting
[27Aug2026 22:17:23.396] [Server thread/INFO] [com.fruitreworks.FruitReworks/]: Modifying Neko Neko no Mi, Model: Leopard - Replacing with reworked abilities and adding awakening features
[27Aug2026 22:17:23.402] [Server thread/INFO] [com.fruitreworks.FruitReworks/]: Removing conflicting awakening ability from another addon: leopard awakened heavy point (mineminenomi:leopard_awakened_heavy_point)
[27Aug2026 22:17:23.404] [Server thread/INFO] [com.fruitreworks.FruitReworks/]: Successfully replaced Leopard abilities with reworked versions and added awakening features!
[27Aug2026 22:17:23.404] [Server thread/INFO] [com.fruitreworks.FruitReworks/]: Modifying Ryu Ryu no Mi: Allosaurus - Replacing with reworked abilities
[27Aug2026 22:17:23.410] [Server thread/INFO] [com.fruitreworks.FruitReworks/]: Modifying Ryu Ryu no Mi: Brachiosaurus - Replacing with reworked abilities
[27Aug2026 22:17:23.418] [Server thread/INFO] [com.fruitreworks.FruitReworks/]: Modifying Hito Hito no Mi (Human Human Fruit) - Adding Perfect Human passive, Strain system, and all form transformations
[27Aug2026 22:17:23.419] [Server thread/INFO] [com.fruitreworks.FruitReworks/]: Successfully added Perfect Human passive, Strain system, and all form transformations to Hito Hito no Mi!
[27Aug2026 22:17:23.419] [Server thread/INFO] [com.fruitreworks.FruitReworks/]: Modifying Ushi Ushi no Mi, Model: Giraffe - Adding Neck Strike ability
[27Aug2026 22:17:23.419] [Server thread/INFO] [com.fruitreworks.FruitReworks/]: Successfully added Neck Strike ability to Giraffe Fruit!
[27Aug2026 22:17:23.419] [Server thread/INFO] [com.fruitreworks.FruitReworks/]: Modifying Tori Tori no Mi, Model: Phoenix - Keeping base MMNM abilities and retaining healing aura only
[27Aug2026 22:17:23.420] [Server thread/INFO] [com.fruitreworks.FruitReworks/]: Phoenix rework abilities are temporarily disabled; base phoenix abilities remain active with healing aura added.
[27Aug2026 22:17:23.420] [Server thread/DEBUG] [com.fruitreworks.FruitReworks/]: Removed conflicting ability from namespace: awakenawakennomi -> Glittering Storm
[27Aug2026 22:17:23.420] [Server thread/DEBUG] [com.fruitreworks.FruitReworks/]: Removed conflicting ability from namespace: cartaddon -> Diamond Body
[27Aug2026 22:17:23.420] [Server thread/DEBUG] [com.fruitreworks.FruitReworks/]: Removed conflicting ability from namespace: cartaddon -> Brilliant Punk
[27Aug2026 22:17:23.420] [Server thread/DEBUG] [com.fruitreworks.FruitReworks/]: Removed conflicting ability from namespace: cartaddon -> Cabochon Knuckle
[27Aug2026 22:17:23.421] [Server thread/INFO] [com.fruitreworks.FruitReworks/]: Modifying Kira Kira no Mi (Diamond Fruit) - Replacing with reworked abilities
[27Aug2026 22:17:23.421] [Server thread/INFO] [com.fruitreworks.FruitReworks/]: Successfully replaced Kira Kira no Mi abilities with reworked versions!
[27Aug2026 22:17:23.422] [Server thread/DEBUG] [com.fruitreworks.FruitReworks/]: Removed conflicting ability from namespace: cartaddon -> Spar Break
[27Aug2026 22:17:23.422] [Server thread/DEBUG] [com.fruitreworks.FruitReworks/]: Removed conflicting ability from namespace: cartaddon -> Atomic Spar
[27Aug2026 22:17:23.422] [Server thread/DEBUG] [com.fruitreworks.FruitReworks/]: Removed conflicting ability from namespace: cartaddon -> Spar Claw
[27Aug2026 22:17:23.422] [Server thread/DEBUG] [com.fruitreworks.FruitReworks/]: Removed conflicting ability from namespace: cartaddon -> Sparkling Daisy
[27Aug2026 22:17:23.422] [Server thread/DEBUG] [com.fruitreworks.FruitReworks/]: Removed conflicting ability from namespace: cartaddon -> Spider
[27Aug2026 22:17:23.422] [Server thread/DEBUG] [com.fruitreworks.FruitReworks/]: Removed conflicting ability from namespace: cartaddon -> Spiral Hollow
[27Aug2026 22:17:23.422] [Server thread/DEBUG] [com.fruitreworks.FruitReworks/]: Removed conflicting ability from namespace: cartaddon -> Atomic Spurt
[27Aug2026 22:17:23.422] [Server thread/INFO] [com.fruitreworks.FruitReworks/]: Modifying Supa Supa no Mi (Dice-Dice Fruit) - Replacing with blade slash system
[27Aug2026 22:17:23.423] [Server thread/INFO] [com.fruitreworks.FruitReworks/]: Successfully replaced Supa Supa no Mi abilities with blade slash system!
[27Aug2026 22:17:23.423] [Server thread/DEBUG] [com.fruitreworks.FruitReworks/]: Removed conflicting ability from namespace: cartaddon -> Parasite
[27Aug2026 22:17:23.423] [Server thread/DEBUG] [com.fruitreworks.FruitReworks/]: Removed conflicting ability from namespace: cartaddon -> Reworked Fullbright
[27Aug2026 22:17:23.423] [Server thread/DEBUG] [com.fruitreworks.FruitReworks/]: Removed conflicting ability from namespace: cartaddon -> Reworked Kumo no Sugaki
[27Aug2026 22:17:23.423] [Server thread/DEBUG] [com.fruitreworks.FruitReworks/]: Removed conflicting ability from namespace: cartaddon -> Torikago
[27Aug2026 22:17:23.423] [Server thread/DEBUG] [com.fruitreworks.FruitReworks/]: Removed conflicting ability from namespace: cartaddon -> Repair Operation
[27Aug2026 22:17:23.424] [Server thread/DEBUG] [com.fruitreworks.FruitReworks/]: Removed conflicting ability from namespace: cartaddon -> Break White
[27Aug2026 22:17:23.424] [Server thread/DEBUG] [com.fruitreworks.FruitReworks/]: Removed conflicting ability from namespace: cartaddon -> Ever White
[27Aug2026 22:17:23.424] [Server thread/DEBUG] [com.fruitreworks.FruitReworks/]: Removed conflicting ability from namespace: cartaddon -> Flap Thread
[27Aug2026 22:17:23.424] [Server thread/DEBUG] [com.fruitreworks.FruitReworks/]: Removed conflicting ability from namespace: cartaddon -> God Thread
[27Aug2026 22:17:23.424] [Server thread/DEBUG] [com.fruitreworks.FruitReworks/]: Removed conflicting ability from namespace: cartaddon -> Goshikito
[27Aug2026 22:17:23.424] [Server thread/DEBUG] [com.fruitreworks.FruitReworks/]: Removed conflicting ability from namespace: cartaddon -> Off White
[27Aug2026 22:17:23.424] [Server thread/INFO] [com.fruitreworks.FruitReworks/]: Modifying Ito Ito no Mi (String-String Fruit) - Replacing with String Meter system
[27Aug2026 22:17:23.428] [Server thread/INFO] [com.fruitreworks.FruitReworks/]: Successfully replaced Ito Ito no Mi abilities with String Meter system!
[27Aug2026 22:17:23.432] [Server thread/DEBUG] [com.fruitreworks.FruitReworks/]: Removed conflicting ability from namespace: cartaddon -> Gurash
[27Aug2026 22:17:23.432] [Server thread/DEBUG] [com.fruitreworks.FruitReworks/]: Removed conflicting ability from namespace: cartaddon -> Gekishin
[27Aug2026 22:17:23.432] [Server thread/DEBUG] [com.fruitreworks.FruitReworks/]: Removed conflicting ability from namespace: cartaddon -> Shingen no Ichigeki
[27Aug2026 22:17:23.432] [Server thread/DEBUG] [com.fruitreworks.FruitReworks/]: Removed conflicting ability from namespace: cartaddon -> Shima Yurashi
[27Aug2026 22:17:23.432] [Server thread/DEBUG] [com.fruitreworks.FruitReworks/]: Removed conflicting ability from namespace: cartaddon -> Hakua
[27Aug2026 22:17:23.432] [Server thread/DEBUG] [com.fruitreworks.FruitReworks/]: Removed conflicting ability from namespace: cartaddon -> Shattering Leap
[27Aug2026 22:17:23.433] [Server thread/DEBUG] [com.fruitreworks.FruitReworks/]: Removed conflicting ability from namespace: cartaddon -> Kabutowari
[27Aug2026 22:17:23.433] [Server thread/DEBUG] [com.fruitreworks.FruitReworks/]: Removed conflicting ability from namespace: cartaddon -> Shattering Block
[27Aug2026 22:17:23.433] [Server thread/INFO] [com.fruitreworks.FruitReworks/]: Modifying Gura Gura no Mi (Tremor-Tremor Fruit) - Replacing with Air Crack visual effects
[27Aug2026 22:17:23.435] [Server thread/INFO] [com.fruitreworks.FruitReworks/]: Successfully replaced Gura Gura no Mi abilities with Air Crack visual effects!
[27Aug2026 22:17:23.435] [Server thread/INFO] [com.fruitreworks.FruitReworks/]: Modifying Bomu Bomu no Mi (Bomb-Bomb Fruit) - Replacing with Bomb Energy system
[27Aug2026 22:17:23.442] [Server thread/INFO] [com.fruitreworks.FruitReworks/]: Successfully replaced Bomu Bomu no Mi abilities with Bomb Energy system!
[27Aug2026 22:17:23.442] [Server thread/DEBUG] [com.fruitreworks.FruitReworks/]: Removed conflicting ability from namespace: cartaddon -> Desert La Spada
[27Aug2026 22:17:23.443] [Server thread/DEBUG] [com.fruitreworks.FruitReworks/]: Removed conflicting ability from namespace: cartaddon -> Desert Grande Espada Reworked
[27Aug2026 22:17:23.443] [Server thread/DEBUG] [com.fruitreworks.FruitReworks/]: Removed conflicting ability from namespace: cartaddon -> Desert Encierro Reworked
[27Aug2026 22:17:23.443] [Server thread/DEBUG] [com.fruitreworks.FruitReworks/]: Removed conflicting ability from namespace: cartaddon -> Suna Special Fly
[27Aug2026 22:17:23.443] [Server thread/DEBUG] [com.fruitreworks.FruitReworks/]: Removed conflicting ability from namespace: cartaddon -> Sables: Pesado Reworked
[27Aug2026 22:17:23.443] [Server thread/INFO] [com.fruitreworks.FruitReworks/]: Modifying Suna Suna no Mi (Sand-Sand Fruit) - Adding Suna rework abilities and immunities
[27Aug2026 22:17:23.452] [Server thread/INFO] [com.fruitreworks.FruitReworks/]: Successfully replaced core Suna abilities with Fruit Reworks variants!
[27Aug2026 22:17:23.453] [Server thread/DEBUG] [com.fruitreworks.FruitReworks/]: Removed conflicting ability from namespace: cartaddon -> Ice Block: Partisan
[27Aug2026 22:17:23.453] [Server thread/DEBUG] [com.fruitreworks.FruitReworks/]: Removed conflicting ability from namespace: cartaddon -> Ice Age
[27Aug2026 22:17:23.453] [Server thread/DEBUG] [com.fruitreworks.FruitReworks/]: Removed conflicting ability from namespace: cartaddon -> Ice Ball
[27Aug2026 22:17:23.453] [Server thread/DEBUG] [com.fruitreworks.FruitReworks/]: Removed conflicting ability from namespace: cartaddon -> Ice Time
[27Aug2026 22:17:23.453] [Server thread/DEBUG] [com.fruitreworks.FruitReworks/]: Removed conflicting ability from namespace: cartaddon -> Ice Block: Pheasant
[27Aug2026 22:17:23.453] [Server thread/DEBUG] [com.fruitreworks.FruitReworks/]: Removed conflicting ability from namespace: cartaddon -> Ice Block: Avalanche
[27Aug2026 22:17:23.453] [Server thread/DEBUG] [com.fruitreworks.FruitReworks/]: Removed conflicting ability from namespace: cartaddon -> Glacial Coating
[27Aug2026 22:17:23.453] [Server thread/DEBUG] [com.fruitreworks.FruitReworks/]: Removed conflicting ability from namespace: cartaddon -> Frost Walker
[27Aug2026 22:17:23.454] [Server thread/INFO] [com.fruitreworks.FruitReworks/]: Modifying Hie Hie no Mi (Ice Ice Fruit) - Replacing with Ice Meter system
[27Aug2026 22:17:23.456] [Server thread/INFO] [com.fruitreworks.FruitReworks/]: Successfully replaced Hie Hie no Mi abilities with Ice Meter system!
[27Aug2026 22:17:23.456] [Server thread/DEBUG] [com.fruitreworks.FruitReworks/]: Removed conflicting ability from namespace: cartaddon -> Enjomo
[27Aug2026 22:17:23.456] [Server thread/DEBUG] [com.fruitreworks.FruitReworks/]: Removed conflicting ability from namespace: cartaddon -> Rook Check
[27Aug2026 22:17:23.457] [Server thread/DEBUG] [com.fruitreworks.FruitReworks/]: Removed conflicting ability from namespace: cartaddon -> Kagero
[27Aug2026 22:17:23.457] [Server thread/DEBUG] [com.fruitreworks.FruitReworks/]: Removed conflicting ability from namespace: cartaddon -> Hiken
[27Aug2026 22:17:23.457] [Server thread/DEBUG] [com.fruitreworks.FruitReworks/]: Removed conflicting ability from namespace: cartaddon -> Hibashira
[27Aug2026 22:17:23.457] [Server thread/DEBUG] [com.fruitreworks.FruitReworks/]: Removed conflicting ability from namespace: cartaddon -> Kyokaen
[27Aug2026 22:17:23.457] [Server thread/DEBUG] [com.fruitreworks.FruitReworks/]: Removed conflicting ability from namespace: cartaddon -> Dai Enkai: Entei
[27Aug2026 22:17:23.457] [Server thread/DEBUG] [com.fruitreworks.FruitReworks/]: Removed conflicting ability from namespace: cartaddon -> Higan
[27Aug2026 22:17:23.457] [Server thread/DEBUG] [com.fruitreworks.FruitReworks/]: Removed conflicting ability from namespace: cartaddon -> Jujika
[27Aug2026 22:17:23.457] [Server thread/DEBUG] [com.fruitreworks.FruitReworks/]: Removed conflicting ability from namespace: cartaddon -> Heat Dash
[27Aug2026 22:17:23.457] [Server thread/DEBUG] [com.fruitreworks.FruitReworks/]: Removed conflicting ability from namespace: cartaddon -> Logia Invulnerability Mera
[27Aug2026 22:17:23.457] [Server thread/DEBUG] [com.fruitreworks.FruitReworks/]: Removed conflicting ability from namespace: cartaddon -> Mera Special Fly
[27Aug2026 22:17:23.457] [Server thread/INFO] [com.fruitreworks.FruitReworks/]: Modifying Mera Mera no Mi (Flame-Flame Fruit) - Adding Flame Meter system
[27Aug2026 22:17:23.462] [Server thread/INFO] [com.fruitreworks.FruitReworks/]: Successfully replaced Mera Mera no Mi abilities with Flame Meter system!
[27Aug2026 22:17:23.475] [Server thread/WARN] [ModernFix/]: Dedicated server took 20.83 seconds to load
[27Aug2026 22:17:23.484] [Server thread/DEBUG] [mixin/]: Mixing WorldEntitySpawnerMixin from mine-mine-no-mi.mixins.json into net.minecraft.world.spawner.WorldEntitySpawner
[27Aug2026 22:17:23.517] [Server thread/DEBUG] [mixin/]: Mixing BluntCheckMixin from cartaddon.mixins.json into xyz.pixelatedw.mineminenomi.api.helpers.ItemsHelper
[27Aug2026 22:17:23.518] [Server thread/DEBUG] [mixin/]: Mixing SwordCheckMixin from cartaddon.mixins.json into xyz.pixelatedw.mineminenomi.api.helpers.ItemsHelper
[27Aug2026 22:17:31.338] [Server thread/DEBUG] [mixin/]: Mixing ServerPlayNetHandlerMixin from mine-mine-no-mi.mixins.json into net.minecraft.network.play.ServerPlayNetHandler
[27Aug2026 22:17:31.340] [Server thread/DEBUG] [mixin/]: Mixing bugfix.forge_vehicle_packets.ServerGamePacketListenerImplMixin from modernfix-forge.mixins.json into net.minecraft.network.play.ServerPlayNetHandler
[27Aug2026 22:17:31.341] [Server thread/DEBUG] [mixin/]: Mixing MixinServerPlayNetHandler from lootr.mixins.json into net.minecraft.network.play.ServerPlayNetHandler
[27Aug2026 22:17:31.364] [Netty Epoll Server IO #1/DEBUG] [net.minecraftforge.coremod.transformer.CoreModBaseTransformer/COREMOD]: Transforming net/minecraft/network/play/client/CClientSettingsPacket
[27Aug2026 22:17:31.482] [Netty Epoll Server IO #1/DEBUG] [mixin/]: Mixing core.NetworkHooksMixin from modernfix-forge.mixins.json into net.minecraftforge.fml.network.NetworkHooks
[27Aug2026 22:17:32.412] [Netty Epoll Server IO #2/DEBUG] [net.minecraftforge.fml.network.FMLHandshakeHandler/FMLHANDSHAKE]: Starting new modded network connection. Found 33 messages to dispatch.
[27Aug2026 22:17:32.434] [Server thread/DEBUG] [net.minecraftforge.fml.network.FMLHandshakeHandler/FMLHANDSHAKE]: Sending ticking packet info 'net.minecraftforge.fml.network.FMLHandshakeMessages$S2CModList' to 'fml:handshake' sequence 0
[27Aug2026 22:17:32.482] [Server thread/DEBUG] [net.minecraftforge.fml.network.FMLHandshakeHandler/FMLHANDSHAKE]: Sending ticking packet info 'Registry minecraft:villager_profession' to 'fml:handshake' sequence 1
[27Aug2026 22:17:32.534] [Server thread/DEBUG] [net.minecraftforge.fml.network.FMLHandshakeHandler/FMLHANDSHAKE]: Sending ticking packet info 'Registry minecraft:item' to 'fml:handshake' sequence 2
[27Aug2026 22:17:32.550] [Netty Epoll Server IO #2/DEBUG] [net.minecraftforge.fml.network.FMLLoginWrapper/FMLHANDSHAKE]: Recieved login wrapper packet event for channel fml:handshake with index 0
[27Aug2026 22:17:32.553] [Netty Epoll Server IO #2/DEBUG] [net.minecraftforge.fml.network.FMLHandshakeHandler/FMLHANDSHAKE]: Received client indexed reply 0 of type net.minecraftforge.fml.network.FMLHandshakeMessages$C2SModListReply
[27Aug2026 22:17:32.553] [Netty Epoll Server IO #2/DEBUG] [net.minecraftforge.fml.network.FMLHandshakeHandler/FMLHANDSHAKE]: Received client connection with modlist [minecraft, ftbessentials, mineminenomi, jade, waila, bountyhunters, xaerolib, leopard_rework, curios, awakenawakennomi, xaerominimap, oculus, xaeroworldmap, controlling, modernfix, jei, citadel, yokai, quickteleports, mineminenomiawakenpath, minemineextraslots, fightingstyles, sophisticatedbackpacks, cartaddon, zitoenpiece, coroutil, lazydfu, mvs, architectury, ftblibrary, lootr, ferritecore, fruitreworks, blitzraces, watut, forge, appleskin, hito_hito_no_mi_nika, embeddium, rubidium, skinrestoreforge, allfruitallboxes, hakibar, devilhordes]
[27Aug2026 22:17:32.554] [Netty Epoll Server IO #2/DEBUG] [net.minecraftforge.fml.network.NetworkRegistry/NETREGISTRY]: Channel 'mineminenomi:main_channel' : Version test of '1' from client : ACCEPTED
[27Aug2026 22:17:32.554] [Netty Epoll Server IO #2/DEBUG] [net.minecraftforge.fml.network.NetworkRegistry/NETREGISTRY]: Channel 'watut:main' : Version test of '4' from client : ACCEPTED
[27Aug2026 22:17:32.554] [Netty Epoll Server IO #2/DEBUG] [net.minecraftforge.fml.network.NetworkRegistry/NETREGISTRY]: Channel 'zitoenpiece:transmission_sound' : Version test of '1' from client : ACCEPTED
[27Aug2026 22:17:32.554] [Netty Epoll Server IO #2/DEBUG] [net.minecraftforge.fml.network.NetworkRegistry/NETREGISTRY]: Channel 'zitoenpiece:summoning' : Version test of '1' from client : ACCEPTED
[27Aug2026 22:17:32.554] [Netty Epoll Server IO #2/DEBUG] [net.minecraftforge.fml.network.NetworkRegistry/NETREGISTRY]: Channel 'architectury:network' : Version test of '1' from client : ACCEPTED
[27Aug2026 22:17:32.554] [Netty Epoll Server IO #2/DEBUG] [net.minecraftforge.fml.network.NetworkRegistry/NETREGISTRY]: Channel 'jei:channel' : Version test of '1.0.0' from client : ACCEPTED
[27Aug2026 22:17:32.554] [Netty Epoll Server IO #2/DEBUG] [net.minecraftforge.fml.network.NetworkRegistry/NETREGISTRY]: Channel 'minecraft:unregister' : Version test of 'FML2' from client : ACCEPTED
[27Aug2026 22:17:32.554] [Netty Epoll Server IO #2/DEBUG] [net.minecraftforge.fml.network.NetworkRegistry/NETREGISTRY]: Channel 'sophisticatedbackpacks:channel' : Version test of '1' from client : ACCEPTED
[27Aug2026 22:17:32.554] [Netty Epoll Server IO #2/DEBUG] [net.minecraftforge.fml.network.NetworkRegistry/NETREGISTRY]: Channel 'citadel:main_channel' : Version test of '1' from client : ACCEPTED
[27Aug2026 22:17:32.554] [Netty Epoll Server IO #2/DEBUG] [net.minecraftforge.fml.network.NetworkRegistry/NETREGISTRY]: Channel 'cartaddon:main' : Version test of '1' from client : ACCEPTED
[27Aug2026 22:17:32.554] [Netty Epoll Server IO #2/DEBUG] [net.minecraftforge.fml.network.NetworkRegistry/NETREGISTRY]: Channel 'forge:split_11' : Version test of '1.1' from client : ACCEPTED
[27Aug2026 22:17:32.554] [Netty Epoll Server IO #2/DEBUG] [net.minecraftforge.fml.network.NetworkRegistry/NETREGISTRY]: Channel 'modernfix:main' : Version test of '1' from client : ACCEPTED
[27Aug2026 22:17:32.554] [Netty Epoll Server IO #2/DEBUG] [net.minecraftforge.fml.network.NetworkRegistry/NETREGISTRY]: Channel 'curios:main' : Version test of '1' from client : ACCEPTED
[27Aug2026 22:17:32.554] [Netty Epoll Server IO #2/DEBUG] [net.minecraftforge.fml.network.NetworkRegistry/NETREGISTRY]: Channel 'fruitreworks:main' : Version test of '1' from client : ACCEPTED
[27Aug2026 22:17:32.554] [Netty Epoll Server IO #2/DEBUG] [net.minecraftforge.fml.network.NetworkRegistry/NETREGISTRY]: Channel 'zitoenpiece:voice_of_all_things' : Version test of '1' from client : ACCEPTED
[27Aug2026 22:17:32.554] [Netty Epoll Server IO #2/DEBUG] [net.minecraftforge.fml.network.NetworkRegistry/NETREGISTRY]: Channel 'appleskin:sync' : Version test of '1' from client : ACCEPTED
[27Aug2026 22:17:32.554] [Netty Epoll Server IO #2/DEBUG] [net.minecraftforge.fml.network.NetworkRegistry/NETREGISTRY]: Channel 'fml:loginwrapper' : Version test of 'FML2' from client : ACCEPTED
[27Aug2026 22:17:32.554] [Netty Epoll Server IO #2/DEBUG] [net.minecraftforge.fml.network.NetworkRegistry/NETREGISTRY]: Channel 'playerrevive:main' : Version test of 'ABSENT 🤔' from client : REJECTED
[27Aug2026 22:17:32.555] [Netty Epoll Server IO #2/DEBUG] [net.minecraftforge.fml.network.NetworkRegistry/NETREGISTRY]: Channel 'zitoenpiece:main' : Version test of '1' from client : ACCEPTED
[27Aug2026 22:17:32.555] [Netty Epoll Server IO #2/DEBUG] [net.minecraftforge.fml.network.NetworkRegistry/NETREGISTRY]: Channel 'fml:play' : Version test of 'FML2' from client : ACCEPTED
[27Aug2026 22:17:32.555] [Netty Epoll Server IO #2/DEBUG] [net.minecraftforge.fml.network.NetworkRegistry/NETREGISTRY]: Channel 'creativecore:main' : Version test of 'ABSENT 🤔' from client : REJECTED
[27Aug2026 22:17:32.555] [Netty Epoll Server IO #2/DEBUG] [net.minecraftforge.fml.network.NetworkRegistry/NETREGISTRY]: Channel 'fightingstyles:main' : Version test of '1' from client : ACCEPTED
[27Aug2026 22:17:32.555] [Netty Epoll Server IO #2/DEBUG] [net.minecraftforge.fml.network.NetworkRegistry/NETREGISTRY]: Channel 'fml:handshake' : Version test of 'FML2' from client : ACCEPTED
[27Aug2026 22:17:32.555] [Netty Epoll Server IO #2/DEBUG] [net.minecraftforge.fml.network.NetworkRegistry/NETREGISTRY]: Channel 'lootr:main_network_channel' : Version test of '2' from client : ACCEPTED
[27Aug2026 22:17:32.555] [Netty Epoll Server IO #2/DEBUG] [net.minecraftforge.fml.network.NetworkRegistry/NETREGISTRY]: Channel 'awakenawakennomi:main' : Version test of '1' from client : ACCEPTED
[27Aug2026 22:17:32.555] [Netty Epoll Server IO #2/DEBUG] [net.minecraftforge.fml.network.NetworkRegistry/NETREGISTRY]: Channel 'waila:networking' : Version test of '1.0.0' from client : ACCEPTED
[27Aug2026 22:17:32.555] [Netty Epoll Server IO #2/DEBUG] [net.minecraftforge.fml.network.NetworkRegistry/NETREGISTRY]: Channel 'minecraft:register' : Version test of 'FML2' from client : ACCEPTED
[27Aug2026 22:17:32.555] [Netty Epoll Server IO #2/DEBUG] [net.minecraftforge.fml.network.NetworkRegistry/NETREGISTRY]: Channel 'minemineextraslots:main' : Version test of '1' from client : ACCEPTED
[27Aug2026 22:17:32.555] [Netty Epoll Server IO #2/DEBUG] [net.minecraftforge.fml.network.NetworkRegistry/NETREGISTRY]: Channel 'forge:split' : Version test of '1.0' from client : ACCEPTED
[27Aug2026 22:17:32.556] [Netty Epoll Server IO #2/ERROR] [net.minecraftforge.fml.network.NetworkRegistry/NETREGISTRY]: Channels [playerrevive:main,creativecore:main] rejected their client side version number
[27Aug2026 22:17:32.557] [Netty Epoll Server IO #2/ERROR] [net.minecraftforge.fml.network.FMLHandshakeHandler/FMLHANDSHAKE]: Terminating connection with client, mismatched mod list
[27Aug2026 22:17:32.594] [Server thread/INFO] [net.minecraft.network.login.ServerLoginNetHandler/]: com.mojang.authlib.GameProfile@3aee1fc7[id=<null>,name=karma10K,properties={},legacy=false] (/100.67.81.59:59479) lost connection: Connection closed - mismatched mod channel list
[27Aug2026 22:17:33.083] [Server thread/DEBUG] [mixin/]: Mixing hakichanges.HakiHelperMixin from zitoenpiece.mixins.json into xyz.pixelatedw.mineminenomi.api.helpers.HakiHelper
[27Aug2026 22:17:33.083] [Server thread/DEBUG] [mixin/]: Mixing hakimastery.HakiHelperImbuingMixin from zitoenpiece.mixins.json into xyz.pixelatedw.mineminenomi.api.helpers.HakiHelper
[27Aug2026 22:17:35.700] [Netty Epoll Server IO #4/DEBUG] [net.minecraftforge.fml.network.FMLHandshakeHandler/FMLHANDSHAKE]: Starting new modded network connection. Found 33 messages to dispatch.
[27Aug2026 22:17:35.736] [Server thread/DEBUG] [net.minecraftforge.fml.network.FMLHandshakeHandler/FMLHANDSHAKE]: Sending ticking packet info 'net.minecraftforge.fml.network.FMLHandshakeMessages$S2CModList' to 'fml:handshake' sequence 0
[27Aug2026 22:17:35.782] [Server thread/DEBUG] [net.minecraftforge.fml.network.FMLHandshakeHandler/FMLHANDSHAKE]: Sending ticking packet info 'Registry minecraft:villager_profession' to 'fml:handshake' sequence 1
[27Aug2026 22:17:35.833] [Server thread/DEBUG] [net.minecraftforge.fml.network.FMLHandshakeHandler/FMLHANDSHAKE]: Sending ticking packet info 'Registry minecraft:item' to 'fml:handshake' sequence 2
[27Aug2026 22:17:35.835] [Netty Epoll Server IO #4/DEBUG] [net.minecraftforge.fml.network.FMLLoginWrapper/FMLHANDSHAKE]: Recieved login wrapper packet event for channel fml:handshake with index 0
[27Aug2026 22:17:35.837] [Netty Epoll Server IO #4/DEBUG] [net.minecraftforge.fml.network.FMLHandshakeHandler/FMLHANDSHAKE]: Received client indexed reply 0 of type net.minecraftforge.fml.network.FMLHandshakeMessages$C2SModListReply
[27Aug2026 22:17:35.837] [Netty Epoll Server IO #4/DEBUG] [net.minecraftforge.fml.network.FMLHandshakeHandler/FMLHANDSHAKE]: Received client connection with modlist [minecraft, ftbessentials, mineminenomi, jade, waila, bountyhunters, xaerolib, leopard_rework, curios, awakenawakennomi, xaerominimap, oculus, xaeroworldmap, controlling, modernfix, jei, citadel, yokai, quickteleports, mineminenomiawakenpath, minemineextraslots, fightingstyles, sophisticatedbackpacks, cartaddon, zitoenpiece, coroutil, lazydfu, mvs, architectury, ftblibrary, lootr, ferritecore, fruitreworks, blitzraces, watut, forge, appleskin, hito_hito_no_mi_nika, embeddium, rubidium, skinrestoreforge, allfruitallboxes, hakibar, devilhordes]
[27Aug2026 22:17:35.837] [Netty Epoll Server IO #4/DEBUG] [net.minecraftforge.fml.network.NetworkRegistry/NETREGISTRY]: Channel 'mineminenomi:main_channel' : Version test of '1' from client : ACCEPTED
[27Aug2026 22:17:35.837] [Netty Epoll Server IO #4/DEBUG] [net.minecraftforge.fml.network.NetworkRegistry/NETREGISTRY]: Channel 'watut:main' : Version test of '4' from client : ACCEPTED
[27Aug2026 22:17:35.837] [Netty Epoll Server IO #4/DEBUG] [net.minecraftforge.fml.network.NetworkRegistry/NETREGISTRY]: Channel 'zitoenpiece:transmission_sound' : Version test of '1' from client : ACCEPTED
[27Aug2026 22:17:35.837] [Netty Epoll Server IO #4/DEBUG] [net.minecraftforge.fml.network.NetworkRegistry/NETREGISTRY]: Channel 'zitoenpiece:summoning' : Version test of '1' from client : ACCEPTED
[27Aug2026 22:17:35.837] [Netty Epoll Server IO #4/DEBUG] [net.minecraftforge.fml.network.NetworkRegistry/NETREGISTRY]: Channel 'architectury:network' : Version test of '1' from client : ACCEPTED
[27Aug2026 22:17:35.837] [Netty Epoll Server IO #4/DEBUG] [net.minecraftforge.fml.network.NetworkRegistry/NETREGISTRY]: Channel 'jei:channel' : Version test of '1.0.0' from client : ACCEPTED
[27Aug2026 22:17:35.837] [Netty Epoll Server IO #4/DEBUG] [net.minecraftforge.fml.network.NetworkRegistry/NETREGISTRY]: Channel 'minecraft:unregister' : Version test of 'FML2' from client : ACCEPTED
[27Aug2026 22:17:35.837] [Netty Epoll Server IO #4/DEBUG] [net.minecraftforge.fml.network.NetworkRegistry/NETREGISTRY]: Channel 'sophisticatedbackpacks:channel' : Version test of '1' from client : ACCEPTED
[27Aug2026 22:17:35.837] [Netty Epoll Server IO #4/DEBUG] [net.minecraftforge.fml.network.NetworkRegistry/NETREGISTRY]: Channel 'citadel:main_channel' : Version test of '1' from client : ACCEPTED
[27Aug2026 22:17:35.837] [Netty Epoll Server IO #4/DEBUG] [net.minecraftforge.fml.network.NetworkRegistry/NETREGISTRY]: Channel 'cartaddon:main' : Version test of '1' from client : ACCEPTED
[27Aug2026 22:17:35.837] [Netty Epoll Server IO #4/DEBUG] [net.minecraftforge.fml.network.NetworkRegistry/NETREGISTRY]: Channel 'forge:split_11' : Version test of '1.1' from client : ACCEPTED
[27Aug2026 22:17:35.837] [Netty Epoll Server IO #4/DEBUG] [net.minecraftforge.fml.network.NetworkRegistry/NETREGISTRY]: Channel 'modernfix:main' : Version test of '1' from client : ACCEPTED
[27Aug2026 22:17:35.837] [Netty Epoll Server IO #4/DEBUG] [net.minecraftforge.fml.network.NetworkRegistry/NETREGISTRY]: Channel 'curios:main' : Version test of '1' from client : ACCEPTED
[27Aug2026 22:17:35.837] [Netty Epoll Server IO #4/DEBUG] [net.minecraftforge.fml.network.NetworkRegistry/NETREGISTRY]: Channel 'fruitreworks:main' : Version test of '1' from client : ACCEPTED
[27Aug2026 22:17:35.837] [Netty Epoll Server IO #4/DEBUG] [net.minecraftforge.fml.network.NetworkRegistry/NETREGISTRY]: Channel 'zitoenpiece:voice_of_all_things' : Version test of '1' from client : ACCEPTED
[27Aug2026 22:17:35.837] [Netty Epoll Server IO #4/DEBUG] [net.minecraftforge.fml.network.NetworkRegistry/NETREGISTRY]: Channel 'appleskin:sync' : Version test of '1' from client : ACCEPTED
[27Aug2026 22:17:35.837] [Netty Epoll Server IO #4/DEBUG] [net.minecraftforge.fml.network.NetworkRegistry/NETREGISTRY]: Channel 'fml:loginwrapper' : Version test of 'FML2' from client : ACCEPTED
[27Aug2026 22:17:35.838] [Netty Epoll Server IO #4/DEBUG] [net.minecraftforge.fml.network.NetworkRegistry/NETREGISTRY]: Channel 'playerrevive:main' : Version test of 'ABSENT 🤔' from client : REJECTED
[27Aug2026 22:17:35.838] [Netty Epoll Server IO #4/DEBUG] [net.minecraftforge.fml.network.NetworkRegistry/NETREGISTRY]: Channel 'zitoenpiece:main' : Version test of '1' from client : ACCEPTED
[27Aug2026 22:17:35.838] [Netty Epoll Server IO #4/DEBUG] [net.minecraftforge.fml.network.NetworkRegistry/NETREGISTRY]: Channel 'fml:play' : Version test of 'FML2' from client : ACCEPTED
[27Aug2026 22:17:35.838] [Netty Epoll Server IO #4/DEBUG] [net.minecraftforge.fml.network.NetworkRegistry/NETREGISTRY]: Channel 'creativecore:main' : Version test of 'ABSENT 🤔' from client : REJECTED
[27Aug2026 22:17:35.838] [Netty Epoll Server IO #4/DEBUG] [net.minecraftforge.fml.network.NetworkRegistry/NETREGISTRY]: Channel 'fightingstyles:main' : Version test of '1' from client : ACCEPTED
[27Aug2026 22:17:35.838] [Netty Epoll Server IO #4/DEBUG] [net.minecraftforge.fml.network.NetworkRegistry/NETREGISTRY]: Channel 'fml:handshake' : Version test of 'FML2' from client : ACCEPTED
[27Aug2026 22:17:35.838] [Netty Epoll Server IO #4/DEBUG] [net.minecraftforge.fml.network.NetworkRegistry/NETREGISTRY]: Channel 'lootr:main_network_channel' : Version test of '2' from client : ACCEPTED
[27Aug2026 22:17:35.838] [Netty Epoll Server IO #4/DEBUG] [net.minecraftforge.fml.network.NetworkRegistry/NETREGISTRY]: Channel 'awakenawakennomi:main' : Version test of '1' from client : ACCEPTED
[27Aug2026 22:17:35.838] [Netty Epoll Server IO #4/DEBUG] [net.minecraftforge.fml.network.NetworkRegistry/NETREGISTRY]: Channel 'waila:networking' : Version test of '1.0.0' from client : ACCEPTED
[27Aug2026 22:17:35.838] [Netty Epoll Server IO #4/DEBUG] [net.minecraftforge.fml.network.NetworkRegistry/NETREGISTRY]: Channel 'minecraft:register' : Version test of 'FML2' from client : ACCEPTED
[27Aug2026 22:17:35.838] [Netty Epoll Server IO #4/DEBUG] [net.minecraftforge.fml.network.NetworkRegistry/NETREGISTRY]: Channel 'minemineextraslots:main' : Version test of '1' from client : ACCEPTED
[27Aug2026 22:17:35.838] [Netty Epoll Server IO #4/DEBUG] [net.minecraftforge.fml.network.NetworkRegistry/NETREGISTRY]: Channel 'forge:split' : Version test of '1.0' from client : ACCEPTED
[27Aug2026 22:17:35.838] [Netty Epoll Server IO #4/ERROR] [net.minecraftforge.fml.network.NetworkRegistry/NETREGISTRY]: Channels [playerrevive:main,creativecore:main] rejected their client side version number
[27Aug2026 22:17:35.839] [Netty Epoll Server IO #4/ERROR] [net.minecraftforge.fml.network.FMLHandshakeHandler/FMLHANDSHAKE]: Terminating connection with client, mismatched mod list
[27Aug2026 22:17:35.882] [Server thread/INFO] [net.minecraft.network.login.ServerLoginNetHandler/]: com.mojang.authlib.GameProfile@2e794a80[id=<null>,name=karma10K,properties={},legacy=false] (/100.67.81.59:61638) lost connection: Connection closed - mismatched mod channel list
[27Aug2026 22:17:37.902] [Netty Epoll Server IO #5/DEBUG] [net.minecraftforge.fml.network.FMLHandshakeHandler/FMLHANDSHAKE]: Starting new modded network connection. Found 33 messages to dispatch.
[27Aug2026 22:17:37.939] [Server thread/DEBUG] [net.minecraftforge.fml.network.FMLHandshakeHandler/FMLHANDSHAKE]: Sending ticking packet info 'net.minecraftforge.fml.network.FMLHandshakeMessages$S2CModList' to 'fml:handshake' sequence 0
[27Aug2026 22:17:37.984] [Server thread/DEBUG] [net.minecraftforge.fml.network.FMLHandshakeHandler/FMLHANDSHAKE]: Sending ticking packet info 'Registry minecraft:villager_profession' to 'fml:handshake' sequence 1
[27Aug2026 22:17:38.034] [Server thread/DEBUG] [net.minecraftforge.fml.network.FMLHandshakeHandler/FMLHANDSHAKE]: Sending ticking packet info 'Registry minecraft:item' to 'fml:handshake' sequence 2
[27Aug2026 22:17:38.034] [Netty Epoll Server IO #5/DEBUG] [net.minecraftforge.fml.network.FMLLoginWrapper/FMLHANDSHAKE]: Recieved login wrapper packet event for channel fml:handshake with index 0
[27Aug2026 22:17:38.035] [Netty Epoll Server IO #5/DEBUG] [net.minecraftforge.fml.network.FMLHandshakeHandler/FMLHANDSHAKE]: Received client indexed reply 0 of type net.minecraftforge.fml.network.FMLHandshakeMessages$C2SModListReply
[27Aug2026 22:17:38.035] [Netty Epoll Server IO #5/DEBUG] [net.minecraftforge.fml.network.FMLHandshakeHandler/FMLHANDSHAKE]: Received client connection with modlist [minecraft, ftbessentials, mineminenomi, jade, waila, bountyhunters, xaerolib, leopard_rework, curios, awakenawakennomi, xaerominimap, oculus, xaeroworldmap, controlling, modernfix, jei, citadel, yokai, quickteleports, mineminenomiawakenpath, minemineextraslots, fightingstyles, sophisticatedbackpacks, cartaddon, zitoenpiece, coroutil, lazydfu, mvs, architectury, ftblibrary, lootr, ferritecore, fruitreworks, blitzraces, watut, forge, appleskin, hito_hito_no_mi_nika, embeddium, rubidium, skinrestoreforge, allfruitallboxes, hakibar, devilhordes]
[27Aug2026 22:17:38.035] [Netty Epoll Server IO #5/DEBUG] [net.minecraftforge.fml.network.NetworkRegistry/NETREGISTRY]: Channel 'mineminenomi:main_channel' : Version test of '1' from client : ACCEPTED
[27Aug2026 22:17:38.035] [Netty Epoll Server IO #5/DEBUG] [net.minecraftforge.fml.network.NetworkRegistry/NETREGISTRY]: Channel 'watut:main' : Version test of '4' from client : ACCEPTED
[27Aug2026 22:17:38.035] [Netty Epoll Server IO #5/DEBUG] [net.minecraftforge.fml.network.NetworkRegistry/NETREGISTRY]: Channel 'zitoenpiece:transmission_sound' : Version test of '1' from client : ACCEPTED
[27Aug2026 22:17:38.035] [Netty Epoll Server IO #5/DEBUG] [net.minecraftforge.fml.network.NetworkRegistry/NETREGISTRY]: Channel 'zitoenpiece:summoning' : Version test of '1' from client : ACCEPTED
[27Aug2026 22:17:38.035] [Netty Epoll Server IO #5/DEBUG] [net.minecraftforge.fml.network.NetworkRegistry/NETREGISTRY]: Channel 'architectury:network' : Version test of '1' from client : ACCEPTED
[27Aug2026 22:17:38.035] [Netty Epoll Server IO #5/DEBUG] [net.minecraftforge.fml.network.NetworkRegistry/NETREGISTRY]: Channel 'jei:channel' : Version test of '1.0.0' from client : ACCEPTED
[27Aug2026 22:17:38.035] [Netty Epoll Server IO #5/DEBUG] [net.minecraftforge.fml.network.NetworkRegistry/NETREGISTRY]: Channel 'minecraft:unregister' : Version test of 'FML2' from client : ACCEPTED
[27Aug2026 22:17:38.035] [Netty Epoll Server IO #5/DEBUG] [net.minecraftforge.fml.network.NetworkRegistry/NETREGISTRY]: Channel 'sophisticatedbackpacks:channel' : Version test of '1' from client : ACCEPTED
[27Aug2026 22:17:38.035] [Netty Epoll Server IO #5/DEBUG] [net.minecraftforge.fml.network.NetworkRegistry/NETREGISTRY]: Channel 'citadel:main_channel' : Version test of '1' from client : ACCEPTED
[27Aug2026 22:17:38.035] [Netty Epoll Server IO #5/DEBUG] [net.minecraftforge.fml.network.NetworkRegistry/NETREGISTRY]: Channel 'cartaddon:main' : Version test of '1' from client : ACCEPTED
[27Aug2026 22:17:38.035] [Netty Epoll Server IO #5/DEBUG] [net.minecraftforge.fml.network.NetworkRegistry/NETREGISTRY]: Channel 'forge:split_11' : Version test of '1.1' from client : ACCEPTED
[27Aug2026 22:17:38.036] [Netty Epoll Server IO #5/DEBUG] [net.minecraftforge.fml.network.NetworkRegistry/NETREGISTRY]: Channel 'modernfix:main' : Version test of '1' from client : ACCEPTED
[27Aug2026 22:17:38.036] [Netty Epoll Server IO #5/DEBUG] [net.minecraftforge.fml.network.NetworkRegistry/NETREGISTRY]: Channel 'curios:main' : Version test of '1' from client : ACCEPTED
[27Aug2026 22:17:38.036] [Netty Epoll Server IO #5/DEBUG] [net.minecraftforge.fml.network.NetworkRegistry/NETREGISTRY]: Channel 'fruitreworks:main' : Version test of '1' from client : ACCEPTED
[27Aug2026 22:17:38.036] [Netty Epoll Server IO #5/DEBUG] [net.minecraftforge.fml.network.NetworkRegistry/NETREGISTRY]: Channel 'zitoenpiece:voice_of_all_things' : Version test of '1' from client : ACCEPTED
[27Aug2026 22:17:38.036] [Netty Epoll Server IO #5/DEBUG] [net.minecraftforge.fml.network.NetworkRegistry/NETREGISTRY]: Channel 'appleskin:sync' : Version test of '1' from client : ACCEPTED
[27Aug2026 22:17:38.036] [Netty Epoll Server IO #5/DEBUG] [net.minecraftforge.fml.network.NetworkRegistry/NETREGISTRY]: Channel 'fml:loginwrapper' : Version test of 'FML2' from client : ACCEPTED
[27Aug2026 22:17:38.036] [Netty Epoll Server IO #5/DEBUG] [net.minecraftforge.fml.network.NetworkRegistry/NETREGISTRY]: Channel 'playerrevive:main' : Version test of 'ABSENT 🤔' from client : REJECTED
[27Aug2026 22:17:38.036] [Netty Epoll Server IO #5/DEBUG] [net.minecraftforge.fml.network.NetworkRegistry/NETREGISTRY]: Channel 'zitoenpiece:main' : Version test of '1' from client : ACCEPTED
[27Aug2026 22:17:38.036] [Netty Epoll Server IO #5/DEBUG] [net.minecraftforge.fml.network.NetworkRegistry/NETREGISTRY]: Channel 'fml:play' : Version test of 'FML2' from client : ACCEPTED
[27Aug2026 22:17:38.036] [Netty Epoll Server IO #5/DEBUG] [net.minecraftforge.fml.network.NetworkRegistry/NETREGISTRY]: Channel 'creativecore:main' : Version test of 'ABSENT 🤔' from client : REJECTED
[27Aug2026 22:17:38.036] [Netty Epoll Server IO #5/DEBUG] [net.minecraftforge.fml.network.NetworkRegistry/NETREGISTRY]: Channel 'fightingstyles:main' : Version test of '1' from client : ACCEPTED
[27Aug2026 22:17:38.036] [Netty Epoll Server IO #5/DEBUG] [net.minecraftforge.fml.network.NetworkRegistry/NETREGISTRY]: Channel 'fml:handshake' : Version test of 'FML2' from client : ACCEPTED
[27Aug2026 22:17:38.036] [Netty Epoll Server IO #5/DEBUG] [net.minecraftforge.fml.network.NetworkRegistry/NETREGISTRY]: Channel 'lootr:main_network_channel' : Version test of '2' from client : ACCEPTED
[27Aug2026 22:17:38.036] [Netty Epoll Server IO #5/DEBUG] [net.minecraftforge.fml.network.NetworkRegistry/NETREGISTRY]: Channel 'awakenawakennomi:main' : Version test of '1' from client : ACCEPTED
[27Aug2026 22:17:38.036] [Netty Epoll Server IO #5/DEBUG] [net.minecraftforge.fml.network.NetworkRegistry/NETREGISTRY]: Channel 'waila:networking' : Version test of '1.0.0' from client : ACCEPTED
[27Aug2026 22:17:38.036] [Netty Epoll Server IO #5/DEBUG] [net.minecraftforge.fml.network.NetworkRegistry/NETREGISTRY]: Channel 'minecraft:register' : Version test of 'FML2' from client : ACCEPTED
[27Aug2026 22:17:38.036] [Netty Epoll Server IO #5/DEBUG] [net.minecraftforge.fml.network.NetworkRegistry/NETREGISTRY]: Channel 'minemineextraslots:main' : Version test of '1' from client : ACCEPTED
[27Aug2026 22:17:38.036] [Netty Epoll Server IO #5/DEBUG] [net.minecraftforge.fml.network.NetworkRegistry/NETREGISTRY]: Channel 'forge:split' : Version test of '1.0' from client : ACCEPTED
[27Aug2026 22:17:38.036] [Netty Epoll Server IO #5/ERROR] [net.minecraftforge.fml.network.NetworkRegistry/NETREGISTRY]: Channels [playerrevive:main,creativecore:main] rejected their client side version number
[27Aug2026 22:17:38.037] [Netty Epoll Server IO #5/ERROR] [net.minecraftforge.fml.network.FMLHandshakeHandler/FMLHANDSHAKE]: Terminating connection with client, mismatched mod list
[27Aug2026 22:17:38.087] [Server thread/INFO] [net.minecraft.network.login.ServerLoginNetHandler/]: com.mojang.authlib.GameProfile@39fed40d[id=<null>,name=karma10K,properties={},legacy=false] (/100.67.81.59:61640) lost connection: Connection closed - mismatched mod channel list
[27Aug2026 22:17:39.816] [Netty Epoll Server IO #6/DEBUG] [net.minecraftforge.fml.network.FMLHandshakeHandler/FMLHANDSHAKE]: Starting new modded network connection. Found 33 messages to dispatch.
[27Aug2026 22:17:39.828] [Server thread/DEBUG] [net.minecraftforge.fml.network.FMLHandshakeHandler/FMLHANDSHAKE]: Sending ticking packet info 'net.minecraftforge.fml.network.FMLHandshakeMessages$S2CModList' to 'fml:handshake' sequence 0
[27Aug2026 22:17:39.877] [Server thread/DEBUG] [net.minecraftforge.fml.network.FMLHandshakeHandler/FMLHANDSHAKE]: Sending ticking packet info 'Registry minecraft:villager_profession' to 'fml:handshake' sequence 1
[27Aug2026 22:17:39.927] [Netty Epoll Server IO #6/DEBUG] [net.minecraftforge.fml.network.FMLLoginWrapper/FMLHANDSHAKE]: Recieved login wrapper packet event for channel fml:handshake with index 0
[27Aug2026 22:17:39.928] [Server thread/DEBUG] [net.minecraftforge.fml.network.FMLHandshakeHandler/FMLHANDSHAKE]: Sending ticking packet info 'Registry minecraft:item' to 'fml:handshake' sequence 2
[27Aug2026 22:17:39.928] [Netty Epoll Server IO #6/DEBUG] [net.minecraftforge.fml.network.FMLHandshakeHandler/FMLHANDSHAKE]: Received client indexed reply 0 of type net.minecraftforge.fml.network.FMLHandshakeMessages$C2SModListReply
[27Aug2026 22:17:39.928] [Netty Epoll Server IO #6/DEBUG] [net.minecraftforge.fml.network.FMLHandshakeHandler/FMLHANDSHAKE]: Received client connection with modlist [minecraft, ftbessentials, mineminenomi, jade, waila, bountyhunters, xaerolib, leopard_rework, curios, awakenawakennomi, xaerominimap, oculus, xaeroworldmap, controlling, modernfix, jei, citadel, yokai, quickteleports, mineminenomiawakenpath, minemineextraslots, fightingstyles, sophisticatedbackpacks, cartaddon, zitoenpiece, coroutil, lazydfu, mvs, architectury, ftblibrary, lootr, ferritecore, fruitreworks, blitzraces, watut, forge, appleskin, hito_hito_no_mi_nika, embeddium, rubidium, skinrestoreforge, allfruitallboxes, hakibar, devilhordes]
[27Aug2026 22:17:39.928] [Netty Epoll Server IO #6/DEBUG] [net.minecraftforge.fml.network.NetworkRegistry/NETREGISTRY]: Channel 'mineminenomi:main_channel' : Version test of '1' from client : ACCEPTED
[27Aug2026 22:17:39.928] [Netty Epoll Server IO #6/DEBUG] [net.minecraftforge.fml.network.NetworkRegistry/NETREGISTRY]: Channel 'watut:main' : Version test of '4' from client : ACCEPTED
[27Aug2026 22:17:39.928] [Netty Epoll Server IO #6/DEBUG] [net.minecraftforge.fml.network.NetworkRegistry/NETREGISTRY]: Channel 'zitoenpiece:transmission_sound' : Version test of '1' from client : ACCEPTED
[27Aug2026 22:17:39.929] [Netty Epoll Server IO #6/DEBUG] [net.minecraftforge.fml.network.NetworkRegistry/NETREGISTRY]: Channel 'zitoenpiece:summoning' : Version test of '1' from client : ACCEPTED
[27Aug2026 22:17:39.929] [Netty Epoll Server IO #6/DEBUG] [net.minecraftforge.fml.network.NetworkRegistry/NETREGISTRY]: Channel 'architectury:network' : Version test of '1' from client : ACCEPTED
[27Aug2026 22:17:39.929] [Netty Epoll Server IO #6/DEBUG] [net.minecraftforge.fml.network.NetworkRegistry/NETREGISTRY]: Channel 'jei:channel' : Version test of '1.0.0' from client : ACCEPTED
[27Aug2026 22:17:39.929] [Netty Epoll Server IO #6/DEBUG] [net.minecraftforge.fml.network.NetworkRegistry/NETREGISTRY]: Channel 'minecraft:unregister' : Version test of 'FML2' from client : ACCEPTED
[27Aug2026 22:17:39.929] [Netty Epoll Server IO #6/DEBUG] [net.minecraftforge.fml.network.NetworkRegistry/NETREGISTRY]: Channel 'sophisticatedbackpacks:channel' : Version test of '1' from client : ACCEPTED
[27Aug2026 22:17:39.929] [Netty Epoll Server IO #6/DEBUG] [net.minecraftforge.fml.network.NetworkRegistry/NETREGISTRY]: Channel 'citadel:main_channel' : Version test of '1' from client : ACCEPTED
[27Aug2026 22:17:39.929] [Netty Epoll Server IO #6/DEBUG] [net.minecraftforge.fml.network.NetworkRegistry/NETREGISTRY]: Channel 'cartaddon:main' : Version test of '1' from client : ACCEPTED
[27Aug2026 22:17:39.929] [Netty Epoll Server IO #6/DEBUG] [net.minecraftforge.fml.network.NetworkRegistry/NETREGISTRY]: Channel 'forge:split_11' : Version test of '1.1' from client : ACCEPTED
[27Aug2026 22:17:39.929] [Netty Epoll Server IO #6/DEBUG] [net.minecraftforge.fml.network.NetworkRegistry/NETREGISTRY]: Channel 'modernfix:main' : Version test of '1' from client : ACCEPTED
[27Aug2026 22:17:39.929] [Netty Epoll Server IO #6/DEBUG] [net.minecraftforge.fml.network.NetworkRegistry/NETREGISTRY]: Channel 'curios:main' : Version test of '1' from client : ACCEPTED
[27Aug2026 22:17:39.929] [Netty Epoll Server IO #6/DEBUG] [net.minecraftforge.fml.network.NetworkRegistry/NETREGISTRY]: Channel 'fruitreworks:main' : Version test of '1' from client : ACCEPTED
[27Aug2026 22:17:39.929] [Netty Epoll Server IO #6/DEBUG] [net.minecraftforge.fml.network.NetworkRegistry/NETREGISTRY]: Channel 'zitoenpiece:voice_of_all_things' : Version test of '1' from client : ACCEPTED
[27Aug2026 22:17:39.929] [Netty Epoll Server IO #6/DEBUG] [net.minecraftforge.fml.network.NetworkRegistry/NETREGISTRY]: Channel 'appleskin:sync' : Version test of '1' from client : ACCEPTED
[27Aug2026 22:17:39.929] [Netty Epoll Server IO #6/DEBUG] [net.minecraftforge.fml.network.NetworkRegistry/NETREGISTRY]: Channel 'fml:loginwrapper' : Version test of 'FML2' from client : ACCEPTED
[27Aug2026 22:17:39.929] [Netty Epoll Server IO #6/DEBUG] [net.minecraftforge.fml.network.NetworkRegistry/NETREGISTRY]: Channel 'playerrevive:main' : Version test of 'ABSENT 🤔' from client : REJECTED
[27Aug2026 22:17:39.929] [Netty Epoll Server IO #6/DEBUG] [net.minecraftforge.fml.network.NetworkRegistry/NETREGISTRY]: Channel 'zitoenpiece:main' : Version test of '1' from client : ACCEPTED
[27Aug2026 22:17:39.929] [Netty Epoll Server IO #6/DEBUG] [net.minecraftforge.fml.network.NetworkRegistry/NETREGISTRY]: Channel 'fml:play' : Version test of 'FML2' from client : ACCEPTED
[27Aug2026 22:17:39.929] [Netty Epoll Server IO #6/DEBUG] [net.minecraftforge.fml.network.NetworkRegistry/NETREGISTRY]: Channel 'creativecore:main' : Version test of 'ABSENT 🤔' from client : REJECTED
[27Aug2026 22:17:39.929] [Netty Epoll Server IO #6/DEBUG] [net.minecraftforge.fml.network.NetworkRegistry/NETREGISTRY]: Channel 'fightingstyles:main' : Version test of '1' from client : ACCEPTED
[27Aug2026 22:17:39.929] [Netty Epoll Server IO #6/DEBUG] [net.minecraftforge.fml.network.NetworkRegistry/NETREGISTRY]: Channel 'fml:handshake' : Version test of 'FML2' from client : ACCEPTED
[27Aug2026 22:17:39.929] [Netty Epoll Server IO #6/DEBUG] [net.minecraftforge.fml.network.NetworkRegistry/NETREGISTRY]: Channel 'lootr:main_network_channel' : Version test of '2' from client : ACCEPTED
[27Aug2026 22:17:39.929] [Netty Epoll Server IO #6/DEBUG] [net.minecraftforge.fml.network.NetworkRegistry/NETREGISTRY]: Channel 'awakenawakennomi:main' : Version test of '1' from client : ACCEPTED
[27Aug2026 22:17:39.929] [Netty Epoll Server IO #6/DEBUG] [net.minecraftforge.fml.network.NetworkRegistry/NETREGISTRY]: Channel 'waila:networking' : Version test of '1.0.0' from client : ACCEPTED
[27Aug2026 22:17:39.929] [Netty Epoll Server IO #6/DEBUG] [net.minecraftforge.fml.network.NetworkRegistry/NETREGISTRY]: Channel 'minecraft:register' : Version test of 'FML2' from client : ACCEPTED
[27Aug2026 22:17:39.929] [Netty Epoll Server IO #6/DEBUG] [net.minecraftforge.fml.network.NetworkRegistry/NETREGISTRY]: Channel 'minemineextraslots:main' : Version test of '1' from client : ACCEPTED
[27Aug2026 22:17:39.929] [Netty Epoll Server IO #6/DEBUG] [net.minecraftforge.fml.network.NetworkRegistry/NETREGISTRY]: Channel 'forge:split' : Version test of '1.0' from client : ACCEPTED
[27Aug2026 22:17:39.929] [Netty Epoll Server IO #6/ERROR] [net.minecraftforge.fml.network.NetworkRegistry/NETREGISTRY]: Channels [playerrevive:main,creativecore:main] rejected their client side version number
[27Aug2026 22:17:39.930] [Netty Epoll Server IO #6/ERROR] [net.minecraftforge.fml.network.FMLHandshakeHandler/FMLHANDSHAKE]: Terminating connection with client, mismatched mod list
[27Aug2026 22:17:39.979] [Server thread/INFO] [net.minecraft.network.login.ServerLoginNetHandler/]: com.mojang.authlib.GameProfile@29fb5439[id=<null>,name=karma10K,properties={},legacy=false] (/100.67.81.59:61641) lost connection: Connection closed - mismatched mod channel list
[27Aug2026 22:19:03.731] [Netty Epoll Server IO #0/DEBUG] [net.minecraftforge.fml.network.FMLHandshakeHandler/FMLHANDSHAKE]: Starting new modded network connection. Found 33 messages to dispatch.
[27Aug2026 22:19:03.777] [Server thread/DEBUG] [net.minecraftforge.fml.network.FMLHandshakeHandler/FMLHANDSHAKE]: Sending ticking packet info 'net.minecraftforge.fml.network.FMLHandshakeMessages$S2CModList' to 'fml:handshake' sequence 0
[27Aug2026 22:19:03.828] [Server thread/DEBUG] [net.minecraftforge.fml.network.FMLHandshakeHandler/FMLHANDSHAKE]: Sending ticking packet info 'Registry minecraft:villager_profession' to 'fml:handshake' sequence 1
[27Aug2026 22:19:03.877] [Server thread/DEBUG] [net.minecraftforge.fml.network.FMLHandshakeHandler/FMLHANDSHAKE]: Sending ticking packet info 'Registry minecraft:item' to 'fml:handshake' sequence 2
[27Aug2026 22:19:03.894] [Netty Epoll Server IO #0/DEBUG] [net.minecraftforge.fml.network.FMLLoginWrapper/FMLHANDSHAKE]: Recieved login wrapper packet event for channel fml:handshake with index 0
[27Aug2026 22:19:03.895] [Netty Epoll Server IO #0/DEBUG] [net.minecraftforge.fml.network.FMLHandshakeHandler/FMLHANDSHAKE]: Received client indexed reply 0 of type net.minecraftforge.fml.network.FMLHandshakeMessages$C2SModListReply
[27Aug2026 22:19:03.895] [Netty Epoll Server IO #0/DEBUG] [net.minecraftforge.fml.network.FMLHandshakeHandler/FMLHANDSHAKE]: Received client connection with modlist [minecraft, ftbessentials, mineminenomi, jade, waila, creativecore, bountyhunters, xaerolib, leopard_rework, curios, awakenawakennomi, xaerominimap, oculus, xaeroworldmap, controlling, modernfix, jei, citadel, yokai, quickteleports, mineminenomiawakenpath, minemineextraslots, fightingstyles, sophisticatedbackpacks, cartaddon, zitoenpiece, coroutil, lazydfu, mvs, architectury, ftblibrary, lootr, ferritecore, fruitreworks, blitzraces, watut, forge, appleskin, hito_hito_no_mi_nika, playerrevive, embeddium, rubidium, skinrestoreforge, allfruitallboxes, hakibar, devilhordes]
[27Aug2026 22:19:03.895] [Netty Epoll Server IO #0/DEBUG] [net.minecraftforge.fml.network.NetworkRegistry/NETREGISTRY]: Channel 'mineminenomi:main_channel' : Version test of '1' from client : ACCEPTED
[27Aug2026 22:19:03.895] [Netty Epoll Server IO #0/DEBUG] [net.minecraftforge.fml.network.NetworkRegistry/NETREGISTRY]: Channel 'watut:main' : Version test of '4' from client : ACCEPTED
[27Aug2026 22:19:03.895] [Netty Epoll Server IO #0/DEBUG] [net.minecraftforge.fml.network.NetworkRegistry/NETREGISTRY]: Channel 'zitoenpiece:transmission_sound' : Version test of '1' from client : ACCEPTED
[27Aug2026 22:19:03.895] [Netty Epoll Server IO #0/DEBUG] [net.minecraftforge.fml.network.NetworkRegistry/NETREGISTRY]: Channel 'zitoenpiece:summoning' : Version test of '1' from client : ACCEPTED
[27Aug2026 22:19:03.895] [Netty Epoll Server IO #0/DEBUG] [net.minecraftforge.fml.network.NetworkRegistry/NETREGISTRY]: Channel 'architectury:network' : Version test of '1' from client : ACCEPTED
[27Aug2026 22:19:03.895] [Netty Epoll Server IO #0/DEBUG] [net.minecraftforge.fml.network.NetworkRegistry/NETREGISTRY]: Channel 'jei:channel' : Version test of '1.0.0' from client : ACCEPTED
[27Aug2026 22:19:03.895] [Netty Epoll Server IO #0/DEBUG] [net.minecraftforge.fml.network.NetworkRegistry/NETREGISTRY]: Channel 'minecraft:unregister' : Version test of 'FML2' from client : ACCEPTED
[27Aug2026 22:19:03.895] [Netty Epoll Server IO #0/DEBUG] [net.minecraftforge.fml.network.NetworkRegistry/NETREGISTRY]: Channel 'sophisticatedbackpacks:channel' : Version test of '1' from client : ACCEPTED
[27Aug2026 22:19:03.895] [Netty Epoll Server IO #0/DEBUG] [net.minecraftforge.fml.network.NetworkRegistry/NETREGISTRY]: Channel 'citadel:main_channel' : Version test of '1' from client : ACCEPTED
[27Aug2026 22:19:03.895] [Netty Epoll Server IO #0/DEBUG] [net.minecraftforge.fml.network.NetworkRegistry/NETREGISTRY]: Channel 'cartaddon:main' : Version test of '1' from client : ACCEPTED
[27Aug2026 22:19:03.895] [Netty Epoll Server IO #0/DEBUG] [net.minecraftforge.fml.network.NetworkRegistry/NETREGISTRY]: Channel 'forge:split_11' : Version test of '1.1' from client : ACCEPTED
[27Aug2026 22:19:03.895] [Netty Epoll Server IO #0/DEBUG] [net.minecraftforge.fml.network.NetworkRegistry/NETREGISTRY]: Channel 'modernfix:main' : Version test of '1' from client : ACCEPTED
[27Aug2026 22:19:03.895] [Netty Epoll Server IO #0/DEBUG] [net.minecraftforge.fml.network.NetworkRegistry/NETREGISTRY]: Channel 'curios:main' : Version test of '1' from client : ACCEPTED
[27Aug2026 22:19:03.895] [Netty Epoll Server IO #0/DEBUG] [net.minecraftforge.fml.network.NetworkRegistry/NETREGISTRY]: Channel 'fruitreworks:main' : Version test of '1' from client : ACCEPTED
[27Aug2026 22:19:03.896] [Netty Epoll Server IO #0/DEBUG] [net.minecraftforge.fml.network.NetworkRegistry/NETREGISTRY]: Channel 'zitoenpiece:voice_of_all_things' : Version test of '1' from client : ACCEPTED
[27Aug2026 22:19:03.896] [Netty Epoll Server IO #0/DEBUG] [net.minecraftforge.fml.network.NetworkRegistry/NETREGISTRY]: Channel 'appleskin:sync' : Version test of '1' from client : ACCEPTED
[27Aug2026 22:19:03.896] [Netty Epoll Server IO #0/DEBUG] [net.minecraftforge.fml.network.NetworkRegistry/NETREGISTRY]: Channel 'fml:loginwrapper' : Version test of 'FML2' from client : ACCEPTED
[27Aug2026 22:19:03.896] [Netty Epoll Server IO #0/DEBUG] [net.minecraftforge.fml.network.NetworkRegistry/NETREGISTRY]: Channel 'playerrevive:main' : Version test of '1.0' from client : ACCEPTED
[27Aug2026 22:19:03.896] [Netty Epoll Server IO #0/DEBUG] [net.minecraftforge.fml.network.NetworkRegistry/NETREGISTRY]: Channel 'zitoenpiece:main' : Version test of '1' from client : ACCEPTED
[27Aug2026 22:19:03.896] [Netty Epoll Server IO #0/DEBUG] [net.minecraftforge.fml.network.NetworkRegistry/NETREGISTRY]: Channel 'fml:play' : Version test of 'FML2' from client : ACCEPTED
[27Aug2026 22:19:03.896] [Netty Epoll Server IO #0/DEBUG] [net.minecraftforge.fml.network.NetworkRegistry/NETREGISTRY]: Channel 'creativecore:main' : Version test of '1.0' from client : ACCEPTED
[27Aug2026 22:19:03.896] [Netty Epoll Server IO #0/DEBUG] [net.minecraftforge.fml.network.NetworkRegistry/NETREGISTRY]: Channel 'fightingstyles:main' : Version test of '1' from client : ACCEPTED
[27Aug2026 22:19:03.896] [Netty Epoll Server IO #0/DEBUG] [net.minecraftforge.fml.network.NetworkRegistry/NETREGISTRY]: Channel 'fml:handshake' : Version test of 'FML2' from client : ACCEPTED
[27Aug2026 22:19:03.896] [Netty Epoll Server IO #0/DEBUG] [net.minecraftforge.fml.network.NetworkRegistry/NETREGISTRY]: Channel 'lootr:main_network_channel' : Version test of '2' from client : ACCEPTED
[27Aug2026 22:19:03.896] [Netty Epoll Server IO #0/DEBUG] [net.minecraftforge.fml.network.NetworkRegistry/NETREGISTRY]: Channel 'awakenawakennomi:main' : Version test of '1' from client : ACCEPTED
[27Aug2026 22:19:03.896] [Netty Epoll Server IO #0/DEBUG] [net.minecraftforge.fml.network.NetworkRegistry/NETREGISTRY]: Channel 'waila:networking' : Version test of '1.0.0' from client : ACCEPTED
[27Aug2026 22:19:03.896] [Netty Epoll Server IO #0/DEBUG] [net.minecraftforge.fml.network.NetworkRegistry/NETREGISTRY]: Channel 'minecraft:register' : Version test of 'FML2' from client : ACCEPTED
[27Aug2026 22:19:03.896] [Netty Epoll Server IO #0/DEBUG] [net.minecraftforge.fml.network.NetworkRegistry/NETREGISTRY]: Channel 'minemineextraslots:main' : Version test of '1' from client : ACCEPTED
[27Aug2026 22:19:03.896] [Netty Epoll Server IO #0/DEBUG] [net.minecraftforge.fml.network.NetworkRegistry/NETREGISTRY]: Channel 'forge:split' : Version test of '1.0' from client : ACCEPTED
[27Aug2026 22:19:03.896] [Netty Epoll Server IO #0/DEBUG] [net.minecraftforge.fml.network.NetworkRegistry/NETREGISTRY]: Accepting channel list from client
[27Aug2026 22:19:03.896] [Netty Epoll Server IO #0/DEBUG] [net.minecraftforge.fml.network.FMLHandshakeHandler/FMLHANDSHAKE]: Accepted client connection mod list
[27Aug2026 22:19:03.928] [Server thread/DEBUG] [net.minecraftforge.fml.network.FMLHandshakeHandler/FMLHANDSHAKE]: Sending ticking packet info 'Registry minecraft:potion' to 'fml:handshake' sequence 3
[27Aug2026 22:19:03.933] [Netty Epoll Server IO #0/DEBUG] [net.minecraftforge.fml.network.FMLLoginWrapper/FMLHANDSHAKE]: Recieved login wrapper packet event for channel fml:handshake with index 1
[27Aug2026 22:19:03.933] [Netty Epoll Server IO #0/DEBUG] [net.minecraftforge.fml.network.FMLHandshakeHandler/FMLHANDSHAKE]: Received client indexed reply 1 of type net.minecraftforge.fml.network.FMLHandshakeMessages$C2SAcknowledge
[27Aug2026 22:19:03.933] [Netty Epoll Server IO #0/DEBUG] [net.minecraftforge.fml.network.FMLHandshakeHandler/FMLHANDSHAKE]: Received acknowledgement from client
[27Aug2026 22:19:03.977] [Server thread/DEBUG] [net.minecraftforge.fml.network.FMLHandshakeHandler/FMLHANDSHAKE]: Sending ticking packet info 'Registry minecraft:block_entity_type' to 'fml:handshake' sequence 4
[27Aug2026 22:19:04.027] [Server thread/DEBUG] [net.minecraftforge.fml.network.FMLHandshakeHandler/FMLHANDSHAKE]: Sending ticking packet info 'Registry mineminenomi:particle_effect' to 'fml:handshake' sequence 5
[27Aug2026 22:19:04.078] [Server thread/DEBUG] [net.minecraftforge.fml.network.FMLHandshakeHandler/FMLHANDSHAKE]: Sending ticking packet info 'Registry mineminenomi:race' to 'fml:handshake' sequence 6
[27Aug2026 22:19:04.127] [Server thread/DEBUG] [net.minecraftforge.fml.network.FMLHandshakeHandler/FMLHANDSHAKE]: Sending ticking packet info 'Registry mineminenomi:quests' to 'fml:handshake' sequence 7
[27Aug2026 22:19:04.177] [Server thread/DEBUG] [net.minecraftforge.fml.network.FMLHandshakeHandler/FMLHANDSHAKE]: Sending ticking packet info 'Registry minecraft:stat_type' to 'fml:handshake' sequence 8
[27Aug2026 22:19:04.199] [Netty Epoll Server IO #0/DEBUG] [net.minecraftforge.fml.network.FMLLoginWrapper/FMLHANDSHAKE]: Recieved login wrapper packet event for channel fml:handshake with index 2
[27Aug2026 22:19:04.199] [Netty Epoll Server IO #0/DEBUG] [net.minecraftforge.fml.network.FMLHandshakeHandler/FMLHANDSHAKE]: Received client indexed reply 2 of type net.minecraftforge.fml.network.FMLHandshakeMessages$C2SAcknowledge
[27Aug2026 22:19:04.199] [Netty Epoll Server IO #0/DEBUG] [net.minecraftforge.fml.network.FMLHandshakeHandler/FMLHANDSHAKE]: Received acknowledgement from client
[27Aug2026 22:19:04.199] [Netty Epoll Server IO #0/DEBUG] [net.minecraftforge.fml.network.FMLLoginWrapper/FMLHANDSHAKE]: Recieved login wrapper packet event for channel fml:handshake with index 3
[27Aug2026 22:19:04.199] [Netty Epoll Server IO #0/DEBUG] [net.minecraftforge.fml.network.FMLHandshakeHandler/FMLHANDSHAKE]: Received client indexed reply 3 of type net.minecraftforge.fml.network.FMLHandshakeMessages$C2SAcknowledge
[27Aug2026 22:19:04.199] [Netty Epoll Server IO #0/DEBUG] [net.minecraftforge.fml.network.FMLHandshakeHandler/FMLHANDSHAKE]: Received acknowledgement from client
[27Aug2026 22:19:04.200] [Netty Epoll Server IO #0/DEBUG] [net.minecraftforge.fml.network.FMLLoginWrapper/FMLHANDSHAKE]: Recieved login wrapper packet event for channel fml:handshake with index 4
[27Aug2026 22:19:04.200] [Netty Epoll Server IO #0/DEBUG] [net.minecraftforge.fml.network.FMLHandshakeHandler/FMLHANDSHAKE]: Received client indexed reply 4 of type net.minecraftforge.fml.network.FMLHandshakeMessages$C2SAcknowledge
[27Aug2026 22:19:04.200] [Netty Epoll Server IO #0/DEBUG] [net.minecraftforge.fml.network.FMLHandshakeHandler/FMLHANDSHAKE]: Received acknowledgement from client
[27Aug2026 22:19:04.201] [Netty Epoll Server IO #0/DEBUG] [net.minecraftforge.fml.network.FMLLoginWrapper/FMLHANDSHAKE]: Recieved login wrapper packet event for channel fml:handshake with index 5
[27Aug2026 22:19:04.201] [Netty Epoll Server IO #0/DEBUG] [net.minecraftforge.fml.network.FMLHandshakeHandler/FMLHANDSHAKE]: Received client indexed reply 5 of type net.minecraftforge.fml.network.FMLHandshakeMessages$C2SAcknowledge
[27Aug2026 22:19:04.201] [Netty Epoll Server IO #0/DEBUG] [net.minecraftforge.fml.network.FMLHandshakeHandler/FMLHANDSHAKE]: Received acknowledgement from client
[27Aug2026 22:19:04.201] [Netty Epoll Server IO #0/DEBUG] [net.minecraftforge.fml.network.FMLLoginWrapper/FMLHANDSHAKE]: Recieved login wrapper packet event for channel fml:handshake with index 6
[27Aug2026 22:19:04.201] [Netty Epoll Server IO #0/DEBUG] [net.minecraftforge.fml.network.FMLHandshakeHandler/FMLHANDSHAKE]: Received client indexed reply 6 of type net.minecraftforge.fml.network.FMLHandshakeMessages$C2SAcknowledge
[27Aug2026 22:19:04.201] [Netty Epoll Server IO #0/DEBUG] [net.minecraftforge.fml.network.FMLHandshakeHandler/FMLHANDSHAKE]: Received acknowledgement from client
[27Aug2026 22:19:04.228] [Server thread/DEBUG] [net.minecraftforge.fml.network.FMLHandshakeHandler/FMLHANDSHAKE]: Sending ticking packet info 'Registry minecraft:menu' to 'fml:handshake' sequence 9
[27Aug2026 22:19:04.229] [Netty Epoll Server IO #0/DEBUG] [net.minecraftforge.fml.network.FMLLoginWrapper/FMLHANDSHAKE]: Recieved login wrapper packet event for channel fml:handshake with index 7
[27Aug2026 22:19:04.230] [Netty Epoll Server IO #0/DEBUG] [net.minecraftforge.fml.network.FMLHandshakeHandler/FMLHANDSHAKE]: Received client indexed reply 7 of type net.minecraftforge.fml.network.FMLHandshakeMessages$C2SAcknowledge
[27Aug2026 22:19:04.230] [Netty Epoll Server IO #0/DEBUG] [net.minecraftforge.fml.network.FMLHandshakeHandler/FMLHANDSHAKE]: Received acknowledgement from client
[27Aug2026 22:19:04.278] [Netty Epoll Server IO #0/DEBUG] [net.minecraftforge.fml.network.FMLLoginWrapper/FMLHANDSHAKE]: Recieved login wrapper packet event for channel fml:handshake with index 8
[27Aug2026 22:19:04.278] [Netty Epoll Server IO #0/DEBUG] [net.minecraftforge.fml.network.FMLHandshakeHandler/FMLHANDSHAKE]: Received client indexed reply 8 of type net.minecraftforge.fml.network.FMLHandshakeMessages$C2SAcknowledge
[27Aug2026 22:19:04.278] [Netty Epoll Server IO #0/DEBUG] [net.minecraftforge.fml.network.FMLHandshakeHandler/FMLHANDSHAKE]: Received acknowledgement from client
[27Aug2026 22:19:04.279] [Server thread/DEBUG] [net.minecraftforge.fml.network.FMLHandshakeHandler/FMLHANDSHAKE]: Sending ticking packet info 'Registry minecraft:motive' to 'fml:handshake' sequence 10
[27Aug2026 22:19:04.327] [Server thread/DEBUG] [net.minecraftforge.fml.network.FMLHandshakeHandler/FMLHANDSHAKE]: Sending ticking packet info 'Registry minecraft:fluid' to 'fml:handshake' sequence 11
[27Aug2026 22:19:04.331] [Netty Epoll Server IO #0/DEBUG] [net.minecraftforge.fml.network.FMLLoginWrapper/FMLHANDSHAKE]: Recieved login wrapper packet event for channel fml:handshake with index 9
[27Aug2026 22:19:04.331] [Netty Epoll Server IO #0/DEBUG] [net.minecraftforge.fml.network.FMLHandshakeHandler/FMLHANDSHAKE]: Received client indexed reply 9 of type net.minecraftforge.fml.network.FMLHandshakeMessages$C2SAcknowledge
[27Aug2026 22:19:04.331] [Netty Epoll Server IO #0/DEBUG] [net.minecraftforge.fml.network.FMLHandshakeHandler/FMLHANDSHAKE]: Received acknowledgement from client
[27Aug2026 22:19:04.378] [Server thread/DEBUG] [net.minecraftforge.fml.network.FMLHandshakeHandler/FMLHANDSHAKE]: Sending ticking packet info 'Registry zitoenpiece:professions' to 'fml:handshake' sequence 12
[27Aug2026 22:19:04.379] [Netty Epoll Server IO #0/DEBUG] [net.minecraftforge.fml.network.FMLLoginWrapper/FMLHANDSHAKE]: Recieved login wrapper packet event for channel fml:handshake with index 10
[27Aug2026 22:19:04.379] [Netty Epoll Server IO #0/DEBUG] [net.minecraftforge.fml.network.FMLHandshakeHandler/FMLHANDSHAKE]: Received client indexed reply 10 of type net.minecraftforge.fml.network.FMLHandshakeMessages$C2SAcknowledge
[27Aug2026 22:19:04.380] [Netty Epoll Server IO #0/DEBUG] [net.minecraftforge.fml.network.FMLHandshakeHandler/FMLHANDSHAKE]: Received acknowledgement from client
[27Aug2026 22:19:04.427] [Server thread/DEBUG] [net.minecraftforge.fml.network.FMLHandshakeHandler/FMLHANDSHAKE]: Sending ticking packet info 'Registry mineminenomi:abilities' to 'fml:handshake' sequence 13
[27Aug2026 22:19:04.428] [Netty Epoll Server IO #0/DEBUG] [net.minecraftforge.fml.network.FMLLoginWrapper/FMLHANDSHAKE]: Recieved login wrapper packet event for channel fml:handshake with index 11
[27Aug2026 22:19:04.428] [Netty Epoll Server IO #0/DEBUG] [net.minecraftforge.fml.network.FMLHandshakeHandler/FMLHANDSHAKE]: Received client indexed reply 11 of type net.minecraftforge.fml.network.FMLHandshakeMessages$C2SAcknowledge
[27Aug2026 22:19:04.428] [Netty Epoll Server IO #0/DEBUG] [net.minecraftforge.fml.network.FMLHandshakeHandler/FMLHANDSHAKE]: Received acknowledgement from client
[27Aug2026 22:19:04.478] [Server thread/DEBUG] [net.minecraftforge.fml.network.FMLHandshakeHandler/FMLHANDSHAKE]: Sending ticking packet info 'Registry minecraft:recipe_serializer' to 'fml:handshake' sequence 14
[27Aug2026 22:19:04.482] [Netty Epoll Server IO #0/DEBUG] [net.minecraftforge.fml.network.FMLLoginWrapper/FMLHANDSHAKE]: Recieved login wrapper packet event for channel fml:handshake with index 12
[27Aug2026 22:19:04.482] [Netty Epoll Server IO #0/DEBUG] [net.minecraftforge.fml.network.FMLHandshakeHandler/FMLHANDSHAKE]: Received client indexed reply 12 of type net.minecraftforge.fml.network.FMLHandshakeMessages$C2SAcknowledge
[27Aug2026 22:19:04.483] [Netty Epoll Server IO #0/DEBUG] [net.minecraftforge.fml.network.FMLHandshakeHandler/FMLHANDSHAKE]: Received acknowledgement from client
[27Aug2026 22:19:04.529] [Server thread/DEBUG] [net.minecraftforge.fml.network.FMLHandshakeHandler/FMLHANDSHAKE]: Sending ticking packet info 'Registry minecraft:sound_event' to 'fml:handshake' sequence 15
[27Aug2026 22:19:04.536] [Netty Epoll Server IO #0/DEBUG] [net.minecraftforge.fml.network.FMLLoginWrapper/FMLHANDSHAKE]: Recieved login wrapper packet event for channel fml:handshake with index 13
[27Aug2026 22:19:04.536] [Netty Epoll Server IO #0/DEBUG] [net.minecraftforge.fml.network.FMLHandshakeHandler/FMLHANDSHAKE]: Received client indexed reply 13 of type net.minecraftforge.fml.network.FMLHandshakeMessages$C2SAcknowledge
[27Aug2026 22:19:04.536] [Netty Epoll Server IO #0/DEBUG] [net.minecraftforge.fml.network.FMLHandshakeHandler/FMLHANDSHAKE]: Received acknowledgement from client
[27Aug2026 22:19:04.578] [Server thread/DEBUG] [net.minecraftforge.fml.network.FMLHandshakeHandler/FMLHANDSHAKE]: Sending ticking packet info 'Registry minecraft:particle_type' to 'fml:handshake' sequence 16
[27Aug2026 22:19:04.579] [Netty Epoll Server IO #0/DEBUG] [net.minecraftforge.fml.network.FMLLoginWrapper/FMLHANDSHAKE]: Recieved login wrapper packet event for channel fml:handshake with index 14
[27Aug2026 22:19:04.580] [Netty Epoll Server IO #0/DEBUG] [net.minecraftforge.fml.network.FMLHandshakeHandler/FMLHANDSHAKE]: Received client indexed reply 14 of type net.minecraftforge.fml.network.FMLHandshakeMessages$C2SAcknowledge
[27Aug2026 22:19:04.580] [Netty Epoll Server IO #0/DEBUG] [net.minecraftforge.fml.network.FMLHandshakeHandler/FMLHANDSHAKE]: Received acknowledgement from client
[27Aug2026 22:19:04.627] [Server thread/DEBUG] [net.minecraftforge.fml.network.FMLHandshakeHandler/FMLHANDSHAKE]: Sending ticking packet info 'Registry mineminenomi:jolly_roger_elements' to 'fml:handshake' sequence 17
[27Aug2026 22:19:04.638] [Netty Epoll Server IO #0/DEBUG] [net.minecraftforge.fml.network.FMLLoginWrapper/FMLHANDSHAKE]: Recieved login wrapper packet event for channel fml:handshake with index 15
[27Aug2026 22:19:04.638] [Netty Epoll Server IO #0/DEBUG] [net.minecraftforge.fml.network.FMLHandshakeHandler/FMLHANDSHAKE]: Received client indexed reply 15 of type net.minecraftforge.fml.network.FMLHandshakeMessages$C2SAcknowledge
[27Aug2026 22:19:04.638] [Netty Epoll Server IO #0/DEBUG] [net.minecraftforge.fml.network.FMLHandshakeHandler/FMLHANDSHAKE]: Received acknowledgement from client
[27Aug2026 22:19:04.677] [Server thread/DEBUG] [net.minecraftforge.fml.network.FMLHandshakeHandler/FMLHANDSHAKE]: Sending ticking packet info 'Registry mineminenomi:interactions' to 'fml:handshake' sequence 18
[27Aug2026 22:19:04.680] [Netty Epoll Server IO #0/DEBUG] [net.minecraftforge.fml.network.FMLLoginWrapper/FMLHANDSHAKE]: Recieved login wrapper packet event for channel fml:handshake with index 16
[27Aug2026 22:19:04.680] [Netty Epoll Server IO #0/DEBUG] [net.minecraftforge.fml.network.FMLHandshakeHandler/FMLHANDSHAKE]: Received client indexed reply 16 of type net.minecraftforge.fml.network.FMLHandshakeMessages$C2SAcknowledge
[27Aug2026 22:19:04.680] [Netty Epoll Server IO #0/DEBUG] [net.minecraftforge.fml.network.FMLHandshakeHandler/FMLHANDSHAKE]: Received acknowledgement from client
[27Aug2026 22:19:04.728] [Server thread/DEBUG] [net.minecraftforge.fml.network.FMLHandshakeHandler/FMLHANDSHAKE]: Sending ticking packet info 'Registry minecraft:block' to 'fml:handshake' sequence 19
[27Aug2026 22:19:04.729] [Netty Epoll Server IO #0/DEBUG] [net.minecraftforge.fml.network.FMLLoginWrapper/FMLHANDSHAKE]: Recieved login wrapper packet event for channel fml:handshake with index 17
[27Aug2026 22:19:04.730] [Netty Epoll Server IO #0/DEBUG] [net.minecraftforge.fml.network.FMLHandshakeHandler/FMLHANDSHAKE]: Received client indexed reply 17 of type net.minecraftforge.fml.network.FMLHandshakeMessages$C2SAcknowledge
[27Aug2026 22:19:04.730] [Netty Epoll Server IO #0/DEBUG] [net.minecraftforge.fml.network.FMLHandshakeHandler/FMLHANDSHAKE]: Received acknowledgement from client
[27Aug2026 22:19:04.777] [Server thread/DEBUG] [net.minecraftforge.fml.network.FMLHandshakeHandler/FMLHANDSHAKE]: Sending ticking packet info 'Registry minecraft:data_serializers' to 'fml:handshake' sequence 20
[27Aug2026 22:19:04.778] [Netty Epoll Server IO #0/DEBUG] [net.minecraftforge.fml.network.FMLLoginWrapper/FMLHANDSHAKE]: Recieved login wrapper packet event for channel fml:handshake with index 18
[27Aug2026 22:19:04.779] [Netty Epoll Server IO #0/DEBUG] [net.minecraftforge.fml.network.FMLHandshakeHandler/FMLHANDSHAKE]: Received client indexed reply 18 of type net.minecraftforge.fml.network.FMLHandshakeMessages$C2SAcknowledge
[27Aug2026 22:19:04.779] [Netty Epoll Server IO #0/DEBUG] [net.minecraftforge.fml.network.FMLHandshakeHandler/FMLHANDSHAKE]: Received acknowledgement from client
[27Aug2026 22:19:04.827] [Server thread/DEBUG] [net.minecraftforge.fml.network.FMLHandshakeHandler/FMLHANDSHAKE]: Sending ticking packet info 'Registry mineminenomi:challenges' to 'fml:handshake' sequence 21
[27Aug2026 22:19:04.831] [Netty Epoll Server IO #0/DEBUG] [net.minecraftforge.fml.network.FMLLoginWrapper/FMLHANDSHAKE]: Recieved login wrapper packet event for channel fml:handshake with index 19
[27Aug2026 22:19:04.832] [Netty Epoll Server IO #0/DEBUG] [net.minecraftforge.fml.network.FMLHandshakeHandler/FMLHANDSHAKE]: Received client indexed reply 19 of type net.minecraftforge.fml.network.FMLHandshakeMessages$C2SAcknowledge
[27Aug2026 22:19:04.832] [Netty Epoll Server IO #0/DEBUG] [net.minecraftforge.fml.network.FMLHandshakeHandler/FMLHANDSHAKE]: Received acknowledgement from client
[27Aug2026 22:19:04.878] [Server thread/DEBUG] [net.minecraftforge.fml.network.FMLHandshakeHandler/FMLHANDSHAKE]: Sending ticking packet info 'Registry mineminenomi:faction' to 'fml:handshake' sequence 22
[27Aug2026 22:19:04.879] [Netty Epoll Server IO #0/DEBUG] [net.minecraftforge.fml.network.FMLLoginWrapper/FMLHANDSHAKE]: Recieved login wrapper packet event for channel fml:handshake with index 20
[27Aug2026 22:19:04.879] [Netty Epoll Server IO #0/DEBUG] [net.minecraftforge.fml.network.FMLHandshakeHandler/FMLHANDSHAKE]: Received client indexed reply 20 of type net.minecraftforge.fml.network.FMLHandshakeMessages$C2SAcknowledge
[27Aug2026 22:19:04.879] [Netty Epoll Server IO #0/DEBUG] [net.minecraftforge.fml.network.FMLHandshakeHandler/FMLHANDSHAKE]: Received acknowledgement from client
[27Aug2026 22:19:04.927] [Server thread/DEBUG] [net.minecraftforge.fml.network.FMLHandshakeHandler/FMLHANDSHAKE]: Sending ticking packet info 'Registry minecraft:mob_effect' to 'fml:handshake' sequence 23
[27Aug2026 22:19:04.929] [Netty Epoll Server IO #0/DEBUG] [net.minecraftforge.fml.network.FMLLoginWrapper/FMLHANDSHAKE]: Recieved login wrapper packet event for channel fml:handshake with index 21
[27Aug2026 22:19:04.929] [Netty Epoll Server IO #0/DEBUG] [net.minecraftforge.fml.network.FMLHandshakeHandler/FMLHANDSHAKE]: Received client indexed reply 21 of type net.minecraftforge.fml.network.FMLHandshakeMessages$C2SAcknowledge
[27Aug2026 22:19:04.929] [Netty Epoll Server IO #0/DEBUG] [net.minecraftforge.fml.network.FMLHandshakeHandler/FMLHANDSHAKE]: Received acknowledgement from client
[27Aug2026 22:19:04.978] [Server thread/DEBUG] [net.minecraftforge.fml.network.FMLHandshakeHandler/FMLHANDSHAKE]: Sending ticking packet info 'Registry mineminenomi:morphs' to 'fml:handshake' sequence 24
[27Aug2026 22:19:04.981] [Netty Epoll Server IO #0/DEBUG] [net.minecraftforge.fml.network.FMLLoginWrapper/FMLHANDSHAKE]: Recieved login wrapper packet event for channel fml:handshake with index 22
[27Aug2026 22:19:04.981] [Netty Epoll Server IO #0/DEBUG] [net.minecraftforge.fml.network.FMLHandshakeHandler/FMLHANDSHAKE]: Received client indexed reply 22 of type net.minecraftforge.fml.network.FMLHandshakeMessages$C2SAcknowledge
[27Aug2026 22:19:04.981] [Netty Epoll Server IO #0/DEBUG] [net.minecraftforge.fml.network.FMLHandshakeHandler/FMLHANDSHAKE]: Received acknowledgement from client
[27Aug2026 22:19:05.027] [Server thread/DEBUG] [net.minecraftforge.fml.network.FMLHandshakeHandler/FMLHANDSHAKE]: Sending ticking packet info 'Registry minecraft:enchantment' to 'fml:handshake' sequence 25
[27Aug2026 22:19:05.030] [Netty Epoll Server IO #0/DEBUG] [net.minecraftforge.fml.network.FMLLoginWrapper/FMLHANDSHAKE]: Recieved login wrapper packet event for channel fml:handshake with index 23
[27Aug2026 22:19:05.030] [Netty Epoll Server IO #0/DEBUG] [net.minecraftforge.fml.network.FMLHandshakeHandler/FMLHANDSHAKE]: Received client indexed reply 23 of type net.minecraftforge.fml.network.FMLHandshakeMessages$C2SAcknowledge
[27Aug2026 22:19:05.030] [Netty Epoll Server IO #0/DEBUG] [net.minecraftforge.fml.network.FMLHandshakeHandler/FMLHANDSHAKE]: Received acknowledgement from client
[27Aug2026 22:19:05.078] [Server thread/DEBUG] [net.minecraftforge.fml.network.FMLHandshakeHandler/FMLHANDSHAKE]: Sending ticking packet info 'Registry mineminenomi:style' to 'fml:handshake' sequence 26
[27Aug2026 22:19:05.080] [Netty Epoll Server IO #0/DEBUG] [net.minecraftforge.fml.network.FMLLoginWrapper/FMLHANDSHAKE]: Recieved login wrapper packet event for channel fml:handshake with index 24
[27Aug2026 22:19:05.081] [Netty Epoll Server IO #0/DEBUG] [net.minecraftforge.fml.network.FMLHandshakeHandler/FMLHANDSHAKE]: Received client indexed reply 24 of type net.minecraftforge.fml.network.FMLHandshakeMessages$C2SAcknowledge
[27Aug2026 22:19:05.081] [Netty Epoll Server IO #0/DEBUG] [net.minecraftforge.fml.network.FMLHandshakeHandler/FMLHANDSHAKE]: Received acknowledgement from client
[27Aug2026 22:19:05.128] [Server thread/DEBUG] [net.minecraftforge.fml.network.FMLHandshakeHandler/FMLHANDSHAKE]: Sending ticking packet info 'Registry minecraft:entity_type' to 'fml:handshake' sequence 27
[27Aug2026 22:19:05.128] [Netty Epoll Server IO #0/DEBUG] [net.minecraftforge.fml.network.FMLLoginWrapper/FMLHANDSHAKE]: Recieved login wrapper packet event for channel fml:handshake with index 25
[27Aug2026 22:19:05.128] [Netty Epoll Server IO #0/DEBUG] [net.minecraftforge.fml.network.FMLHandshakeHandler/FMLHANDSHAKE]: Received client indexed reply 25 of type net.minecraftforge.fml.network.FMLHandshakeMessages$C2SAcknowledge
[27Aug2026 22:19:05.128] [Netty Epoll Server IO #0/DEBUG] [net.minecraftforge.fml.network.FMLHandshakeHandler/FMLHANDSHAKE]: Received acknowledgement from client
[27Aug2026 22:19:05.179] [Server thread/DEBUG] [net.minecraftforge.fml.network.FMLHandshakeHandler/FMLHANDSHAKE]: Sending ticking packet info 'Config minemineextraslots-server.toml' to 'fml:handshake' sequence 28
[27Aug2026 22:19:05.180] [Netty Epoll Server IO #0/DEBUG] [net.minecraftforge.fml.network.FMLLoginWrapper/FMLHANDSHAKE]: Recieved login wrapper packet event for channel fml:handshake with index 26
[27Aug2026 22:19:05.181] [Netty Epoll Server IO #0/DEBUG] [net.minecraftforge.fml.network.FMLHandshakeHandler/FMLHANDSHAKE]: Received client indexed reply 26 of type net.minecraftforge.fml.network.FMLHandshakeMessages$C2SAcknowledge
[27Aug2026 22:19:05.181] [Netty Epoll Server IO #0/DEBUG] [net.minecraftforge.fml.network.FMLHandshakeHandler/FMLHANDSHAKE]: Received acknowledgement from client
[27Aug2026 22:19:05.228] [Server thread/DEBUG] [net.minecraftforge.fml.network.FMLHandshakeHandler/FMLHANDSHAKE]: Sending ticking packet info 'Config curios-server.toml' to 'fml:handshake' sequence 29
[27Aug2026 22:19:05.279] [Server thread/DEBUG] [net.minecraftforge.fml.network.FMLHandshakeHandler/FMLHANDSHAKE]: Sending ticking packet info 'Config quickteleports-server.toml' to 'fml:handshake' sequence 30
[27Aug2026 22:19:05.304] [Netty Epoll Server IO #0/DEBUG] [net.minecraftforge.fml.network.FMLLoginWrapper/FMLHANDSHAKE]: Recieved login wrapper packet event for channel fml:handshake with index 27
[27Aug2026 22:19:05.304] [Netty Epoll Server IO #0/DEBUG] [net.minecraftforge.fml.network.FMLHandshakeHandler/FMLHANDSHAKE]: Received client indexed reply 27 of type net.minecraftforge.fml.network.FMLHandshakeMessages$C2SAcknowledge
[27Aug2026 22:19:05.304] [Netty Epoll Server IO #0/DEBUG] [net.minecraftforge.fml.network.FMLHandshakeHandler/FMLHANDSHAKE]: Received acknowledgement from client
[27Aug2026 22:19:05.306] [Netty Epoll Server IO #0/DEBUG] [net.minecraftforge.fml.network.FMLLoginWrapper/FMLHANDSHAKE]: Recieved login wrapper packet event for channel fml:handshake with index 28
[27Aug2026 22:19:05.307] [Netty Epoll Server IO #0/DEBUG] [net.minecraftforge.fml.network.FMLHandshakeHandler/FMLHANDSHAKE]: Received client indexed reply 28 of type net.minecraftforge.fml.network.FMLHandshakeMessages$C2SAcknowledge
[27Aug2026 22:19:05.307] [Netty Epoll Server IO #0/DEBUG] [net.minecraftforge.fml.network.FMLHandshakeHandler/FMLHANDSHAKE]: Received acknowledgement from client
[27Aug2026 22:19:05.327] [Server thread/DEBUG] [net.minecraftforge.fml.network.FMLHandshakeHandler/FMLHANDSHAKE]: Sending ticking packet info 'Config forge-server.toml' to 'fml:handshake' sequence 31
[27Aug2026 22:19:05.328] [Netty Epoll Server IO #0/DEBUG] [net.minecraftforge.fml.network.FMLLoginWrapper/FMLHANDSHAKE]: Recieved login wrapper packet event for channel fml:handshake with index 29
[27Aug2026 22:19:05.328] [Netty Epoll Server IO #0/DEBUG] [net.minecraftforge.fml.network.FMLHandshakeHandler/FMLHANDSHAKE]: Received client indexed reply 29 of type net.minecraftforge.fml.network.FMLHandshakeMessages$C2SAcknowledge
[27Aug2026 22:19:05.328] [Netty Epoll Server IO #0/DEBUG] [net.minecraftforge.fml.network.FMLHandshakeHandler/FMLHANDSHAKE]: Received acknowledgement from client
[27Aug2026 22:19:05.378] [Server thread/DEBUG] [net.minecraftforge.fml.network.FMLHandshakeHandler/FMLHANDSHAKE]: Sending ticking packet info 'Config jei-server.toml' to 'fml:handshake' sequence 32
[27Aug2026 22:19:05.380] [Netty Epoll Server IO #0/DEBUG] [net.minecraftforge.fml.network.FMLLoginWrapper/FMLHANDSHAKE]: Recieved login wrapper packet event for channel fml:handshake with index 30
[27Aug2026 22:19:05.380] [Netty Epoll Server IO #0/DEBUG] [net.minecraftforge.fml.network.FMLHandshakeHandler/FMLHANDSHAKE]: Received client indexed reply 30 of type net.minecraftforge.fml.network.FMLHandshakeMessages$C2SAcknowledge
[27Aug2026 22:19:05.380] [Netty Epoll Server IO #0/DEBUG] [net.minecraftforge.fml.network.FMLHandshakeHandler/FMLHANDSHAKE]: Received acknowledgement from client
[27Aug2026 22:19:05.428] [Netty Epoll Server IO #0/DEBUG] [net.minecraftforge.fml.network.FMLLoginWrapper/FMLHANDSHAKE]: Recieved login wrapper packet event for channel fml:handshake with index 31
[27Aug2026 22:19:05.428] [Netty Epoll Server IO #0/DEBUG] [net.minecraftforge.fml.network.FMLHandshakeHandler/FMLHANDSHAKE]: Received client indexed reply 31 of type net.minecraftforge.fml.network.FMLHandshakeMessages$C2SAcknowledge
[27Aug2026 22:19:05.428] [Netty Epoll Server IO #0/DEBUG] [net.minecraftforge.fml.network.FMLHandshakeHandler/FMLHANDSHAKE]: Received acknowledgement from client
[27Aug2026 22:19:05.480] [Netty Epoll Server IO #0/DEBUG] [net.minecraftforge.fml.network.FMLLoginWrapper/FMLHANDSHAKE]: Recieved login wrapper packet event for channel fml:handshake with index 32
[27Aug2026 22:19:05.480] [Netty Epoll Server IO #0/DEBUG] [net.minecraftforge.fml.network.FMLHandshakeHandler/FMLHANDSHAKE]: Received client indexed reply 32 of type net.minecraftforge.fml.network.FMLHandshakeMessages$C2SAcknowledge
[27Aug2026 22:19:05.480] [Netty Epoll Server IO #0/DEBUG] [net.minecraftforge.fml.network.FMLHandshakeHandler/FMLHANDSHAKE]: Received acknowledgement from client
[27Aug2026 22:19:05.528] [Server thread/DEBUG] [net.minecraftforge.fml.network.FMLHandshakeHandler/FMLHANDSHAKE]: Handshake complete!
[27Aug2026 22:19:05.587] [Server thread/DEBUG] [zitoenpiece/]: [Honor] Attached capability to player
[27Aug2026 22:19:05.595] [Server thread/DEBUG] [mixin/]: Mixing FoodStatsMixin from mine-mine-no-mi.mixins.json into net.minecraft.util.FoodStats
[27Aug2026 22:19:05.596] [Server thread/DEBUG] [mixin/]: Mixing FoodStatsMixin from fruitrework.mixins.json into net.minecraft.util.FoodStats
[27Aug2026 22:19:05.602] [Server thread/DEBUG] [mixin/]: Mixing PlayerAbilitiesMixin from mine-mine-no-mi.mixins.json into net.minecraft.entity.player.PlayerAbilities
[27Aug2026 22:19:05.617] [Server thread/DEBUG] [mixin/]: Mixing perf.faster_advancements.PlayerAdvancementsMixin from modernfix-forge.mixins.json into net.minecraft.advancements.PlayerAdvancements
[27Aug2026 22:19:05.651] [Server thread/INFO] [net.minecraftforge.common.AdvancementLoadFix/]: Using new advancement loading for net.minecraft.advancements.PlayerAdvancements@54df48a0
[27Aug2026 22:19:05.697] [Server thread/INFO] [net.minecraft.server.management.PlayerList/]: Tmarsi219[/100.109.76.68:65371] logged in with entity id 135 at (-5969.51741425753, 72.1212968405392, -3504.610381475056)
[27Aug2026 22:19:05.710] [Server thread/DEBUG] [net.minecraftforge.network.NetworkFilters/]: Injected net.minecraftforge.network.ForgeConnectionNetworkFilter@508258ac into net.minecraft.network.NetworkManager@f82676b
[27Aug2026 22:19:05.721] [Server thread/DEBUG] [ModernFix/]: Sending ID correction packet to client with 78 classes
[27Aug2026 22:19:05.743] [Server thread/INFO] [net.minecraft.server.dedicated.DedicatedServer/]: Don Tmarsi219 joined the game
[27Aug2026 22:19:05.881] [Server thread/INFO] [Waila/]: Syncing config to Tmarsi219 (fa9e6abc-6e4a-352b-b5da-32290d78f2d4)
[27Aug2026 22:19:05.892] [Server thread/INFO] [STDOUT/]: [net.Zitoen.zitoenpiece.haki.HakiMasteryEvents:onPlayerLogin:21]: [HakiMastery] PlayerLoggedInEvent fired for Tmarsi219
[27Aug2026 22:19:05.893] [Server thread/DEBUG] [net.Zitoen.zitoenpiece.haki.HakiMasteryEvents/]: [HakiMastery] Player Tmarsi219 logged in, syncing mastery data
[27Aug2026 22:19:05.893] [Server thread/INFO] [STDOUT/]: [net.Zitoen.zitoenpiece.haki.HakiMasteryEvents:onPlayerLogin:33]: [HakiMastery] Processing login for Tmarsi219
[27Aug2026 22:19:05.896] [Server thread/INFO] [STDOUT/]: [net.Zitoen.zitoenpiece.haki.HakiMasteryManager:updateMasteryFromAbilities:113]: [HakiMastery] Checking abilities for Tmarsi219
[27Aug2026 22:19:05.897] [Server thread/INFO] [STDOUT/]: [net.Zitoen.zitoenpiece.haki.HakiMasteryManager:updateMasteryFromAbilities:323]: [HakiMastery] No changes needed for Tmarsi219
[27Aug2026 22:19:05.897] [Server thread/INFO] [STDOUT/]: [net.Zitoen.zitoenpiece.haki.HakiMasteryEvents:onPlayerLogin:37]: [HakiMastery] Login processing complete for Tmarsi219
[27Aug2026 22:19:05.899] [Server thread/DEBUG] [net.Zitoen.zitoenpiece.network.limb.LimbSyncPacket/]: [LimbSyncPacket] PACKET CREATED - entityId: 135, hasArm: true, hasLeg: true, armType: VANILLA, legType: VANILLA
[27Aug2026 22:19:05.899] [Server thread/DEBUG] [net.Zitoen.zitoenpiece.network.limb.LimbSyncPacket/]: [LimbSyncPacket] PACKET ENCODED - entityId: 135, hasArm: true, hasLeg: true, armType: VANILLA, legType: VANILLA
[27Aug2026 22:19:05.914] [Server thread/DEBUG] [zitoenpiece/]: [Honor] Synced honor on login for Tmarsi219
[27Aug2026 22:19:05.919] [Server thread/INFO] [STDOUT/]: [com.anonymdev.skinrestoreforge.util.SkinApplier:refreshTabList:33]: [SkinRestoreForge DEBUG] Refreshing tab list for: Tmarsi219 (fa9e6abc-6e4a-352b-b5da-32290d78f2d4)
[27Aug2026 22:19:05.919] [Server thread/INFO] [STDOUT/]: [com.anonymdev.skinrestoreforge.util.SkinApplier:refreshTabList:34]: [SkinRestoreForge DEBUG] textures property count: 1
[27Aug2026 22:19:05.920] [Server thread/INFO] [STDOUT/]: [com.anonymdev.skinrestoreforge.util.SkinApplier:lambda$refreshTabList$0:36]: [SkinRestoreForge DEBUG] value length=412 hasSignature=true
[27Aug2026 22:19:05.920] [Server thread/INFO] [STDOUT/]: [com.anonymdev.skinrestoreforge.util.SkinApplier:refreshTabList:39]: [SkinRestoreForge DEBUG] Connected players count: 1
[27Aug2026 22:19:05.921] [Server thread/INFO] [STDOUT/]: [com.anonymdev.skinrestoreforge.util.SkinApplier:refreshTabList:48]: [SkinRestoreForge DEBUG] REMOVE_PLAYER + ADD_PLAYER packets sent.
[27Aug2026 22:19:06.932] [Server thread/DEBUG] [xyz.pixelatedw.mineminenomi.api.entities.ai.NPCPhaseManager/]: Switched Pirate Sniper's phase to: Range Phase
[27Aug2026 22:19:08.036] [Server thread/INFO] [STDOUT/]: [xyz.pixelatedw.mineminenomi.abilities.haki.BusoshokuHakiHardeningAbility:zitoenpiece$initializeReflection:1071]: [ZitoenPiece] Hardening overlay reflection initialized successfully
[27Aug2026 22:19:08.650] [Server thread/DEBUG] [xyz.pixelatedw.mineminenomi.api.entities.ai.NPCPhaseManager/]: Switched Pirate Rifleman's phase to: Range Phase
[27Aug2026 22:19:08.652] [Server thread/DEBUG] [xyz.pixelatedw.mineminenomi.api.entities.ai.NPCPhaseManager/]: Switched Pirate Rifleman's phase to: Range Phase
[27Aug2026 22:19:08.701] [Server thread/DEBUG] [xyz.pixelatedw.mineminenomi.api.entities.ai.NPCPhaseManager/]: Switched Pirate Rifleman's phase to: Range Phase
[27Aug2026 22:19:10.347] [Worker-Main-2/DEBUG] [ModernFix/]: Loaded stronghold cache for dimension minecraft:overworld with 128 positions
[27Aug2026 22:19:14.617] [Netty Epoll Server IO #3/DEBUG] [net.minecraftforge.fml.network.FMLHandshakeHandler/FMLHANDSHAKE]: Starting new modded network connection. Found 33 messages to dispatch.
[27Aug2026 22:19:14.646] [Server thread/DEBUG] [net.minecraftforge.fml.network.FMLHandshakeHandler/FMLHANDSHAKE]: Sending ticking packet info 'net.minecraftforge.fml.network.FMLHandshakeMessages$S2CModList' to 'fml:handshake' sequence 0
[27Aug2026 22:19:14.695] [Server thread/DEBUG] [net.minecraftforge.fml.network.FMLHandshakeHandler/FMLHANDSHAKE]: Sending ticking packet info 'Registry minecraft:villager_profession' to 'fml:handshake' sequence 1
[27Aug2026 22:19:14.748] [Server thread/DEBUG] [net.minecraftforge.fml.network.FMLHandshakeHandler/FMLHANDSHAKE]: Sending ticking packet info 'Registry minecraft:item' to 'fml:handshake' sequence 2
[27Aug2026 22:19:14.755] [Netty Epoll Server IO #3/DEBUG] [net.minecraftforge.fml.network.FMLLoginWrapper/FMLHANDSHAKE]: Recieved login wrapper packet event for channel fml:handshake with index 0
[27Aug2026 22:19:14.756] [Netty Epoll Server IO #3/DEBUG] [net.minecraftforge.fml.network.FMLHandshakeHandler/FMLHANDSHAKE]: Received client indexed reply 0 of type net.minecraftforge.fml.network.FMLHandshakeMessages$C2SModListReply
[27Aug2026 22:19:14.756] [Netty Epoll Server IO #3/DEBUG] [net.minecraftforge.fml.network.FMLHandshakeHandler/FMLHANDSHAKE]: Received client connection with modlist [minecraft, ftbessentials, mineminenomi, jade, waila, creativecore, bountyhunters, xaerolib, leopard_rework, curios, awakenawakennomi, xaerominimap, oculus, xaeroworldmap, controlling, modernfix, jei, citadel, yokai, quickteleports, mineminenomiawakenpath, minemineextraslots, fightingstyles, sophisticatedbackpacks, cartaddon, zitoenpiece, coroutil, lazydfu, mvs, architectury, ftblibrary, lootr, ferritecore, fruitreworks, blitzraces, watut, forge, appleskin, hito_hito_no_mi_nika, playerrevive, embeddium, rubidium, skinrestoreforge, allfruitallboxes, hakibar, devilhordes]
[27Aug2026 22:19:14.756] [Netty Epoll Server IO #3/DEBUG] [net.minecraftforge.fml.network.NetworkRegistry/NETREGISTRY]: Channel 'mineminenomi:main_channel' : Version test of '1' from client : ACCEPTED
[27Aug2026 22:19:14.756] [Netty Epoll Server IO #3/DEBUG] [net.minecraftforge.fml.network.NetworkRegistry/NETREGISTRY]: Channel 'watut:main' : Version test of '4' from client : ACCEPTED
[27Aug2026 22:19:14.756] [Netty Epoll Server IO #3/DEBUG] [net.minecraftforge.fml.network.NetworkRegistry/NETREGISTRY]: Channel 'zitoenpiece:transmission_sound' : Version test of '1' from client : ACCEPTED
[27Aug2026 22:19:14.756] [Netty Epoll Server IO #3/DEBUG] [net.minecraftforge.fml.network.NetworkRegistry/NETREGISTRY]: Channel 'zitoenpiece:summoning' : Version test of '1' from client : ACCEPTED
[27Aug2026 22:19:14.756] [Netty Epoll Server IO #3/DEBUG] [net.minecraftforge.fml.network.NetworkRegistry/NETREGISTRY]: Channel 'architectury:network' : Version test of '1' from client : ACCEPTED
[27Aug2026 22:19:14.756] [Netty Epoll Server IO #3/DEBUG] [net.minecraftforge.fml.network.NetworkRegistry/NETREGISTRY]: Channel 'jei:channel' : Version test of '1.0.0' from client : ACCEPTED
[27Aug2026 22:19:14.756] [Netty Epoll Server IO #3/DEBUG] [net.minecraftforge.fml.network.NetworkRegistry/NETREGISTRY]: Channel 'minecraft:unregister' : Version test of 'FML2' from client : ACCEPTED
[27Aug2026 22:19:14.756] [Netty Epoll Server IO #3/DEBUG] [net.minecraftforge.fml.network.NetworkRegistry/NETREGISTRY]: Channel 'sophisticatedbackpacks:channel' : Version test of '1' from client : ACCEPTED
[27Aug2026 22:19:14.756] [Netty Epoll Server IO #3/DEBUG] [net.minecraftforge.fml.network.NetworkRegistry/NETREGISTRY]: Channel 'citadel:main_channel' : Version test of '1' from client : ACCEPTED
[27Aug2026 22:19:14.756] [Netty Epoll Server IO #3/DEBUG] [net.minecraftforge.fml.network.NetworkRegistry/NETREGISTRY]: Channel 'cartaddon:main' : Version test of '1' from client : ACCEPTED
[27Aug2026 22:19:14.756] [Netty Epoll Server IO #3/DEBUG] [net.minecraftforge.fml.network.NetworkRegistry/NETREGISTRY]: Channel 'forge:split_11' : Version test of '1.1' from client : ACCEPTED
[27Aug2026 22:19:14.756] [Netty Epoll Server IO #3/DEBUG] [net.minecraftforge.fml.network.NetworkRegistry/NETREGISTRY]: Channel 'modernfix:main' : Version test of '1' from client : ACCEPTED
[27Aug2026 22:19:14.756] [Netty Epoll Server IO #3/DEBUG] [net.minecraftforge.fml.network.NetworkRegistry/NETREGISTRY]: Channel 'curios:main' : Version test of '1' from client : ACCEPTED
[27Aug2026 22:19:14.756] [Netty Epoll Server IO #3/DEBUG] [net.minecraftforge.fml.network.NetworkRegistry/NETREGISTRY]: Channel 'fruitreworks:main' : Version test of '1' from client : ACCEPTED
[27Aug2026 22:19:14.756] [Netty Epoll Server IO #3/DEBUG] [net.minecraftforge.fml.network.NetworkRegistry/NETREGISTRY]: Channel 'zitoenpiece:voice_of_all_things' : Version test of '1' from client : ACCEPTED
[27Aug2026 22:19:14.756] [Netty Epoll Server IO #3/DEBUG] [net.minecraftforge.fml.network.NetworkRegistry/NETREGISTRY]: Channel 'appleskin:sync' : Version test of '1' from client : ACCEPTED
[27Aug2026 22:19:14.756] [Netty Epoll Server IO #3/DEBUG] [net.minecraftforge.fml.network.NetworkRegistry/NETREGISTRY]: Channel 'fml:loginwrapper' : Version test of 'FML2' from client : ACCEPTED
[27Aug2026 22:19:14.756] [Netty Epoll Server IO #3/DEBUG] [net.minecraftforge.fml.network.NetworkRegistry/NETREGISTRY]: Channel 'playerrevive:main' : Version test of '1.0' from client : ACCEPTED
[27Aug2026 22:19:14.756] [Netty Epoll Server IO #3/DEBUG] [net.minecraftforge.fml.network.NetworkRegistry/NETREGISTRY]: Channel 'zitoenpiece:main' : Version test of '1' from client : ACCEPTED
[27Aug2026 22:19:14.756] [Netty Epoll Server IO #3/DEBUG] [net.minecraftforge.fml.network.NetworkRegistry/NETREGISTRY]: Channel 'fml:play' : Version test of 'FML2' from client : ACCEPTED
[27Aug2026 22:19:14.756] [Netty Epoll Server IO #3/DEBUG] [net.minecraftforge.fml.network.NetworkRegistry/NETREGISTRY]: Channel 'creativecore:main' : Version test of '1.0' from client : ACCEPTED
[27Aug2026 22:19:14.756] [Netty Epoll Server IO #3/DEBUG] [net.minecraftforge.fml.network.NetworkRegistry/NETREGISTRY]: Channel 'fightingstyles:main' : Version test of '1' from client : ACCEPTED
[27Aug2026 22:19:14.756] [Netty Epoll Server IO #3/DEBUG] [net.minecraftforge.fml.network.NetworkRegistry/NETREGISTRY]: Channel 'fml:handshake' : Version test of 'FML2' from client : ACCEPTED
[27Aug2026 22:19:14.756] [Netty Epoll Server IO #3/DEBUG] [net.minecraftforge.fml.network.NetworkRegistry/NETREGISTRY]: Channel 'lootr:main_network_channel' : Version test of '2' from client : ACCEPTED
[27Aug2026 22:19:14.756] [Netty Epoll Server IO #3/DEBUG] [net.minecraftforge.fml.network.NetworkRegistry/NETREGISTRY]: Channel 'awakenawakennomi:main' : Version test of '1' from client : ACCEPTED
[27Aug2026 22:19:14.756] [Netty Epoll Server IO #3/DEBUG] [net.minecraftforge.fml.network.NetworkRegistry/NETREGISTRY]: Channel 'waila:networking' : Version test of '1.0.0' from client : ACCEPTED
[27Aug2026 22:19:14.756] [Netty Epoll Server IO #3/DEBUG] [net.minecraftforge.fml.network.NetworkRegistry/NETREGISTRY]: Channel 'minecraft:register' : Version test of 'FML2' from client : ACCEPTED
[27Aug2026 22:19:14.756] [Netty Epoll Server IO #3/DEBUG] [net.minecraftforge.fml.network.NetworkRegistry/NETREGISTRY]: Channel 'minemineextraslots:main' : Version test of '1' from client : ACCEPTED
[27Aug2026 22:19:14.756] [Netty Epoll Server IO #3/DEBUG] [net.minecraftforge.fml.network.NetworkRegistry/NETREGISTRY]: Channel 'forge:split' : Version test of '1.0' from client : ACCEPTED
[27Aug2026 22:19:14.756] [Netty Epoll Server IO #3/DEBUG] [net.minecraftforge.fml.network.NetworkRegistry/NETREGISTRY]: Accepting channel list from client
[27Aug2026 22:19:14.756] [Netty Epoll Server IO #3/DEBUG] [net.minecraftforge.fml.network.FMLHandshakeHandler/FMLHANDSHAKE]: Accepted client connection mod list
[27Aug2026 22:19:14.795] [Netty Epoll Server IO #3/DEBUG] [net.minecraftforge.fml.network.FMLLoginWrapper/FMLHANDSHAKE]: Recieved login wrapper packet event for channel fml:handshake with index 1
[27Aug2026 22:19:14.795] [Netty Epoll Server IO #3/DEBUG] [net.minecraftforge.fml.network.FMLHandshakeHandler/FMLHANDSHAKE]: Received client indexed reply 1 of type net.minecraftforge.fml.network.FMLHandshakeMessages$C2SAcknowledge
[27Aug2026 22:19:14.795] [Netty Epoll Server IO #3/DEBUG] [net.minecraftforge.fml.network.FMLHandshakeHandler/FMLHANDSHAKE]: Received acknowledgement from client
[27Aug2026 22:19:14.800] [Server thread/DEBUG] [net.minecraftforge.fml.network.FMLHandshakeHandler/FMLHANDSHAKE]: Sending ticking packet info 'Registry minecraft:potion' to 'fml:handshake' sequence 3
[27Aug2026 22:19:14.842] [Server thread/DEBUG] [net.minecraftforge.fml.network.FMLHandshakeHandler/FMLHANDSHAKE]: Sending ticking packet info 'Registry minecraft:block_entity_type' to 'fml:handshake' sequence 4
[27Aug2026 22:19:14.892] [Server thread/DEBUG] [net.minecraftforge.fml.network.FMLHandshakeHandler/FMLHANDSHAKE]: Sending ticking packet info 'Registry mineminenomi:particle_effect' to 'fml:handshake' sequence 5
[27Aug2026 22:19:14.958] [Server thread/DEBUG] [net.minecraftforge.fml.network.FMLHandshakeHandler/FMLHANDSHAKE]: Sending ticking packet info 'Registry mineminenomi:race' to 'fml:handshake' sequence 6
[27Aug2026 22:19:15.014] [Server thread/DEBUG] [net.minecraftforge.fml.network.FMLHandshakeHandler/FMLHANDSHAKE]: Sending ticking packet info 'Registry mineminenomi:quests' to 'fml:handshake' sequence 7
[27Aug2026 22:19:15.058] [Server thread/DEBUG] [net.minecraftforge.fml.network.FMLHandshakeHandler/FMLHANDSHAKE]: Sending ticking packet info 'Registry minecraft:stat_type' to 'fml:handshake' sequence 8
[27Aug2026 22:19:15.069] [Netty Epoll Server IO #3/DEBUG] [net.minecraftforge.fml.network.FMLLoginWrapper/FMLHANDSHAKE]: Recieved login wrapper packet event for channel fml:handshake with index 2
[27Aug2026 22:19:15.073] [Netty Epoll Server IO #3/DEBUG] [net.minecraftforge.fml.network.FMLHandshakeHandler/FMLHANDSHAKE]: Received client indexed reply 2 of type net.minecraftforge.fml.network.FMLHandshakeMessages$C2SAcknowledge
[27Aug2026 22:19:15.073] [Netty Epoll Server IO #3/DEBUG] [net.minecraftforge.fml.network.FMLHandshakeHandler/FMLHANDSHAKE]: Received acknowledgement from client
[27Aug2026 22:19:15.073] [Netty Epoll Server IO #3/DEBUG] [net.minecraftforge.fml.network.FMLLoginWrapper/FMLHANDSHAKE]: Recieved login wrapper packet event for channel fml:handshake with index 3
[27Aug2026 22:19:15.073] [Netty Epoll Server IO #3/DEBUG] [net.minecraftforge.fml.network.FMLHandshakeHandler/FMLHANDSHAKE]: Received client indexed reply 3 of type net.minecraftforge.fml.network.FMLHandshakeMessages$C2SAcknowledge
[27Aug2026 22:19:15.073] [Netty Epoll Server IO #3/DEBUG] [net.minecraftforge.fml.network.FMLHandshakeHandler/FMLHANDSHAKE]: Received acknowledgement from client
[27Aug2026 22:19:15.081] [Netty Epoll Server IO #3/DEBUG] [net.minecraftforge.fml.network.FMLLoginWrapper/FMLHANDSHAKE]: Recieved login wrapper packet event for channel fml:handshake with index 4
[27Aug2026 22:19:15.082] [Netty Epoll Server IO #3/DEBUG] [net.minecraftforge.fml.network.FMLHandshakeHandler/FMLHANDSHAKE]: Received client indexed reply 4 of type net.minecraftforge.fml.network.FMLHandshakeMessages$C2SAcknowledge
[27Aug2026 22:19:15.082] [Netty Epoll Server IO #3/DEBUG] [net.minecraftforge.fml.network.FMLHandshakeHandler/FMLHANDSHAKE]: Received acknowledgement from client
[27Aug2026 22:19:15.082] [Netty Epoll Server IO #3/DEBUG] [net.minecraftforge.fml.network.FMLLoginWrapper/FMLHANDSHAKE]: Recieved login wrapper packet event for channel fml:handshake with index 5
[27Aug2026 22:19:15.082] [Netty Epoll Server IO #3/DEBUG] [net.minecraftforge.fml.network.FMLHandshakeHandler/FMLHANDSHAKE]: Received client indexed reply 5 of type net.minecraftforge.fml.network.FMLHandshakeMessages$C2SAcknowledge
[27Aug2026 22:19:15.082] [Netty Epoll Server IO #3/DEBUG] [net.minecraftforge.fml.network.FMLHandshakeHandler/FMLHANDSHAKE]: Received acknowledgement from client
[27Aug2026 22:19:15.082] [Netty Epoll Server IO #3/DEBUG] [net.minecraftforge.fml.network.FMLLoginWrapper/FMLHANDSHAKE]: Recieved login wrapper packet event for channel fml:handshake with index 6
[27Aug2026 22:19:15.082] [Netty Epoll Server IO #3/DEBUG] [net.minecraftforge.fml.network.FMLHandshakeHandler/FMLHANDSHAKE]: Received client indexed reply 6 of type net.minecraftforge.fml.network.FMLHandshakeMessages$C2SAcknowledge
[27Aug2026 22:19:15.082] [Netty Epoll Server IO #3/DEBUG] [net.minecraftforge.fml.network.FMLHandshakeHandler/FMLHANDSHAKE]: Received acknowledgement from client
[27Aug2026 22:19:15.112] [Server thread/DEBUG] [net.minecraftforge.fml.network.FMLHandshakeHandler/FMLHANDSHAKE]: Sending ticking packet info 'Registry minecraft:menu' to 'fml:handshake' sequence 9
[27Aug2026 22:19:15.124] [Netty Epoll Server IO #3/DEBUG] [net.minecraftforge.fml.network.FMLLoginWrapper/FMLHANDSHAKE]: Recieved login wrapper packet event for channel fml:handshake with index 7
[27Aug2026 22:19:15.124] [Netty Epoll Server IO #3/DEBUG] [net.minecraftforge.fml.network.FMLHandshakeHandler/FMLHANDSHAKE]: Received client indexed reply 7 of type net.minecraftforge.fml.network.FMLHandshakeMessages$C2SAcknowledge
[27Aug2026 22:19:15.124] [Netty Epoll Server IO #3/DEBUG] [net.minecraftforge.fml.network.FMLHandshakeHandler/FMLHANDSHAKE]: Received acknowledgement from client
[27Aug2026 22:19:15.158] [Netty Epoll Server IO #3/DEBUG] [net.minecraftforge.fml.network.FMLLoginWrapper/FMLHANDSHAKE]: Recieved login wrapper packet event for channel fml:handshake with index 8
[27Aug2026 22:19:15.161] [Netty Epoll Server IO #3/DEBUG] [net.minecraftforge.fml.network.FMLHandshakeHandler/FMLHANDSHAKE]: Received client indexed reply 8 of type net.minecraftforge.fml.network.FMLHandshakeMessages$C2SAcknowledge
[27Aug2026 22:19:15.161] [Netty Epoll Server IO #3/DEBUG] [net.minecraftforge.fml.network.FMLHandshakeHandler/FMLHANDSHAKE]: Received acknowledgement from client
[27Aug2026 22:19:15.165] [Server thread/DEBUG] [net.minecraftforge.fml.network.FMLHandshakeHandler/FMLHANDSHAKE]: Sending ticking packet info 'Registry minecraft:motive' to 'fml:handshake' sequence 10
[27Aug2026 22:19:15.200] [Server thread/DEBUG] [net.minecraftforge.fml.network.FMLHandshakeHandler/FMLHANDSHAKE]: Sending ticking packet info 'Registry minecraft:fluid' to 'fml:handshake' sequence 11
[27Aug2026 22:19:15.208] [Netty Epoll Server IO #3/DEBUG] [net.minecraftforge.fml.network.FMLLoginWrapper/FMLHANDSHAKE]: Recieved login wrapper packet event for channel fml:handshake with index 9
[27Aug2026 22:19:15.209] [Netty Epoll Server IO #3/DEBUG] [net.minecraftforge.fml.network.FMLHandshakeHandler/FMLHANDSHAKE]: Received client indexed reply 9 of type net.minecraftforge.fml.network.FMLHandshakeMessages$C2SAcknowledge
[27Aug2026 22:19:15.209] [Netty Epoll Server IO #3/DEBUG] [net.minecraftforge.fml.network.FMLHandshakeHandler/FMLHANDSHAKE]: Received acknowledgement from client
[27Aug2026 22:19:15.255] [Server thread/DEBUG] [net.minecraftforge.fml.network.FMLHandshakeHandler/FMLHANDSHAKE]: Sending ticking packet info 'Registry zitoenpiece:professions' to 'fml:handshake' sequence 12
[27Aug2026 22:19:15.266] [Netty Epoll Server IO #3/DEBUG] [net.minecraftforge.fml.network.FMLLoginWrapper/FMLHANDSHAKE]: Recieved login wrapper packet event for channel fml:handshake with index 10
[27Aug2026 22:19:15.267] [Netty Epoll Server IO #3/DEBUG] [net.minecraftforge.fml.network.FMLHandshakeHandler/FMLHANDSHAKE]: Received client indexed reply 10 of type net.minecraftforge.fml.network.FMLHandshakeMessages$C2SAcknowledge
[27Aug2026 22:19:15.267] [Netty Epoll Server IO #3/DEBUG] [net.minecraftforge.fml.network.FMLHandshakeHandler/FMLHANDSHAKE]: Received acknowledgement from client
[27Aug2026 22:19:15.294] [Netty Epoll Server IO #3/DEBUG] [net.minecraftforge.fml.network.FMLLoginWrapper/FMLHANDSHAKE]: Recieved login wrapper packet event for channel fml:handshake with index 11
[27Aug2026 22:19:15.294] [Netty Epoll Server IO #3/DEBUG] [net.minecraftforge.fml.network.FMLHandshakeHandler/FMLHANDSHAKE]: Received client indexed reply 11 of type net.minecraftforge.fml.network.FMLHandshakeMessages$C2SAcknowledge
[27Aug2026 22:19:15.294] [Netty Epoll Server IO #3/DEBUG] [net.minecraftforge.fml.network.FMLHandshakeHandler/FMLHANDSHAKE]: Received acknowledgement from client
[27Aug2026 22:19:15.300] [Server thread/DEBUG] [net.minecraftforge.fml.network.FMLHandshakeHandler/FMLHANDSHAKE]: Sending ticking packet info 'Registry mineminenomi:abilities' to 'fml:handshake' sequence 13
[27Aug2026 22:19:15.348] [Server thread/DEBUG] [net.minecraftforge.fml.network.FMLHandshakeHandler/FMLHANDSHAKE]: Sending ticking packet info 'Registry minecraft:recipe_serializer' to 'fml:handshake' sequence 14
[27Aug2026 22:19:15.350] [Netty Epoll Server IO #3/DEBUG] [net.minecraftforge.fml.network.FMLLoginWrapper/FMLHANDSHAKE]: Recieved login wrapper packet event for channel fml:handshake with index 12
[27Aug2026 22:19:15.350] [Netty Epoll Server IO #3/DEBUG] [net.minecraftforge.fml.network.FMLHandshakeHandler/FMLHANDSHAKE]: Received client indexed reply 12 of type net.minecraftforge.fml.network.FMLHandshakeMessages$C2SAcknowledge
[27Aug2026 22:19:15.350] [Netty Epoll Server IO #3/DEBUG] [net.minecraftforge.fml.network.FMLHandshakeHandler/FMLHANDSHAKE]: Received acknowledgement from client
[27Aug2026 22:19:15.398] [Server thread/DEBUG] [net.minecraftforge.fml.network.FMLHandshakeHandler/FMLHANDSHAKE]: Sending ticking packet info 'Registry minecraft:sound_event' to 'fml:handshake' sequence 15
[27Aug2026 22:19:15.406] [Netty Epoll Server IO #3/DEBUG] [net.minecraftforge.fml.network.FMLLoginWrapper/FMLHANDSHAKE]: Recieved login wrapper packet event for channel fml:handshake with index 13
[27Aug2026 22:19:15.406] [Netty Epoll Server IO #3/DEBUG] [net.minecraftforge.fml.network.FMLHandshakeHandler/FMLHANDSHAKE]: Received client indexed reply 13 of type net.minecraftforge.fml.network.FMLHandshakeMessages$C2SAcknowledge
[27Aug2026 22:19:15.406] [Netty Epoll Server IO #3/DEBUG] [net.minecraftforge.fml.network.FMLHandshakeHandler/FMLHANDSHAKE]: Received acknowledgement from client
[27Aug2026 22:19:15.449] [Netty Epoll Server IO #3/DEBUG] [net.minecraftforge.fml.network.FMLLoginWrapper/FMLHANDSHAKE]: Recieved login wrapper packet event for channel fml:handshake with index 14
[27Aug2026 22:19:15.449] [Netty Epoll Server IO #3/DEBUG] [net.minecraftforge.fml.network.FMLHandshakeHandler/FMLHANDSHAKE]: Received client indexed reply 14 of type net.minecraftforge.fml.network.FMLHandshakeMessages$C2SAcknowledge
[27Aug2026 22:19:15.449] [Netty Epoll Server IO #3/DEBUG] [net.minecraftforge.fml.network.FMLHandshakeHandler/FMLHANDSHAKE]: Received acknowledgement from client
[27Aug2026 22:19:15.452] [Server thread/DEBUG] [net.minecraftforge.fml.network.FMLHandshakeHandler/FMLHANDSHAKE]: Sending ticking packet info 'Registry minecraft:particle_type' to 'fml:handshake' sequence 16
[27Aug2026 22:19:15.500] [Server thread/DEBUG] [net.minecraftforge.fml.network.FMLHandshakeHandler/FMLHANDSHAKE]: Sending ticking packet info 'Registry mineminenomi:jolly_roger_elements' to 'fml:handshake' sequence 17
[27Aug2026 22:19:15.512] [Netty Epoll Server IO #3/DEBUG] [net.minecraftforge.fml.network.FMLLoginWrapper/FMLHANDSHAKE]: Recieved login wrapper packet event for channel fml:handshake with index 15
[27Aug2026 22:19:15.513] [Netty Epoll Server IO #3/DEBUG] [net.minecraftforge.fml.network.FMLHandshakeHandler/FMLHANDSHAKE]: Received client indexed reply 15 of type net.minecraftforge.fml.network.FMLHandshakeMessages$C2SAcknowledge
[27Aug2026 22:19:15.513] [Netty Epoll Server IO #3/DEBUG] [net.minecraftforge.fml.network.FMLHandshakeHandler/FMLHANDSHAKE]: Received acknowledgement from client
[27Aug2026 22:19:15.552] [Server thread/DEBUG] [net.minecraftforge.fml.network.FMLHandshakeHandler/FMLHANDSHAKE]: Sending ticking packet info 'Registry mineminenomi:interactions' to 'fml:handshake' sequence 18
[27Aug2026 22:19:15.552] [Netty Epoll Server IO #3/DEBUG] [net.minecraftforge.fml.network.FMLLoginWrapper/FMLHANDSHAKE]: Recieved login wrapper packet event for channel fml:handshake with index 16
[27Aug2026 22:19:15.552] [Netty Epoll Server IO #3/DEBUG] [net.minecraftforge.fml.network.FMLHandshakeHandler/FMLHANDSHAKE]: Received client indexed reply 16 of type net.minecraftforge.fml.network.FMLHandshakeMessages$C2SAcknowledge
[27Aug2026 22:19:15.552] [Netty Epoll Server IO #3/DEBUG] [net.minecraftforge.fml.network.FMLHandshakeHandler/FMLHANDSHAKE]: Received acknowledgement from client
[27Aug2026 22:19:15.601] [Server thread/DEBUG] [net.minecraftforge.fml.network.FMLHandshakeHandler/FMLHANDSHAKE]: Sending ticking packet info 'Registry minecraft:block' to 'fml:handshake' sequence 19
[27Aug2026 22:19:15.604] [Netty Epoll Server IO #3/DEBUG] [net.minecraftforge.fml.network.FMLLoginWrapper/FMLHANDSHAKE]: Recieved login wrapper packet event for channel fml:handshake with index 17
[27Aug2026 22:19:15.604] [Netty Epoll Server IO #3/DEBUG] [net.minecraftforge.fml.network.FMLHandshakeHandler/FMLHANDSHAKE]: Received client indexed reply 17 of type net.minecraftforge.fml.network.FMLHandshakeMessages$C2SAcknowledge
[27Aug2026 22:19:15.605] [Netty Epoll Server IO #3/DEBUG] [net.minecraftforge.fml.network.FMLHandshakeHandler/FMLHANDSHAKE]: Received acknowledgement from client
[27Aug2026 22:19:15.647] [Netty Epoll Server IO #3/DEBUG] [net.minecraftforge.fml.network.FMLLoginWrapper/FMLHANDSHAKE]: Recieved login wrapper packet event for channel fml:handshake with index 18
[27Aug2026 22:19:15.647] [Netty Epoll Server IO #3/DEBUG] [net.minecraftforge.fml.network.FMLHandshakeHandler/FMLHANDSHAKE]: Received client indexed reply 18 of type net.minecraftforge.fml.network.FMLHandshakeMessages$C2SAcknowledge
[27Aug2026 22:19:15.647] [Netty Epoll Server IO #3/DEBUG] [net.minecraftforge.fml.network.FMLHandshakeHandler/FMLHANDSHAKE]: Received acknowledgement from client
[27Aug2026 22:19:15.650] [Server thread/DEBUG] [net.minecraftforge.fml.network.FMLHandshakeHandler/FMLHANDSHAKE]: Sending ticking packet info 'Registry minecraft:data_serializers' to 'fml:handshake' sequence 20
[27Aug2026 22:19:15.703] [Server thread/DEBUG] [net.minecraftforge.fml.network.FMLHandshakeHandler/FMLHANDSHAKE]: Sending ticking packet info 'Registry mineminenomi:challenges' to 'fml:handshake' sequence 21
[27Aug2026 22:19:15.703] [Netty Epoll Server IO #3/DEBUG] [net.minecraftforge.fml.network.FMLLoginWrapper/FMLHANDSHAKE]: Recieved login wrapper packet event for channel fml:handshake with index 19
[27Aug2026 22:19:15.703] [Netty Epoll Server IO #3/DEBUG] [net.minecraftforge.fml.network.FMLHandshakeHandler/FMLHANDSHAKE]: Received client indexed reply 19 of type net.minecraftforge.fml.network.FMLHandshakeMessages$C2SAcknowledge
[27Aug2026 22:19:15.703] [Netty Epoll Server IO #3/DEBUG] [net.minecraftforge.fml.network.FMLHandshakeHandler/FMLHANDSHAKE]: Received acknowledgement from client
[27Aug2026 22:19:15.749] [Netty Epoll Server IO #3/DEBUG] [net.minecraftforge.fml.network.FMLLoginWrapper/FMLHANDSHAKE]: Recieved login wrapper packet event for channel fml:handshake with index 20
[27Aug2026 22:19:15.749] [Netty Epoll Server IO #3/DEBUG] [net.minecraftforge.fml.network.FMLHandshakeHandler/FMLHANDSHAKE]: Received client indexed reply 20 of type net.minecraftforge.fml.network.FMLHandshakeMessages$C2SAcknowledge
[27Aug2026 22:19:15.749] [Netty Epoll Server IO #3/DEBUG] [net.minecraftforge.fml.network.FMLHandshakeHandler/FMLHANDSHAKE]: Received acknowledgement from client
[27Aug2026 22:19:15.754] [Server thread/DEBUG] [net.minecraftforge.fml.network.FMLHandshakeHandler/FMLHANDSHAKE]: Sending ticking packet info 'Registry mineminenomi:faction' to 'fml:handshake' sequence 22
[27Aug2026 22:19:15.797] [Server thread/DEBUG] [net.minecraftforge.fml.network.FMLHandshakeHandler/FMLHANDSHAKE]: Sending ticking packet info 'Registry minecraft:mob_effect' to 'fml:handshake' sequence 23
[27Aug2026 22:19:15.804] [Netty Epoll Server IO #3/DEBUG] [net.minecraftforge.fml.network.FMLLoginWrapper/FMLHANDSHAKE]: Recieved login wrapper packet event for channel fml:handshake with index 21
[27Aug2026 22:19:15.804] [Netty Epoll Server IO #3/DEBUG] [net.minecraftforge.fml.network.FMLHandshakeHandler/FMLHANDSHAKE]: Received client indexed reply 21 of type net.minecraftforge.fml.network.FMLHandshakeMessages$C2SAcknowledge
[27Aug2026 22:19:15.804] [Netty Epoll Server IO #3/DEBUG] [net.minecraftforge.fml.network.FMLHandshakeHandler/FMLHANDSHAKE]: Received acknowledgement from client
[27Aug2026 22:19:15.842] [Server thread/DEBUG] [net.minecraftforge.fml.network.FMLHandshakeHandler/FMLHANDSHAKE]: Sending ticking packet info 'Registry mineminenomi:morphs' to 'fml:handshake' sequence 24
[27Aug2026 22:19:15.848] [Netty Epoll Server IO #3/DEBUG] [net.minecraftforge.fml.network.FMLLoginWrapper/FMLHANDSHAKE]: Recieved login wrapper packet event for channel fml:handshake with index 22
[27Aug2026 22:19:15.848] [Netty Epoll Server IO #3/DEBUG] [net.minecraftforge.fml.network.FMLHandshakeHandler/FMLHANDSHAKE]: Received client indexed reply 22 of type net.minecraftforge.fml.network.FMLHandshakeMessages$C2SAcknowledge
[27Aug2026 22:19:15.849] [Netty Epoll Server IO #3/DEBUG] [net.minecraftforge.fml.network.FMLHandshakeHandler/FMLHANDSHAKE]: Received acknowledgement from client
[27Aug2026 22:19:15.894] [Server thread/DEBUG] [net.minecraftforge.fml.network.FMLHandshakeHandler/FMLHANDSHAKE]: Sending ticking packet info 'Registry minecraft:enchantment' to 'fml:handshake' sequence 25
[27Aug2026 22:19:15.902] [Netty Epoll Server IO #3/DEBUG] [net.minecraftforge.fml.network.FMLLoginWrapper/FMLHANDSHAKE]: Recieved login wrapper packet event for channel fml:handshake with index 23
[27Aug2026 22:19:15.902] [Netty Epoll Server IO #3/DEBUG] [net.minecraftforge.fml.network.FMLHandshakeHandler/FMLHANDSHAKE]: Received client indexed reply 23 of type net.minecraftforge.fml.network.FMLHandshakeMessages$C2SAcknowledge
[27Aug2026 22:19:15.902] [Netty Epoll Server IO #3/DEBUG] [net.minecraftforge.fml.network.FMLHandshakeHandler/FMLHANDSHAKE]: Received acknowledgement from client
[27Aug2026 22:19:15.945] [Server thread/DEBUG] [net.minecraftforge.fml.network.FMLHandshakeHandler/FMLHANDSHAKE]: Sending ticking packet info 'Registry mineminenomi:style' to 'fml:handshake' sequence 26
[27Aug2026 22:19:15.948] [Netty Epoll Server IO #3/DEBUG] [net.minecraftforge.fml.network.FMLLoginWrapper/FMLHANDSHAKE]: Recieved login wrapper packet event for channel fml:handshake with index 24
[27Aug2026 22:19:15.948] [Netty Epoll Server IO #3/DEBUG] [net.minecraftforge.fml.network.FMLHandshakeHandler/FMLHANDSHAKE]: Received client indexed reply 24 of type net.minecraftforge.fml.network.FMLHandshakeMessages$C2SAcknowledge
[27Aug2026 22:19:15.948] [Netty Epoll Server IO #3/DEBUG] [net.minecraftforge.fml.network.FMLHandshakeHandler/FMLHANDSHAKE]: Received acknowledgement from client
[27Aug2026 22:19:15.992] [Server thread/DEBUG] [net.minecraftforge.fml.network.FMLHandshakeHandler/FMLHANDSHAKE]: Sending ticking packet info 'Registry minecraft:entity_type' to 'fml:handshake' sequence 27
[27Aug2026 22:19:15.995] [Netty Epoll Server IO #3/DEBUG] [net.minecraftforge.fml.network.FMLLoginWrapper/FMLHANDSHAKE]: Recieved login wrapper packet event for channel fml:handshake with index 25
[27Aug2026 22:19:15.995] [Netty Epoll Server IO #3/DEBUG] [net.minecraftforge.fml.network.FMLHandshakeHandler/FMLHANDSHAKE]: Received client indexed reply 25 of type net.minecraftforge.fml.network.FMLHandshakeMessages$C2SAcknowledge
[27Aug2026 22:19:15.995] [Netty Epoll Server IO #3/DEBUG] [net.minecraftforge.fml.network.FMLHandshakeHandler/FMLHANDSHAKE]: Received acknowledgement from client
[27Aug2026 22:19:16.040] [Netty Epoll Server IO #3/DEBUG] [net.minecraftforge.fml.network.FMLLoginWrapper/FMLHANDSHAKE]: Recieved login wrapper packet event for channel fml:handshake with index 26
[27Aug2026 22:19:16.040] [Netty Epoll Server IO #3/DEBUG] [net.minecraftforge.fml.network.FMLHandshakeHandler/FMLHANDSHAKE]: Received client indexed reply 26 of type net.minecraftforge.fml.network.FMLHandshakeMessages$C2SAcknowledge
[27Aug2026 22:19:16.040] [Netty Epoll Server IO #3/DEBUG] [net.minecraftforge.fml.network.FMLHandshakeHandler/FMLHANDSHAKE]: Received acknowledgement from client
[27Aug2026 22:19:16.045] [Server thread/DEBUG] [net.minecraftforge.fml.network.FMLHandshakeHandler/FMLHANDSHAKE]: Sending ticking packet info 'Config minemineextraslots-server.toml' to 'fml:handshake' sequence 28
[27Aug2026 22:19:16.093] [Server thread/DEBUG] [net.minecraftforge.fml.network.FMLHandshakeHandler/FMLHANDSHAKE]: Sending ticking packet info 'Config curios-server.toml' to 'fml:handshake' sequence 29
[27Aug2026 22:19:16.150] [Server thread/DEBUG] [net.minecraftforge.fml.network.FMLHandshakeHandler/FMLHANDSHAKE]: Sending ticking packet info 'Config quickteleports-server.toml' to 'fml:handshake' sequence 30
[27Aug2026 22:19:16.199] [Server thread/DEBUG] [net.minecraftforge.fml.network.FMLHandshakeHandler/FMLHANDSHAKE]: Sending ticking packet info 'Config forge-server.toml' to 'fml:handshake' sequence 31
[27Aug2026 22:19:16.226] [Netty Epoll Server IO #3/DEBUG] [net.minecraftforge.fml.network.FMLLoginWrapper/FMLHANDSHAKE]: Recieved login wrapper packet event for channel fml:handshake with index 27
[27Aug2026 22:19:16.227] [Netty Epoll Server IO #3/DEBUG] [net.minecraftforge.fml.network.FMLHandshakeHandler/FMLHANDSHAKE]: Received client indexed reply 27 of type net.minecraftforge.fml.network.FMLHandshakeMessages$C2SAcknowledge
[27Aug2026 22:19:16.227] [Netty Epoll Server IO #3/DEBUG] [net.minecraftforge.fml.network.FMLHandshakeHandler/FMLHANDSHAKE]: Received acknowledgement from client
[27Aug2026 22:19:16.227] [Netty Epoll Server IO #3/DEBUG] [net.minecraftforge.fml.network.FMLLoginWrapper/FMLHANDSHAKE]: Recieved login wrapper packet event for channel fml:handshake with index 28
[27Aug2026 22:19:16.227] [Netty Epoll Server IO #3/DEBUG] [net.minecraftforge.fml.network.FMLHandshakeHandler/FMLHANDSHAKE]: Received client indexed reply 28 of type net.minecraftforge.fml.network.FMLHandshakeMessages$C2SAcknowledge
[27Aug2026 22:19:16.227] [Netty Epoll Server IO #3/DEBUG] [net.minecraftforge.fml.network.FMLHandshakeHandler/FMLHANDSHAKE]: Received acknowledgement from client
[27Aug2026 22:19:16.227] [Netty Epoll Server IO #3/DEBUG] [net.minecraftforge.fml.network.FMLLoginWrapper/FMLHANDSHAKE]: Recieved login wrapper packet event for channel fml:handshake with index 29
[27Aug2026 22:19:16.227] [Netty Epoll Server IO #3/DEBUG] [net.minecraftforge.fml.network.FMLHandshakeHandler/FMLHANDSHAKE]: Received client indexed reply 29 of type net.minecraftforge.fml.network.FMLHandshakeMessages$C2SAcknowledge
[27Aug2026 22:19:16.227] [Netty Epoll Server IO #3/DEBUG] [net.minecraftforge.fml.network.FMLHandshakeHandler/FMLHANDSHAKE]: Received acknowledgement from client
[27Aug2026 22:19:16.246] [Netty Epoll Server IO #3/DEBUG] [net.minecraftforge.fml.network.FMLLoginWrapper/FMLHANDSHAKE]: Recieved login wrapper packet event for channel fml:handshake with index 30
[27Aug2026 22:19:16.246] [Netty Epoll Server IO #3/DEBUG] [net.minecraftforge.fml.network.FMLHandshakeHandler/FMLHANDSHAKE]: Received client indexed reply 30 of type net.minecraftforge.fml.network.FMLHandshakeMessages$C2SAcknowledge
[27Aug2026 22:19:16.246] [Netty Epoll Server IO #3/DEBUG] [net.minecraftforge.fml.network.FMLHandshakeHandler/FMLHANDSHAKE]: Received acknowledgement from client
[27Aug2026 22:19:16.247] [Server thread/DEBUG] [net.minecraftforge.fml.network.FMLHandshakeHandler/FMLHANDSHAKE]: Sending ticking packet info 'Config jei-server.toml' to 'fml:handshake' sequence 32
[27Aug2026 22:19:16.308] [Netty Epoll Server IO #3/DEBUG] [net.minecraftforge.fml.network.FMLLoginWrapper/FMLHANDSHAKE]: Recieved login wrapper packet event for channel fml:handshake with index 31
[27Aug2026 22:19:16.308] [Netty Epoll Server IO #3/DEBUG] [net.minecraftforge.fml.network.FMLHandshakeHandler/FMLHANDSHAKE]: Received client indexed reply 31 of type net.minecraftforge.fml.network.FMLHandshakeMessages$C2SAcknowledge
[27Aug2026 22:19:16.309] [Netty Epoll Server IO #3/DEBUG] [net.minecraftforge.fml.network.FMLHandshakeHandler/FMLHANDSHAKE]: Received acknowledgement from client
[27Aug2026 22:19:16.344] [Netty Epoll Server IO #3/DEBUG] [net.minecraftforge.fml.network.FMLLoginWrapper/FMLHANDSHAKE]: Recieved login wrapper packet event for channel fml:handshake with index 32
[27Aug2026 22:19:16.344] [Netty Epoll Server IO #3/DEBUG] [net.minecraftforge.fml.network.FMLHandshakeHandler/FMLHANDSHAKE]: Received client indexed reply 32 of type net.minecraftforge.fml.network.FMLHandshakeMessages$C2SAcknowledge
[27Aug2026 22:19:16.344] [Netty Epoll Server IO #3/DEBUG] [net.minecraftforge.fml.network.FMLHandshakeHandler/FMLHANDSHAKE]: Received acknowledgement from client
[27Aug2026 22:19:16.397] [Server thread/DEBUG] [net.minecraftforge.fml.network.FMLHandshakeHandler/FMLHANDSHAKE]: Handshake complete!
[27Aug2026 22:19:16.441] [Server thread/DEBUG] [zitoenpiece/]: [Honor] Attached capability to player
[27Aug2026 22:19:16.448] [Server thread/INFO] [net.minecraftforge.common.AdvancementLoadFix/]: Using new advancement loading for net.minecraft.advancements.PlayerAdvancements@4ee3d5e
[27Aug2026 22:19:16.465] [Server thread/INFO] [net.minecraft.server.management.PlayerList/]: karma10K[/100.67.81.59:53612] logged in with entity id 310 at (-1574.8115881177205, 70.7531999805212, -3365.2265671046234)
[27Aug2026 22:19:16.466] [Server thread/DEBUG] [net.minecraftforge.network.NetworkFilters/]: Injected net.minecraftforge.network.ForgeConnectionNetworkFilter@75ac0ea5 into net.minecraft.network.NetworkManager@2f0e6105
[27Aug2026 22:19:16.466] [Server thread/DEBUG] [ModernFix/]: Sending ID correction packet to client with 78 classes
[27Aug2026 22:19:16.478] [Server thread/INFO] [net.minecraft.server.dedicated.DedicatedServer/]: Capone karma10K joined the game
[27Aug2026 22:19:16.537] [Server thread/INFO] [Waila/]: Syncing config to karma10K (df4d4f62-fec7-3ff6-a1b6-71a5d79b6667)
[27Aug2026 22:19:16.538] [Server thread/INFO] [STDOUT/]: [net.Zitoen.zitoenpiece.haki.HakiMasteryEvents:onPlayerLogin:21]: [HakiMastery] PlayerLoggedInEvent fired for karma10K
[27Aug2026 22:19:16.538] [Server thread/DEBUG] [net.Zitoen.zitoenpiece.haki.HakiMasteryEvents/]: [HakiMastery] Player karma10K logged in, syncing mastery data
[27Aug2026 22:19:16.538] [Server thread/INFO] [STDOUT/]: [net.Zitoen.zitoenpiece.haki.HakiMasteryEvents:onPlayerLogin:33]: [HakiMastery] Processing login for karma10K
[27Aug2026 22:19:16.539] [Server thread/INFO] [STDOUT/]: [net.Zitoen.zitoenpiece.haki.HakiMasteryManager:updateMasteryFromAbilities:113]: [HakiMastery] Checking abilities for karma10K
[27Aug2026 22:19:16.539] [Server thread/INFO] [STDOUT/]: [net.Zitoen.zitoenpiece.haki.HakiMasteryManager:updateMasteryFromAbilities:323]: [HakiMastery] No changes needed for karma10K
[27Aug2026 22:19:16.540] [Server thread/INFO] [STDOUT/]: [net.Zitoen.zitoenpiece.haki.HakiMasteryEvents:onPlayerLogin:37]: [HakiMastery] Login processing complete for karma10K
[27Aug2026 22:19:16.540] [Server thread/DEBUG] [net.Zitoen.zitoenpiece.network.limb.LimbSyncPacket/]: [LimbSyncPacket] PACKET CREATED - entityId: 310, hasArm: true, hasLeg: true, armType: VANILLA, legType: VANILLA
[27Aug2026 22:19:16.540] [Server thread/DEBUG] [net.Zitoen.zitoenpiece.network.limb.LimbSyncPacket/]: [LimbSyncPacket] PACKET ENCODED - entityId: 310, hasArm: true, hasLeg: true, armType: VANILLA, legType: VANILLA
[27Aug2026 22:19:16.541] [Server thread/DEBUG] [zitoenpiece/]: [Honor] Synced honor on login for karma10K
[27Aug2026 22:19:16.549] [Server thread/INFO] [com.yumixlove.devilhordes.DevilHordes/]: Devil fruit mineminenomi:noro_noro_no_mi expired for player karma10K
[27Aug2026 22:19:17.550] [Server thread/DEBUG] [xyz.pixelatedw.mineminenomi.api.entities.ai.NPCPhaseManager/]: Switched Revolutionary Army Sniper's phase to: Range Phase
[27Aug2026 22:19:18.727] [Server thread/DEBUG] [xyz.pixelatedw.mineminenomi.api.entities.ai.NPCPhaseManager/]: Switched Revolutionary Army Sniper's phase to: Range Phase
[27Aug2026 22:19:19.121] [Server thread/DEBUG] [xyz.pixelatedw.mineminenomi.api.entities.ai.NPCPhaseManager/]: Switched Revolutionary Army Sniper's phase to: Range Phase
[27Aug2026 22:19:24.521] [Worker-Main-2/DEBUG] [com.finndog.mvs.MVSMain/]: oaklogpile at -6338 70 -3843
[27Aug2026 22:19:42.686] [Netty Epoll Server IO #5/DEBUG] [net.minecraftforge.fml.network.FMLHandshakeHandler/FMLHANDSHAKE]: Starting new modded network connection. Found 33 messages to dispatch.
[27Aug2026 22:19:42.700] [Server thread/DEBUG] [net.minecraftforge.fml.network.FMLHandshakeHandler/FMLHANDSHAKE]: Sending ticking packet info 'net.minecraftforge.fml.network.FMLHandshakeMessages$S2CModList' to 'fml:handshake' sequence 0
[27Aug2026 22:19:42.755] [Server thread/DEBUG] [net.minecraftforge.fml.network.FMLHandshakeHandler/FMLHANDSHAKE]: Sending ticking packet info 'Registry minecraft:villager_profession' to 'fml:handshake' sequence 1
[27Aug2026 22:19:42.797] [Server thread/DEBUG] [net.minecraftforge.fml.network.FMLHandshakeHandler/FMLHANDSHAKE]: Sending ticking packet info 'Registry minecraft:item' to 'fml:handshake' sequence 2
[27Aug2026 22:19:42.845] [Server thread/DEBUG] [net.minecraftforge.fml.network.FMLHandshakeHandler/FMLHANDSHAKE]: Sending ticking packet info 'Registry minecraft:potion' to 'fml:handshake' sequence 3
[27Aug2026 22:19:42.882] [Netty Epoll Server IO #5/DEBUG] [net.minecraftforge.fml.network.FMLLoginWrapper/FMLHANDSHAKE]: Recieved login wrapper packet event for channel fml:handshake with index 0
[27Aug2026 22:19:42.883] [Netty Epoll Server IO #5/DEBUG] [net.minecraftforge.fml.network.FMLHandshakeHandler/FMLHANDSHAKE]: Received client indexed reply 0 of type net.minecraftforge.fml.network.FMLHandshakeMessages$C2SModListReply
[27Aug2026 22:19:42.883] [Netty Epoll Server IO #5/DEBUG] [net.minecraftforge.fml.network.FMLHandshakeHandler/FMLHANDSHAKE]: Received client connection with modlist [minecraft, ftbessentials, mineminenomi, jade, waila, creativecore, bountyhunters, xaerolib, leopard_rework, curios, awakenawakennomi, xaerominimap, oculus, xaeroworldmap, controlling, modernfix, jei, citadel, yokai, quickteleports, mineminenomiawakenpath, minemineextraslots, fightingstyles, sophisticatedbackpacks, cartaddon, zitoenpiece, coroutil, lazydfu, mvs, architectury, ftblibrary, lootr, ferritecore, fruitreworks, blitzraces, watut, forge, appleskin, hito_hito_no_mi_nika, playerrevive, embeddium, rubidium, skinrestoreforge, allfruitallboxes, hakibar, devilhordes]
[27Aug2026 22:19:42.883] [Netty Epoll Server IO #5/DEBUG] [net.minecraftforge.fml.network.NetworkRegistry/NETREGISTRY]: Channel 'mineminenomi:main_channel' : Version test of '1' from client : ACCEPTED
[27Aug2026 22:19:42.883] [Netty Epoll Server IO #5/DEBUG] [net.minecraftforge.fml.network.NetworkRegistry/NETREGISTRY]: Channel 'watut:main' : Version test of '4' from client : ACCEPTED
[27Aug2026 22:19:42.883] [Netty Epoll Server IO #5/DEBUG] [net.minecraftforge.fml.network.NetworkRegistry/NETREGISTRY]: Channel 'zitoenpiece:transmission_sound' : Version test of '1' from client : ACCEPTED
[27Aug2026 22:19:42.883] [Netty Epoll Server IO #5/DEBUG] [net.minecraftforge.fml.network.NetworkRegistry/NETREGISTRY]: Channel 'zitoenpiece:summoning' : Version test of '1' from client : ACCEPTED
[27Aug2026 22:19:42.883] [Netty Epoll Server IO #5/DEBUG] [net.minecraftforge.fml.network.NetworkRegistry/NETREGISTRY]: Channel 'architectury:network' : Version test of '1' from client : ACCEPTED
[27Aug2026 22:19:42.883] [Netty Epoll Server IO #5/DEBUG] [net.minecraftforge.fml.network.NetworkRegistry/NETREGISTRY]: Channel 'jei:channel' : Version test of '1.0.0' from client : ACCEPTED
[27Aug2026 22:19:42.883] [Netty Epoll Server IO #5/DEBUG] [net.minecraftforge.fml.network.NetworkRegistry/NETREGISTRY]: Channel 'minecraft:unregister' : Version test of 'FML2' from client : ACCEPTED
[27Aug2026 22:19:42.883] [Netty Epoll Server IO #5/DEBUG] [net.minecraftforge.fml.network.NetworkRegistry/NETREGISTRY]: Channel 'sophisticatedbackpacks:channel' : Version test of '1' from client : ACCEPTED
[27Aug2026 22:19:42.883] [Netty Epoll Server IO #5/DEBUG] [net.minecraftforge.fml.network.NetworkRegistry/NETREGISTRY]: Channel 'citadel:main_channel' : Version test of '1' from client : ACCEPTED
[27Aug2026 22:19:42.883] [Netty Epoll Server IO #5/DEBUG] [net.minecraftforge.fml.network.NetworkRegistry/NETREGISTRY]: Channel 'cartaddon:main' : Version test of '1' from client : ACCEPTED
[27Aug2026 22:19:42.883] [Netty Epoll Server IO #5/DEBUG] [net.minecraftforge.fml.network.NetworkRegistry/NETREGISTRY]: Channel 'forge:split_11' : Version test of '1.1' from client : ACCEPTED
[27Aug2026 22:19:42.883] [Netty Epoll Server IO #5/DEBUG] [net.minecraftforge.fml.network.NetworkRegistry/NETREGISTRY]: Channel 'modernfix:main' : Version test of '1' from client : ACCEPTED
[27Aug2026 22:19:42.883] [Netty Epoll Server IO #5/DEBUG] [net.minecraftforge.fml.network.NetworkRegistry/NETREGISTRY]: Channel 'curios:main' : Version test of '1' from client : ACCEPTED
[27Aug2026 22:19:42.883] [Netty Epoll Server IO #5/DEBUG] [net.minecraftforge.fml.network.NetworkRegistry/NETREGISTRY]: Channel 'fruitreworks:main' : Version test of '1' from client : ACCEPTED
[27Aug2026 22:19:42.883] [Netty Epoll Server IO #5/DEBUG] [net.minecraftforge.fml.network.NetworkRegistry/NETREGISTRY]: Channel 'zitoenpiece:voice_of_all_things' : Version test of '1' from client : ACCEPTED
[27Aug2026 22:19:42.884] [Netty Epoll Server IO #5/DEBUG] [net.minecraftforge.fml.network.NetworkRegistry/NETREGISTRY]: Channel 'appleskin:sync' : Version test of '1' from client : ACCEPTED
[27Aug2026 22:19:42.884] [Netty Epoll Server IO #5/DEBUG] [net.minecraftforge.fml.network.NetworkRegistry/NETREGISTRY]: Channel 'fml:loginwrapper' : Version test of 'FML2' from client : ACCEPTED
[27Aug2026 22:19:42.884] [Netty Epoll Server IO #5/DEBUG] [net.minecraftforge.fml.network.NetworkRegistry/NETREGISTRY]: Channel 'playerrevive:main' : Version test of '1.0' from client : ACCEPTED
[27Aug2026 22:19:42.884] [Netty Epoll Server IO #5/DEBUG] [net.minecraftforge.fml.network.NetworkRegistry/NETREGISTRY]: Channel 'zitoenpiece:main' : Version test of '1' from client : ACCEPTED
[27Aug2026 22:19:42.884] [Netty Epoll Server IO #5/DEBUG] [net.minecraftforge.fml.network.NetworkRegistry/NETREGISTRY]: Channel 'fml:play' : Version test of 'FML2' from client : ACCEPTED
[27Aug2026 22:19:42.884] [Netty Epoll Server IO #5/DEBUG] [net.minecraftforge.fml.network.NetworkRegistry/NETREGISTRY]: Channel 'creativecore:main' : Version test of '1.0' from client : ACCEPTED
[27Aug2026 22:19:42.884] [Netty Epoll Server IO #5/DEBUG] [net.minecraftforge.fml.network.NetworkRegistry/NETREGISTRY]: Channel 'fightingstyles:main' : Version test of '1' from client : ACCEPTED
[27Aug2026 22:19:42.884] [Netty Epoll Server IO #5/DEBUG] [net.minecraftforge.fml.network.NetworkRegistry/NETREGISTRY]: Channel 'fml:handshake' : Version test of 'FML2' from client : ACCEPTED
[27Aug2026 22:19:42.884] [Netty Epoll Server IO #5/DEBUG] [net.minecraftforge.fml.network.NetworkRegistry/NETREGISTRY]: Channel 'lootr:main_network_channel' : Version test of '2' from client : ACCEPTED
[27Aug2026 22:19:42.884] [Netty Epoll Server IO #5/DEBUG] [net.minecraftforge.fml.network.NetworkRegistry/NETREGISTRY]: Channel 'awakenawakennomi:main' : Version test of '1' from client : ACCEPTED
[27Aug2026 22:19:42.884] [Netty Epoll Server IO #5/DEBUG] [net.minecraftforge.fml.network.NetworkRegistry/NETREGISTRY]: Channel 'waila:networking' : Version test of '1.0.0' from client : ACCEPTED
[27Aug2026 22:19:42.884] [Netty Epoll Server IO #5/DEBUG] [net.minecraftforge.fml.network.NetworkRegistry/NETREGISTRY]: Channel 'minecraft:register' : Version test of 'FML2' from client : ACCEPTED
[27Aug2026 22:19:42.884] [Netty Epoll Server IO #5/DEBUG] [net.minecraftforge.fml.network.NetworkRegistry/NETREGISTRY]: Channel 'minemineextraslots:main' : Version test of '1' from client : ACCEPTED
[27Aug2026 22:19:42.884] [Netty Epoll Server IO #5/DEBUG] [net.minecraftforge.fml.network.NetworkRegistry/NETREGISTRY]: Channel 'forge:split' : Version test of '1.0' from client : ACCEPTED
[27Aug2026 22:19:42.884] [Netty Epoll Server IO #5/DEBUG] [net.minecraftforge.fml.network.NetworkRegistry/NETREGISTRY]: Accepting channel list from client
[27Aug2026 22:19:42.884] [Netty Epoll Server IO #5/DEBUG] [net.minecraftforge.fml.network.FMLHandshakeHandler/FMLHANDSHAKE]: Accepted client connection mod list
[27Aug2026 22:19:42.909] [Server thread/DEBUG] [net.minecraftforge.fml.network.FMLHandshakeHandler/FMLHANDSHAKE]: Sending ticking packet info 'Registry minecraft:block_entity_type' to 'fml:handshake' sequence 4
[27Aug2026 22:19:42.920] [Netty Epoll Server IO #5/DEBUG] [net.minecraftforge.fml.network.FMLLoginWrapper/FMLHANDSHAKE]: Recieved login wrapper packet event for channel fml:handshake with index 1
[27Aug2026 22:19:42.920] [Netty Epoll Server IO #5/DEBUG] [net.minecraftforge.fml.network.FMLHandshakeHandler/FMLHANDSHAKE]: Received client indexed reply 1 of type net.minecraftforge.fml.network.FMLHandshakeMessages$C2SAcknowledge
[27Aug2026 22:19:42.920] [Netty Epoll Server IO #5/DEBUG] [net.minecraftforge.fml.network.FMLHandshakeHandler/FMLHANDSHAKE]: Received acknowledgement from client
[27Aug2026 22:19:42.946] [Server thread/DEBUG] [net.minecraftforge.fml.network.FMLHandshakeHandler/FMLHANDSHAKE]: Sending ticking packet info 'Registry mineminenomi:particle_effect' to 'fml:handshake' sequence 5
[27Aug2026 22:19:42.998] [Server thread/DEBUG] [net.minecraftforge.fml.network.FMLHandshakeHandler/FMLHANDSHAKE]: Sending ticking packet info 'Registry mineminenomi:race' to 'fml:handshake' sequence 6
[27Aug2026 22:19:43.056] [Server thread/DEBUG] [net.minecraftforge.fml.network.FMLHandshakeHandler/FMLHANDSHAKE]: Sending ticking packet info 'Registry mineminenomi:quests' to 'fml:handshake' sequence 7
[27Aug2026 22:19:43.105] [Server thread/DEBUG] [net.minecraftforge.fml.network.FMLHandshakeHandler/FMLHANDSHAKE]: Sending ticking packet info 'Registry minecraft:stat_type' to 'fml:handshake' sequence 8
[27Aug2026 22:19:43.146] [Server thread/DEBUG] [net.minecraftforge.fml.network.FMLHandshakeHandler/FMLHANDSHAKE]: Sending ticking packet info 'Registry minecraft:menu' to 'fml:handshake' sequence 9
[27Aug2026 22:19:43.202] [Server thread/DEBUG] [net.minecraftforge.fml.network.FMLHandshakeHandler/FMLHANDSHAKE]: Sending ticking packet info 'Registry minecraft:motive' to 'fml:handshake' sequence 10
[27Aug2026 22:19:43.248] [Server thread/DEBUG] [net.minecraftforge.fml.network.FMLHandshakeHandler/FMLHANDSHAKE]: Sending ticking packet info 'Registry minecraft:fluid' to 'fml:handshake' sequence 11
[27Aug2026 22:19:43.307] [Netty Epoll Server IO #5/DEBUG] [net.minecraftforge.fml.network.FMLLoginWrapper/FMLHANDSHAKE]: Recieved login wrapper packet event for channel fml:handshake with index 2
[27Aug2026 22:19:43.307] [Netty Epoll Server IO #5/DEBUG] [net.minecraftforge.fml.network.FMLHandshakeHandler/FMLHANDSHAKE]: Received client indexed reply 2 of type net.minecraftforge.fml.network.FMLHandshakeMessages$C2SAcknowledge
[27Aug2026 22:19:43.307] [Netty Epoll Server IO #5/DEBUG] [net.minecraftforge.fml.network.FMLHandshakeHandler/FMLHANDSHAKE]: Received acknowledgement from client
[27Aug2026 22:19:43.308] [Netty Epoll Server IO #5/DEBUG] [net.minecraftforge.fml.network.FMLLoginWrapper/FMLHANDSHAKE]: Recieved login wrapper packet event for channel fml:handshake with index 3
[27Aug2026 22:19:43.308] [Netty Epoll Server IO #5/DEBUG] [net.minecraftforge.fml.network.FMLHandshakeHandler/FMLHANDSHAKE]: Received client indexed reply 3 of type net.minecraftforge.fml.network.FMLHandshakeMessages$C2SAcknowledge
[27Aug2026 22:19:43.309] [Netty Epoll Server IO #5/DEBUG] [net.minecraftforge.fml.network.FMLHandshakeHandler/FMLHANDSHAKE]: Received acknowledgement from client
[27Aug2026 22:19:43.309] [Netty Epoll Server IO #5/DEBUG] [net.minecraftforge.fml.network.FMLLoginWrapper/FMLHANDSHAKE]: Recieved login wrapper packet event for channel fml:handshake with index 4
[27Aug2026 22:19:43.309] [Netty Epoll Server IO #5/DEBUG] [net.minecraftforge.fml.network.FMLHandshakeHandler/FMLHANDSHAKE]: Received client indexed reply 4 of type net.minecraftforge.fml.network.FMLHandshakeMessages$C2SAcknowledge
[27Aug2026 22:19:43.309] [Netty Epoll Server IO #5/DEBUG] [net.minecraftforge.fml.network.FMLHandshakeHandler/FMLHANDSHAKE]: Received acknowledgement from client
[27Aug2026 22:19:43.313] [Server thread/DEBUG] [net.minecraftforge.fml.network.FMLHandshakeHandler/FMLHANDSHAKE]: Sending ticking packet info 'Registry zitoenpiece:professions' to 'fml:handshake' sequence 12
[27Aug2026 22:19:43.314] [Netty Epoll Server IO #5/DEBUG] [net.minecraftforge.fml.network.FMLLoginWrapper/FMLHANDSHAKE]: Recieved login wrapper packet event for channel fml:handshake with index 5
[27Aug2026 22:19:43.314] [Netty Epoll Server IO #5/DEBUG] [net.minecraftforge.fml.network.FMLHandshakeHandler/FMLHANDSHAKE]: Received client indexed reply 5 of type net.minecraftforge.fml.network.FMLHandshakeMessages$C2SAcknowledge
[27Aug2026 22:19:43.314] [Netty Epoll Server IO #5/DEBUG] [net.minecraftforge.fml.network.FMLHandshakeHandler/FMLHANDSHAKE]: Received acknowledgement from client
[27Aug2026 22:19:43.315] [Netty Epoll Server IO #5/DEBUG] [net.minecraftforge.fml.network.FMLLoginWrapper/FMLHANDSHAKE]: Recieved login wrapper packet event for channel fml:handshake with index 6
[27Aug2026 22:19:43.315] [Netty Epoll Server IO #5/DEBUG] [net.minecraftforge.fml.network.FMLHandshakeHandler/FMLHANDSHAKE]: Received client indexed reply 6 of type net.minecraftforge.fml.network.FMLHandshakeMessages$C2SAcknowledge
[27Aug2026 22:19:43.315] [Netty Epoll Server IO #5/DEBUG] [net.minecraftforge.fml.network.FMLHandshakeHandler/FMLHANDSHAKE]: Received acknowledgement from client
[27Aug2026 22:19:43.342] [Netty Epoll Server IO #5/DEBUG] [net.minecraftforge.fml.network.FMLLoginWrapper/FMLHANDSHAKE]: Recieved login wrapper packet event for channel fml:handshake with index 7
[27Aug2026 22:19:43.342] [Netty Epoll Server IO #5/DEBUG] [net.minecraftforge.fml.network.FMLHandshakeHandler/FMLHANDSHAKE]: Received client indexed reply 7 of type net.minecraftforge.fml.network.FMLHandshakeMessages$C2SAcknowledge
[27Aug2026 22:19:43.342] [Netty Epoll Server IO #5/DEBUG] [net.minecraftforge.fml.network.FMLHandshakeHandler/FMLHANDSHAKE]: Received acknowledgement from client
[27Aug2026 22:19:43.350] [Netty Epoll Server IO #5/DEBUG] [net.minecraftforge.fml.network.FMLLoginWrapper/FMLHANDSHAKE]: Recieved login wrapper packet event for channel fml:handshake with index 8
[27Aug2026 22:19:43.350] [Netty Epoll Server IO #5/DEBUG] [net.minecraftforge.fml.network.FMLHandshakeHandler/FMLHANDSHAKE]: Received client indexed reply 8 of type net.minecraftforge.fml.network.FMLHandshakeMessages$C2SAcknowledge
[27Aug2026 22:19:43.350] [Netty Epoll Server IO #5/DEBUG] [net.minecraftforge.fml.network.FMLHandshakeHandler/FMLHANDSHAKE]: Received acknowledgement from client
[27Aug2026 22:19:43.350] [Netty Epoll Server IO #5/DEBUG] [net.minecraftforge.fml.network.FMLLoginWrapper/FMLHANDSHAKE]: Recieved login wrapper packet event for channel fml:handshake with index 9
[27Aug2026 22:19:43.351] [Netty Epoll Server IO #5/DEBUG] [net.minecraftforge.fml.network.FMLHandshakeHandler/FMLHANDSHAKE]: Received client indexed reply 9 of type net.minecraftforge.fml.network.FMLHandshakeMessages$C2SAcknowledge
[27Aug2026 22:19:43.351] [Netty Epoll Server IO #5/DEBUG] [net.minecraftforge.fml.network.FMLHandshakeHandler/FMLHANDSHAKE]: Received acknowledgement from client
[27Aug2026 22:19:43.355] [Server thread/DEBUG] [net.minecraftforge.fml.network.FMLHandshakeHandler/FMLHANDSHAKE]: Sending ticking packet info 'Registry mineminenomi:abilities' to 'fml:handshake' sequence 13
[27Aug2026 22:19:43.368] [Netty Epoll Server IO #5/DEBUG] [net.minecraftforge.fml.network.FMLLoginWrapper/FMLHANDSHAKE]: Recieved login wrapper packet event for channel fml:handshake with index 10
[27Aug2026 22:19:43.368] [Netty Epoll Server IO #5/DEBUG] [net.minecraftforge.fml.network.FMLHandshakeHandler/FMLHANDSHAKE]: Received client indexed reply 10 of type net.minecraftforge.fml.network.FMLHandshakeMessages$C2SAcknowledge
[27Aug2026 22:19:43.368] [Netty Epoll Server IO #5/DEBUG] [net.minecraftforge.fml.network.FMLHandshakeHandler/FMLHANDSHAKE]: Received acknowledgement from client
[27Aug2026 22:19:43.419] [Server thread/DEBUG] [net.minecraftforge.fml.network.FMLHandshakeHandler/FMLHANDSHAKE]: Sending ticking packet info 'Registry minecraft:recipe_serializer' to 'fml:handshake' sequence 14
[27Aug2026 22:19:43.420] [Netty Epoll Server IO #5/DEBUG] [net.minecraftforge.fml.network.FMLLoginWrapper/FMLHANDSHAKE]: Recieved login wrapper packet event for channel fml:handshake with index 11
[27Aug2026 22:19:43.420] [Netty Epoll Server IO #5/DEBUG] [net.minecraftforge.fml.network.FMLHandshakeHandler/FMLHANDSHAKE]: Received client indexed reply 11 of type net.minecraftforge.fml.network.FMLHandshakeMessages$C2SAcknowledge
[27Aug2026 22:19:43.421] [Netty Epoll Server IO #5/DEBUG] [net.minecraftforge.fml.network.FMLHandshakeHandler/FMLHANDSHAKE]: Received acknowledgement from client
[27Aug2026 22:19:43.460] [Server thread/DEBUG] [net.minecraftforge.fml.network.FMLHandshakeHandler/FMLHANDSHAKE]: Sending ticking packet info 'Registry minecraft:sound_event' to 'fml:handshake' sequence 15
[27Aug2026 22:19:43.487] [Netty Epoll Server IO #5/DEBUG] [net.minecraftforge.fml.network.FMLLoginWrapper/FMLHANDSHAKE]: Recieved login wrapper packet event for channel fml:handshake with index 12
[27Aug2026 22:19:43.487] [Netty Epoll Server IO #5/DEBUG] [net.minecraftforge.fml.network.FMLHandshakeHandler/FMLHANDSHAKE]: Received client indexed reply 12 of type net.minecraftforge.fml.network.FMLHandshakeMessages$C2SAcknowledge
[27Aug2026 22:19:43.487] [Netty Epoll Server IO #5/DEBUG] [net.minecraftforge.fml.network.FMLHandshakeHandler/FMLHANDSHAKE]: Received acknowledgement from client
[27Aug2026 22:19:43.514] [Server thread/DEBUG] [net.minecraftforge.fml.network.FMLHandshakeHandler/FMLHANDSHAKE]: Sending ticking packet info 'Registry minecraft:particle_type' to 'fml:handshake' sequence 16
[27Aug2026 22:19:43.552] [Netty Epoll Server IO #5/DEBUG] [net.minecraftforge.fml.network.FMLLoginWrapper/FMLHANDSHAKE]: Recieved login wrapper packet event for channel fml:handshake with index 13
[27Aug2026 22:19:43.553] [Netty Epoll Server IO #5/DEBUG] [net.minecraftforge.fml.network.FMLHandshakeHandler/FMLHANDSHAKE]: Received client indexed reply 13 of type net.minecraftforge.fml.network.FMLHandshakeMessages$C2SAcknowledge
[27Aug2026 22:19:43.553] [Netty Epoll Server IO #5/DEBUG] [net.minecraftforge.fml.network.FMLHandshakeHandler/FMLHANDSHAKE]: Received acknowledgement from client
[27Aug2026 22:19:43.557] [Server thread/DEBUG] [net.minecraftforge.fml.network.FMLHandshakeHandler/FMLHANDSHAKE]: Sending ticking packet info 'Registry mineminenomi:jolly_roger_elements' to 'fml:handshake' sequence 17
[27Aug2026 22:19:43.596] [Netty Epoll Server IO #5/DEBUG] [net.minecraftforge.fml.network.FMLLoginWrapper/FMLHANDSHAKE]: Recieved login wrapper packet event for channel fml:handshake with index 14
[27Aug2026 22:19:43.596] [Netty Epoll Server IO #5/DEBUG] [net.minecraftforge.fml.network.FMLHandshakeHandler/FMLHANDSHAKE]: Received client indexed reply 14 of type net.minecraftforge.fml.network.FMLHandshakeMessages$C2SAcknowledge
[27Aug2026 22:19:43.596] [Netty Epoll Server IO #5/DEBUG] [net.minecraftforge.fml.network.FMLHandshakeHandler/FMLHANDSHAKE]: Received acknowledgement from client
[27Aug2026 22:19:43.604] [Server thread/DEBUG] [net.minecraftforge.fml.network.FMLHandshakeHandler/FMLHANDSHAKE]: Sending ticking packet info 'Registry mineminenomi:interactions' to 'fml:handshake' sequence 18
[27Aug2026 22:19:43.631] [Netty Epoll Server IO #5/DEBUG] [net.minecraftforge.fml.network.FMLLoginWrapper/FMLHANDSHAKE]: Recieved login wrapper packet event for channel fml:handshake with index 15
[27Aug2026 22:19:43.631] [Netty Epoll Server IO #5/DEBUG] [net.minecraftforge.fml.network.FMLHandshakeHandler/FMLHANDSHAKE]: Received client indexed reply 15 of type net.minecraftforge.fml.network.FMLHandshakeMessages$C2SAcknowledge
[27Aug2026 22:19:43.631] [Netty Epoll Server IO #5/DEBUG] [net.minecraftforge.fml.network.FMLHandshakeHandler/FMLHANDSHAKE]: Received acknowledgement from client
[27Aug2026 22:19:43.646] [Server thread/DEBUG] [net.minecraftforge.fml.network.FMLHandshakeHandler/FMLHANDSHAKE]: Sending ticking packet info 'Registry minecraft:block' to 'fml:handshake' sequence 19
[27Aug2026 22:19:43.700] [Server thread/DEBUG] [net.minecraftforge.fml.network.FMLHandshakeHandler/FMLHANDSHAKE]: Sending ticking packet info 'Registry minecraft:data_serializers' to 'fml:handshake' sequence 20
[27Aug2026 22:19:43.708] [Netty Epoll Server IO #5/DEBUG] [net.minecraftforge.fml.network.FMLLoginWrapper/FMLHANDSHAKE]: Recieved login wrapper packet event for channel fml:handshake with index 16
[27Aug2026 22:19:43.708] [Netty Epoll Server IO #5/DEBUG] [net.minecraftforge.fml.network.FMLHandshakeHandler/FMLHANDSHAKE]: Received client indexed reply 16 of type net.minecraftforge.fml.network.FMLHandshakeMessages$C2SAcknowledge
[27Aug2026 22:19:43.708] [Netty Epoll Server IO #5/DEBUG] [net.minecraftforge.fml.network.FMLHandshakeHandler/FMLHANDSHAKE]: Received acknowledgement from client
[27Aug2026 22:19:43.730] [Netty Epoll Server IO #5/DEBUG] [net.minecraftforge.fml.network.FMLLoginWrapper/FMLHANDSHAKE]: Recieved login wrapper packet event for channel fml:handshake with index 17
[27Aug2026 22:19:43.730] [Netty Epoll Server IO #5/DEBUG] [net.minecraftforge.fml.network.FMLHandshakeHandler/FMLHANDSHAKE]: Received client indexed reply 17 of type net.minecraftforge.fml.network.FMLHandshakeMessages$C2SAcknowledge
[27Aug2026 22:19:43.730] [Netty Epoll Server IO #5/DEBUG] [net.minecraftforge.fml.network.FMLHandshakeHandler/FMLHANDSHAKE]: Received acknowledgement from client
[27Aug2026 22:19:43.753] [Server thread/DEBUG] [net.minecraftforge.fml.network.FMLHandshakeHandler/FMLHANDSHAKE]: Sending ticking packet info 'Registry mineminenomi:challenges' to 'fml:handshake' sequence 21
[27Aug2026 22:19:43.762] [Netty Epoll Server IO #5/DEBUG] [net.minecraftforge.fml.network.FMLLoginWrapper/FMLHANDSHAKE]: Recieved login wrapper packet event for channel fml:handshake with index 18
[27Aug2026 22:19:43.762] [Netty Epoll Server IO #5/DEBUG] [net.minecraftforge.fml.network.FMLHandshakeHandler/FMLHANDSHAKE]: Received client indexed reply 18 of type net.minecraftforge.fml.network.FMLHandshakeMessages$C2SAcknowledge
[27Aug2026 22:19:43.763] [Netty Epoll Server IO #5/DEBUG] [net.minecraftforge.fml.network.FMLHandshakeHandler/FMLHANDSHAKE]: Received acknowledgement from client
[27Aug2026 22:19:43.798] [Server thread/DEBUG] [net.minecraftforge.fml.network.FMLHandshakeHandler/FMLHANDSHAKE]: Sending ticking packet info 'Registry mineminenomi:faction' to 'fml:handshake' sequence 22
[27Aug2026 22:19:43.810] [Netty Epoll Server IO #5/DEBUG] [net.minecraftforge.fml.network.FMLLoginWrapper/FMLHANDSHAKE]: Recieved login wrapper packet event for channel fml:handshake with index 19
[27Aug2026 22:19:43.810] [Netty Epoll Server IO #5/DEBUG] [net.minecraftforge.fml.network.FMLHandshakeHandler/FMLHANDSHAKE]: Received client indexed reply 19 of type net.minecraftforge.fml.network.FMLHandshakeMessages$C2SAcknowledge
[27Aug2026 22:19:43.810] [Netty Epoll Server IO #5/DEBUG] [net.minecraftforge.fml.network.FMLHandshakeHandler/FMLHANDSHAKE]: Received acknowledgement from client
[27Aug2026 22:19:43.853] [Server thread/DEBUG] [net.minecraftforge.fml.network.FMLHandshakeHandler/FMLHANDSHAKE]: Sending ticking packet info 'Registry minecraft:mob_effect' to 'fml:handshake' sequence 23
[27Aug2026 22:19:43.860] [Netty Epoll Server IO #5/DEBUG] [net.minecraftforge.fml.network.FMLLoginWrapper/FMLHANDSHAKE]: Recieved login wrapper packet event for channel fml:handshake with index 20
[27Aug2026 22:19:43.860] [Netty Epoll Server IO #5/DEBUG] [net.minecraftforge.fml.network.FMLHandshakeHandler/FMLHANDSHAKE]: Received client indexed reply 20 of type net.minecraftforge.fml.network.FMLHandshakeMessages$C2SAcknowledge
[27Aug2026 22:19:43.860] [Netty Epoll Server IO #5/DEBUG] [net.minecraftforge.fml.network.FMLHandshakeHandler/FMLHANDSHAKE]: Received acknowledgement from client
[27Aug2026 22:19:43.898] [Server thread/DEBUG] [net.minecraftforge.fml.network.FMLHandshakeHandler/FMLHANDSHAKE]: Sending ticking packet info 'Registry mineminenomi:morphs' to 'fml:handshake' sequence 24
[27Aug2026 22:19:43.914] [Netty Epoll Server IO #5/DEBUG] [net.minecraftforge.fml.network.FMLLoginWrapper/FMLHANDSHAKE]: Recieved login wrapper packet event for channel fml:handshake with index 21
[27Aug2026 22:19:43.915] [Netty Epoll Server IO #5/DEBUG] [net.minecraftforge.fml.network.FMLHandshakeHandler/FMLHANDSHAKE]: Received client indexed reply 21 of type net.minecraftforge.fml.network.FMLHandshakeMessages$C2SAcknowledge
[27Aug2026 22:19:43.915] [Netty Epoll Server IO #5/DEBUG] [net.minecraftforge.fml.network.FMLHandshakeHandler/FMLHANDSHAKE]: Received acknowledgement from client
[27Aug2026 22:19:43.950] [Server thread/DEBUG] [net.minecraftforge.fml.network.FMLHandshakeHandler/FMLHANDSHAKE]: Sending ticking packet info 'Registry minecraft:enchantment' to 'fml:handshake' sequence 25
[27Aug2026 22:19:43.962] [Netty Epoll Server IO #5/DEBUG] [net.minecraftforge.fml.network.FMLLoginWrapper/FMLHANDSHAKE]: Recieved login wrapper packet event for channel fml:handshake with index 22
[27Aug2026 22:19:43.962] [Netty Epoll Server IO #5/DEBUG] [net.minecraftforge.fml.network.FMLHandshakeHandler/FMLHANDSHAKE]: Received client indexed reply 22 of type net.minecraftforge.fml.network.FMLHandshakeMessages$C2SAcknowledge
[27Aug2026 22:19:43.962] [Netty Epoll Server IO #5/DEBUG] [net.minecraftforge.fml.network.FMLHandshakeHandler/FMLHANDSHAKE]: Received acknowledgement from client
[27Aug2026 22:19:43.997] [Server thread/DEBUG] [net.minecraftforge.fml.network.FMLHandshakeHandler/FMLHANDSHAKE]: Sending ticking packet info 'Registry mineminenomi:style' to 'fml:handshake' sequence 26
[27Aug2026 22:19:44.031] [Netty Epoll Server IO #5/DEBUG] [net.minecraftforge.fml.network.FMLLoginWrapper/FMLHANDSHAKE]: Recieved login wrapper packet event for channel fml:handshake with index 23
[27Aug2026 22:19:44.031] [Netty Epoll Server IO #5/DEBUG] [net.minecraftforge.fml.network.FMLHandshakeHandler/FMLHANDSHAKE]: Received client indexed reply 23 of type net.minecraftforge.fml.network.FMLHandshakeMessages$C2SAcknowledge
[27Aug2026 22:19:44.031] [Netty Epoll Server IO #5/DEBUG] [net.minecraftforge.fml.network.FMLHandshakeHandler/FMLHANDSHAKE]: Received acknowledgement from client
[27Aug2026 22:19:44.047] [Server thread/DEBUG] [net.minecraftforge.fml.network.FMLHandshakeHandler/FMLHANDSHAKE]: Sending ticking packet info 'Registry minecraft:entity_type' to 'fml:handshake' sequence 27
[27Aug2026 22:19:44.054] [Netty Epoll Server IO #5/DEBUG] [net.minecraftforge.fml.network.FMLLoginWrapper/FMLHANDSHAKE]: Recieved login wrapper packet event for channel fml:handshake with index 24
[27Aug2026 22:19:44.054] [Netty Epoll Server IO #5/DEBUG] [net.minecraftforge.fml.network.FMLHandshakeHandler/FMLHANDSHAKE]: Received client indexed reply 24 of type net.minecraftforge.fml.network.FMLHandshakeMessages$C2SAcknowledge
[27Aug2026 22:19:44.054] [Netty Epoll Server IO #5/DEBUG] [net.minecraftforge.fml.network.FMLHandshakeHandler/FMLHANDSHAKE]: Received acknowledgement from client
[27Aug2026 22:19:44.104] [Server thread/DEBUG] [net.minecraftforge.fml.network.FMLHandshakeHandler/FMLHANDSHAKE]: Sending ticking packet info 'Config minemineextraslots-server.toml' to 'fml:handshake' sequence 28
[27Aug2026 22:19:44.114] [Netty Epoll Server IO #5/DEBUG] [net.minecraftforge.fml.network.FMLLoginWrapper/FMLHANDSHAKE]: Recieved login wrapper packet event for channel fml:handshake with index 25
[27Aug2026 22:19:44.114] [Netty Epoll Server IO #5/DEBUG] [net.minecraftforge.fml.network.FMLHandshakeHandler/FMLHANDSHAKE]: Received client indexed reply 25 of type net.minecraftforge.fml.network.FMLHandshakeMessages$C2SAcknowledge
[27Aug2026 22:19:44.114] [Netty Epoll Server IO #5/DEBUG] [net.minecraftforge.fml.network.FMLHandshakeHandler/FMLHANDSHAKE]: Received acknowledgement from client
[27Aug2026 22:19:44.153] [Server thread/DEBUG] [net.minecraftforge.fml.network.FMLHandshakeHandler/FMLHANDSHAKE]: Sending ticking packet info 'Config curios-server.toml' to 'fml:handshake' sequence 29
[27Aug2026 22:19:44.158] [Netty Epoll Server IO #5/DEBUG] [net.minecraftforge.fml.network.FMLLoginWrapper/FMLHANDSHAKE]: Recieved login wrapper packet event for channel fml:handshake with index 26
[27Aug2026 22:19:44.158] [Netty Epoll Server IO #5/DEBUG] [net.minecraftforge.fml.network.FMLHandshakeHandler/FMLHANDSHAKE]: Received client indexed reply 26 of type net.minecraftforge.fml.network.FMLHandshakeMessages$C2SAcknowledge
[27Aug2026 22:19:44.158] [Netty Epoll Server IO #5/DEBUG] [net.minecraftforge.fml.network.FMLHandshakeHandler/FMLHANDSHAKE]: Received acknowledgement from client
[27Aug2026 22:19:44.208] [Server thread/DEBUG] [net.minecraftforge.fml.network.FMLHandshakeHandler/FMLHANDSHAKE]: Sending ticking packet info 'Config quickteleports-server.toml' to 'fml:handshake' sequence 30
[27Aug2026 22:19:44.246] [Server thread/DEBUG] [net.minecraftforge.fml.network.FMLHandshakeHandler/FMLHANDSHAKE]: Sending ticking packet info 'Config forge-server.toml' to 'fml:handshake' sequence 31
[27Aug2026 22:19:44.296] [Server thread/DEBUG] [net.minecraftforge.fml.network.FMLHandshakeHandler/FMLHANDSHAKE]: Sending ticking packet info 'Config jei-server.toml' to 'fml:handshake' sequence 32
[27Aug2026 22:19:44.324] [Netty Epoll Server IO #5/DEBUG] [net.minecraftforge.fml.network.FMLLoginWrapper/FMLHANDSHAKE]: Recieved login wrapper packet event for channel fml:handshake with index 27
[27Aug2026 22:19:44.324] [Netty Epoll Server IO #5/DEBUG] [net.minecraftforge.fml.network.FMLHandshakeHandler/FMLHANDSHAKE]: Received client indexed reply 27 of type net.minecraftforge.fml.network.FMLHandshakeMessages$C2SAcknowledge
[27Aug2026 22:19:44.324] [Netty Epoll Server IO #5/DEBUG] [net.minecraftforge.fml.network.FMLHandshakeHandler/FMLHANDSHAKE]: Received acknowledgement from client
[27Aug2026 22:19:44.326] [Netty Epoll Server IO #5/DEBUG] [net.minecraftforge.fml.network.FMLLoginWrapper/FMLHANDSHAKE]: Recieved login wrapper packet event for channel fml:handshake with index 28
[27Aug2026 22:19:44.326] [Netty Epoll Server IO #5/DEBUG] [net.minecraftforge.fml.network.FMLHandshakeHandler/FMLHANDSHAKE]: Received client indexed reply 28 of type net.minecraftforge.fml.network.FMLHandshakeMessages$C2SAcknowledge
[27Aug2026 22:19:44.326] [Netty Epoll Server IO #5/DEBUG] [net.minecraftforge.fml.network.FMLHandshakeHandler/FMLHANDSHAKE]: Received acknowledgement from client
[27Aug2026 22:19:44.326] [Netty Epoll Server IO #5/DEBUG] [net.minecraftforge.fml.network.FMLLoginWrapper/FMLHANDSHAKE]: Recieved login wrapper packet event for channel fml:handshake with index 29
[27Aug2026 22:19:44.326] [Netty Epoll Server IO #5/DEBUG] [net.minecraftforge.fml.network.FMLHandshakeHandler/FMLHANDSHAKE]: Received client indexed reply 29 of type net.minecraftforge.fml.network.FMLHandshakeMessages$C2SAcknowledge
[27Aug2026 22:19:44.326] [Netty Epoll Server IO #5/DEBUG] [net.minecraftforge.fml.network.FMLHandshakeHandler/FMLHANDSHAKE]: Received acknowledgement from client
[27Aug2026 22:19:44.370] [Netty Epoll Server IO #5/DEBUG] [net.minecraftforge.fml.network.FMLLoginWrapper/FMLHANDSHAKE]: Recieved login wrapper packet event for channel fml:handshake with index 30
[27Aug2026 22:19:44.370] [Netty Epoll Server IO #5/DEBUG] [net.minecraftforge.fml.network.FMLHandshakeHandler/FMLHANDSHAKE]: Received client indexed reply 30 of type net.minecraftforge.fml.network.FMLHandshakeMessages$C2SAcknowledge
[27Aug2026 22:19:44.370] [Netty Epoll Server IO #5/DEBUG] [net.minecraftforge.fml.network.FMLHandshakeHandler/FMLHANDSHAKE]: Received acknowledgement from client
[27Aug2026 22:19:44.406] [Netty Epoll Server IO #5/DEBUG] [net.minecraftforge.fml.network.FMLLoginWrapper/FMLHANDSHAKE]: Recieved login wrapper packet event for channel fml:handshake with index 31
[27Aug2026 22:19:44.406] [Netty Epoll Server IO #5/DEBUG] [net.minecraftforge.fml.network.FMLHandshakeHandler/FMLHANDSHAKE]: Received client indexed reply 31 of type net.minecraftforge.fml.network.FMLHandshakeMessages$C2SAcknowledge
[27Aug2026 22:19:44.406] [Netty Epoll Server IO #5/DEBUG] [net.minecraftforge.fml.network.FMLHandshakeHandler/FMLHANDSHAKE]: Received acknowledgement from client
[27Aug2026 22:19:44.458] [Netty Epoll Server IO #5/DEBUG] [net.minecraftforge.fml.network.FMLLoginWrapper/FMLHANDSHAKE]: Recieved login wrapper packet event for channel fml:handshake with index 32
[27Aug2026 22:19:44.458] [Netty Epoll Server IO #5/DEBUG] [net.minecraftforge.fml.network.FMLHandshakeHandler/FMLHANDSHAKE]: Received client indexed reply 32 of type net.minecraftforge.fml.network.FMLHandshakeMessages$C2SAcknowledge
[27Aug2026 22:19:44.458] [Netty Epoll Server IO #5/DEBUG] [net.minecraftforge.fml.network.FMLHandshakeHandler/FMLHANDSHAKE]: Received acknowledgement from client
[27Aug2026 22:19:44.496] [Server thread/DEBUG] [net.minecraftforge.fml.network.FMLHandshakeHandler/FMLHANDSHAKE]: Handshake complete!
[27Aug2026 22:19:44.548] [Server thread/DEBUG] [zitoenpiece/]: [Honor] Attached capability to player
[27Aug2026 22:19:44.553] [Server thread/INFO] [net.minecraftforge.common.AdvancementLoadFix/]: Using new advancement loading for net.minecraft.advancements.PlayerAdvancements@65dc577a
[27Aug2026 22:19:44.560] [Server thread/INFO] [net.minecraft.server.management.PlayerList/]: dante_11223[/100.120.13.23:54859] logged in with entity id 836 at (-2166.857364554203, 48.0, -3747.6853178605247)
[27Aug2026 22:19:44.560] [Server thread/DEBUG] [net.minecraftforge.network.NetworkFilters/]: Injected net.minecraftforge.network.ForgeConnectionNetworkFilter@76f2606a into net.minecraft.network.NetworkManager@4832a0ba
[27Aug2026 22:19:44.561] [Server thread/DEBUG] [ModernFix/]: Sending ID correction packet to client with 78 classes
[27Aug2026 22:19:44.568] [Server thread/INFO] [net.minecraft.server.dedicated.DedicatedServer/]: Jaguar dante_11223 joined the game
[27Aug2026 22:19:44.629] [Server thread/INFO] [Waila/]: Syncing config to dante_11223 (fc0fbe5d-4170-3762-adae-7e5e79a6b7ec)
[27Aug2026 22:19:44.630] [Server thread/INFO] [STDOUT/]: [net.Zitoen.zitoenpiece.haki.HakiMasteryEvents:onPlayerLogin:21]: [HakiMastery] PlayerLoggedInEvent fired for dante_11223
[27Aug2026 22:19:44.630] [Server thread/DEBUG] [net.Zitoen.zitoenpiece.haki.HakiMasteryEvents/]: [HakiMastery] Player dante_11223 logged in, syncing mastery data
[27Aug2026 22:19:44.630] [Server thread/INFO] [STDOUT/]: [net.Zitoen.zitoenpiece.haki.HakiMasteryEvents:onPlayerLogin:33]: [HakiMastery] Processing login for dante_11223
[27Aug2026 22:19:44.630] [Server thread/INFO] [STDOUT/]: [net.Zitoen.zitoenpiece.haki.HakiMasteryManager:updateMasteryFromAbilities:113]: [HakiMastery] Checking abilities for dante_11223
[27Aug2026 22:19:44.631] [Server thread/INFO] [STDOUT/]: [net.Zitoen.zitoenpiece.haki.HakiMasteryManager:updateMasteryFromAbilities:323]: [HakiMastery] No changes needed for dante_11223
[27Aug2026 22:19:44.631] [Server thread/INFO] [STDOUT/]: [net.Zitoen.zitoenpiece.haki.HakiMasteryEvents:onPlayerLogin:37]: [HakiMastery] Login processing complete for dante_11223
[27Aug2026 22:19:44.631] [Server thread/DEBUG] [net.Zitoen.zitoenpiece.network.limb.LimbSyncPacket/]: [LimbSyncPacket] PACKET CREATED - entityId: 836, hasArm: true, hasLeg: true, armType: VANILLA, legType: VANILLA
[27Aug2026 22:19:44.631] [Server thread/DEBUG] [net.Zitoen.zitoenpiece.network.limb.LimbSyncPacket/]: [LimbSyncPacket] PACKET ENCODED - entityId: 836, hasArm: true, hasLeg: true, armType: VANILLA, legType: VANILLA
[27Aug2026 22:19:44.632] [Server thread/DEBUG] [zitoenpiece/]: [Honor] Synced honor on login for dante_11223
[27Aug2026 22:19:44.633] [Server thread/INFO] [STDOUT/]: [com.anonymdev.skinrestoreforge.util.SkinApplier:refreshTabList:33]: [SkinRestoreForge DEBUG] Refreshing tab list for: dante_11223 (fc0fbe5d-4170-3762-adae-7e5e79a6b7ec)
[27Aug2026 22:19:44.633] [Server thread/INFO] [STDOUT/]: [com.anonymdev.skinrestoreforge.util.SkinApplier:refreshTabList:34]: [SkinRestoreForge DEBUG] textures property count: 1
[27Aug2026 22:19:44.633] [Server thread/INFO] [STDOUT/]: [com.anonymdev.skinrestoreforge.util.SkinApplier:lambda$refreshTabList$0:36]: [SkinRestoreForge DEBUG] value length=480 hasSignature=true
[27Aug2026 22:19:44.633] [Server thread/INFO] [STDOUT/]: [com.anonymdev.skinrestoreforge.util.SkinApplier:refreshTabList:39]: [SkinRestoreForge DEBUG] Connected players count: 3
[27Aug2026 22:19:44.634] [Server thread/INFO] [STDOUT/]: [com.anonymdev.skinrestoreforge.util.SkinApplier:refreshTabList:48]: [SkinRestoreForge DEBUG] REMOVE_PLAYER + ADD_PLAYER packets sent.
[27Aug2026 22:19:44.964] [Server thread/DEBUG] [xyz.pixelatedw.mineminenomi.api.entities.ai.NPCPhaseManager/]: Switched Revolutionary Army Sniper's phase to: Range Phase
[27Aug2026 22:19:45.058] [Server thread/DEBUG] [mixin/]: Mixing MixinBlockEntityExtension from architectury.mixins.json into me.shedaniel.architectury.extensions.BlockEntityExtension
[27Aug2026 22:19:45.280] [Server thread/DEBUG] [xyz.pixelatedw.mineminenomi.api.entities.ai.NPCPhaseManager/]: Switched Sea Cow's phase to: Ground Phase
[27Aug2026 22:19:45.312] [Server thread/DEBUG] [xyz.pixelatedw.mineminenomi.api.entities.ai.NPCPhaseManager/]: Switched Revolutionary Army Sniper's phase to: Range Phase
[27Aug2026 22:19:45.313] [Server thread/DEBUG] [xyz.pixelatedw.mineminenomi.api.entities.ai.NPCPhaseManager/]: Switched Revolutionary Army Sniper's phase to: Range Phase
[27Aug2026 22:19:45.422] [Server thread/DEBUG] [xyz.pixelatedw.mineminenomi.api.entities.ai.NPCPhaseManager/]: Switched Marine Rifleman's phase to: Range Phase
[27Aug2026 22:19:45.422] [Server thread/DEBUG] [xyz.pixelatedw.mineminenomi.api.entities.ai.NPCPhaseManager/]: Switched Marine Rifleman's phase to: Range Phase
[27Aug2026 22:19:46.123] [Server thread/DEBUG] [xyz.pixelatedw.mineminenomi.api.entities.ai.NPCPhaseManager/]: Switched Marine Rifleman's phase to: Range Phase
[27Aug2026 22:19:46.158] [Server thread/DEBUG] [xyz.pixelatedw.mineminenomi.api.entities.ai.NPCPhaseManager/]: Switched Sea Cow's phase to: Water Phase
[27Aug2026 22:19:47.060] [Server thread/DEBUG] [xyz.pixelatedw.mineminenomi.api.entities.ai.NPCPhaseManager/]: Switched Revolutionary Army Sniper's phase to: Range Phase
[27Aug2026 22:19:47.061] [Server thread/DEBUG] [xyz.pixelatedw.mineminenomi.api.entities.ai.NPCPhaseManager/]: Switched Revolutionary Army Sniper's phase to: Range Phase
[27Aug2026 22:19:48.123] [Server thread/DEBUG] [xyz.pixelatedw.mineminenomi.api.entities.ai.NPCPhaseManager/]: Switched Marine Rifleman's phase to: Range Phase
[27Aug2026 22:19:48.123] [Server thread/DEBUG] [xyz.pixelatedw.mineminenomi.api.entities.ai.NPCPhaseManager/]: Switched Marine Rifleman's phase to: Range Phase
[27Aug2026 22:19:48.175] [Server thread/DEBUG] [xyz.pixelatedw.mineminenomi.api.entities.ai.NPCPhaseManager/]: Switched Revolutionary Army Sniper's phase to: Range Phase
[27Aug2026 22:19:48.176] [Server thread/DEBUG] [xyz.pixelatedw.mineminenomi.api.entities.ai.NPCPhaseManager/]: Switched Revolutionary Army Sniper's phase to: Range Phase
[27Aug2026 22:19:48.378] [Server thread/DEBUG] [xyz.pixelatedw.mineminenomi.api.entities.ai.NPCPhaseManager/]: Switched Revolutionary Army Sniper's phase to: Range Phase
[27Aug2026 22:19:50.864] [Server thread/DEBUG] [xyz.pixelatedw.mineminenomi.api.entities.ai.NPCPhaseManager/]: Switched Revolutionary Army Sniper's phase to: Range Phase
[27Aug2026 22:19:54.776] [Server thread/DEBUG] [xyz.pixelatedw.mineminenomi.api.entities.ai.NPCPhaseManager/]: Switched Revolutionary Army Sniper's phase to: Melee Phase
[27Aug2026 22:20:01.795] [Server thread/DEBUG] [xyz.pixelatedw.mineminenomi.api.entities.ai.NPCPhaseManager/]: Switched Marine Rifleman's phase to: Melee Phase
[27Aug2026 22:20:02.841] [Server thread/DEBUG] [xyz.pixelatedw.mineminenomi.api.entities.ai.NPCPhaseManager/]: Switched Marine Rifleman's phase to: Range Phase
[27Aug2026 22:20:03.716] [Server thread/DEBUG] [xyz.pixelatedw.mineminenomi.api.entities.ai.NPCPhaseManager/]: Switched Marine Rifleman's phase to: Melee Phase
[27Aug2026 22:20:03.828] [Server thread/INFO] [net.minecraft.server.dedicated.DedicatedServer/]: [Capone karma10K: Teleported Capone karma10K to Don Tmarsi219]
[27Aug2026 22:20:03.847] [Server thread/DEBUG] [net.Zitoen.zitoenpiece.network.limb.LimbSyncPacket/]: [LimbSyncPacket] PACKET CREATED - entityId: 135, hasArm: true, hasLeg: true, armType: VANILLA, legType: VANILLA
[27Aug2026 22:20:03.848] [Server thread/DEBUG] [net.Zitoen.zitoenpiece.network.limb.LimbSyncPacket/]: [LimbSyncPacket] PACKET ENCODED - entityId: 135, hasArm: true, hasLeg: true, armType: VANILLA, legType: VANILLA
[27Aug2026 22:20:03.911] [Server thread/DEBUG] [net.Zitoen.zitoenpiece.network.limb.LimbSyncPacket/]: [LimbSyncPacket] PACKET CREATED - entityId: 310, hasArm: true, hasLeg: true, armType: VANILLA, legType: VANILLA
[27Aug2026 22:20:03.911] [Server thread/DEBUG] [net.Zitoen.zitoenpiece.network.limb.LimbSyncPacket/]: [LimbSyncPacket] PACKET ENCODED - entityId: 310, hasArm: true, hasLeg: true, armType: VANILLA, legType: VANILLA
[27Aug2026 22:20:03.916] [Server thread/DEBUG] [xyz.pixelatedw.mineminenomi.api.entities.ai.NPCPhaseManager/]: Switched Sea Cow's phase to: Ground Phase
[27Aug2026 22:20:03.917] [Server thread/DEBUG] [xyz.pixelatedw.mineminenomi.api.entities.ai.NPCPhaseManager/]: Switched Sea Cow's phase to: Ground Phase
[27Aug2026 22:20:04.204] [Server thread/DEBUG] [xyz.pixelatedw.mineminenomi.api.entities.ai.NPCPhaseManager/]: Switched Marine Rifleman's phase to: Melee Phase
[27Aug2026 22:20:04.617] [Server thread/DEBUG] [xyz.pixelatedw.mineminenomi.api.entities.ai.AbilityWrapperGoal/]: Revolutionary Army Sniper stopped Sakuretsu Saboten Boshi at tick 310
[27Aug2026 22:20:06.188] [Server thread/DEBUG] [xyz.pixelatedw.mineminenomi.api.entities.ai.NPCPhaseManager/]: Switched Marine Rifleman's phase to: Range Phase
[27Aug2026 22:20:06.689] [Server thread/DEBUG] [xyz.pixelatedw.mineminenomi.api.entities.ai.AbilityWrapperGoal/]: Revolutionary Army Sniper stopped Kaen Boshi at tick 351
[27Aug2026 22:20:06.690] [Server thread/DEBUG] [xyz.pixelatedw.mineminenomi.api.entities.ai.AbilityWrapperGoal/]: Revolutionary Army Sniper stopped Sakuretsu Saboten Boshi at tick 351
[27Aug2026 22:20:08.452] [Server thread/DEBUG] [xyz.pixelatedw.mineminenomi.api.entities.ai.NPCPhaseManager/]: Switched Marine Rifleman's phase to: Melee Phase
[27Aug2026 22:20:09.709] [Server thread/DEBUG] [xyz.pixelatedw.mineminenomi.api.entities.ai.AbilityWrapperGoal/]: Revolutionary Army Sniper stopped Kaen Boshi at tick 412
[27Aug2026 22:20:09.709] [Server thread/DEBUG] [xyz.pixelatedw.mineminenomi.api.entities.ai.AbilityWrapperGoal/]: Revolutionary Army Sniper stopped Sakuretsu Saboten Boshi at tick 412
[27Aug2026 22:20:10.832] [Server thread/DEBUG] [ZitoenPiece/ChefsKiss/]: Chef's Kiss: Food has no NBT tag
[27Aug2026 22:20:11.702] [Server thread/DEBUG] [xyz.pixelatedw.mineminenomi.api.entities.ai.NPCPhaseManager/]: Switched Marine Rifleman's phase to: Range Phase
[27Aug2026 22:20:12.508] [Server thread/DEBUG] [xyz.pixelatedw.mineminenomi.api.entities.ai.NPCPhaseManager/]: Switched Marine Rifleman's phase to: Range Phase
[27Aug2026 22:20:12.518] [Server thread/DEBUG] [ZitoenPiece/ChefsKiss/]: Chef's Kiss: Food has no NBT tag
[27Aug2026 22:20:12.712] [Server thread/DEBUG] [xyz.pixelatedw.mineminenomi.api.entities.ai.AbilityWrapperGoal/]: Revolutionary Army Sniper stopped Kaen Boshi at tick 473
[27Aug2026 22:20:12.712] [Server thread/DEBUG] [xyz.pixelatedw.mineminenomi.api.entities.ai.AbilityWrapperGoal/]: Revolutionary Army Sniper stopped Sakuretsu Saboten Boshi at tick 473
[27Aug2026 22:20:15.956] [Server thread/DEBUG] [xyz.pixelatedw.mineminenomi.api.entities.ai.AbilityWrapperGoal/]: Revolutionary Army Sniper stopped Kaen Boshi at tick 538
[27Aug2026 22:20:15.956] [Server thread/DEBUG] [xyz.pixelatedw.mineminenomi.api.entities.ai.AbilityWrapperGoal/]: Revolutionary Army Sniper stopped Sakuretsu Saboten Boshi at tick 538
[27Aug2026 22:20:16.449] [Server thread/DEBUG] [xyz.pixelatedw.mineminenomi.api.entities.ai.AbilityWrapperGoal/]: Revolutionary Army Sniper stopped Kemuri Boshi at tick 512
[27Aug2026 22:20:16.914] [Server thread/DEBUG] [xyz.pixelatedw.mineminenomi.api.entities.ai.NPCPhaseManager/]: Switched Revolutionary Army Sniper's phase to: Melee Phase
[27Aug2026 22:20:18.170] [Server thread/DEBUG] [xyz.pixelatedw.mineminenomi.api.entities.ai.NPCPhaseManager/]: Switched Revolutionary Army Sniper's phase to: Range Phase
[27Aug2026 22:20:18.472] [Server thread/DEBUG] [xyz.pixelatedw.mineminenomi.api.entities.ai.AbilityWrapperGoal/]: Revolutionary Army Sniper stopped Kaen Boshi at tick 551
[27Aug2026 22:20:19.068] [Server thread/DEBUG] [xyz.pixelatedw.mineminenomi.api.entities.ai.AbilityWrapperGoal/]: Revolutionary Army Sniper stopped Kemuri Boshi at tick 62
[27Aug2026 22:20:19.068] [Server thread/DEBUG] [xyz.pixelatedw.mineminenomi.api.entities.ai.AbilityWrapperGoal/]: Revolutionary Army Sniper stopped Sakuretsu Saboten Boshi at tick 62
[27Aug2026 22:20:19.068] [Server thread/DEBUG] [xyz.pixelatedw.mineminenomi.api.entities.ai.NPCPhaseManager/]: Switched Revolutionary Army Sniper's phase to: Melee Phase
[27Aug2026 22:20:19.506] [Server thread/DEBUG] [xyz.pixelatedw.mineminenomi.api.entities.ai.AbilityWrapperGoal/]: Revolutionary Army Sniper stopped Kemuri Boshi at tick 573
[27Aug2026 22:20:19.506] [Server thread/DEBUG] [xyz.pixelatedw.mineminenomi.api.entities.ai.AbilityWrapperGoal/]: Revolutionary Army Sniper stopped Kaen Boshi at tick 573
[27Aug2026 22:20:20.054] [Server thread/DEBUG] [xyz.pixelatedw.mineminenomi.api.entities.ai.NPCPhaseManager/]: Switched Revolutionary Army Sniper's phase to: Range Phase
[27Aug2026 22:20:21.117] [Server thread/DEBUG] [xyz.pixelatedw.mineminenomi.api.entities.ai.NPCPhaseManager/]: Switched Revolutionary Army Sniper's phase to: Melee Phase
[27Aug2026 22:20:21.307] [Server thread/DEBUG] [xyz.pixelatedw.mineminenomi.api.entities.ai.AbilityWrapperGoal/]: Revolutionary Army Sniper stopped Kaen Boshi at tick 645
[27Aug2026 22:20:21.307] [Server thread/DEBUG] [xyz.pixelatedw.mineminenomi.api.entities.ai.AbilityWrapperGoal/]: Revolutionary Army Sniper stopped Sakuretsu Saboten Boshi at tick 645
[27Aug2026 22:20:22.555] [Server thread/DEBUG] [xyz.pixelatedw.mineminenomi.api.entities.ai.AbilityWrapperGoal/]: Revolutionary Army Sniper stopped Kemuri Boshi at tick 634
[27Aug2026 22:20:22.555] [Server thread/DEBUG] [xyz.pixelatedw.mineminenomi.api.entities.ai.AbilityWrapperGoal/]: Revolutionary Army Sniper stopped Kaen Boshi at tick 634
[27Aug2026 22:20:26.659] [Server thread/DEBUG] [xyz.pixelatedw.mineminenomi.api.entities.ai.AbilityWrapperGoal/]: Revolutionary Army Sniper stopped Kemuri Boshi at tick 716
[27Aug2026 22:20:26.660] [Server thread/DEBUG] [xyz.pixelatedw.mineminenomi.api.entities.ai.AbilityWrapperGoal/]: Revolutionary Army Sniper stopped Kaen Boshi at tick 716
[27Aug2026 22:20:27.350] [Server thread/DEBUG] [xyz.pixelatedw.mineminenomi.api.entities.ai.NPCPhaseManager/]: Switched Revolutionary Army Sniper's phase to: Range Phase
[27Aug2026 22:20:28.050] [Server thread/DEBUG] [xyz.pixelatedw.mineminenomi.api.entities.ai.AbilityWrapperGoal/]: Revolutionary Army Sniper stopped Kaen Boshi at tick 780
[27Aug2026 22:20:28.050] [Server thread/DEBUG] [xyz.pixelatedw.mineminenomi.api.entities.ai.AbilityWrapperGoal/]: Revolutionary Army Sniper stopped Sakuretsu Saboten Boshi at tick 780
[27Aug2026 22:20:28.301] [Server thread/DEBUG] [xyz.pixelatedw.mineminenomi.api.entities.ai.AbilityWrapperGoal/]: Revolutionary Army Sniper stopped Sakuretsu Saboten Boshi at tick 248
[27Aug2026 22:20:29.302] [Server thread/DEBUG] [xyz.pixelatedw.mineminenomi.api.entities.ai.AbilityWrapperGoal/]: Revolutionary Army Sniper stopped Kemuri Boshi at tick 268
[27Aug2026 22:20:29.704] [Server thread/DEBUG] [xyz.pixelatedw.mineminenomi.api.entities.ai.AbilityWrapperGoal/]: Revolutionary Army Sniper stopped Kemuri Boshi at tick 777
[27Aug2026 22:20:29.704] [Server thread/DEBUG] [xyz.pixelatedw.mineminenomi.api.entities.ai.AbilityWrapperGoal/]: Revolutionary Army Sniper stopped Kaen Boshi at tick 777
[27Aug2026 22:20:36.548] [Server thread/DEBUG] [xyz.pixelatedw.mineminenomi.api.entities.ai.NPCPhaseManager/]: Switched Marine Rifleman's phase to: Melee Phase
[27Aug2026 22:20:39.361] [Server thread/DEBUG] [xyz.pixelatedw.mineminenomi.api.entities.ai.NPCPhaseManager/]: Switched Marine Rifleman's phase to: Range Phase
[27Aug2026 22:20:40.953] [Server thread/DEBUG] [xyz.pixelatedw.mineminenomi.api.entities.ai.NPCPhaseManager/]: Switched Marine Rifleman's phase to: Melee Phase
[27Aug2026 22:20:45.652] [Server thread/DEBUG] [xyz.pixelatedw.mineminenomi.api.entities.ai.NPCPhaseManager/]: Switched Marine Rifleman's phase to: Melee Phase
[27Aug2026 22:20:45.743] [Server thread/DEBUG] [xyz.pixelatedw.mineminenomi.api.entities.ai.AbilityWrapperGoal/]: Marine Rifleman stopped Busoshoku Haki: Imbuing at tick 1183
[27Aug2026 22:20:45.901] [Server thread/DEBUG] [xyz.pixelatedw.mineminenomi.api.entities.ai.NPCPhaseManager/]: Switched Marine Rifleman's phase to: Melee Phase
[27Aug2026 22:20:49.573] [Server thread/DEBUG] [xyz.pixelatedw.mineminenomi.api.entities.ai.AbilityWrapperGoal/]: Revolutionary Army Scout stopped Busoshoku Haki: Imbuing at tick 1171
[27Aug2026 22:20:50.890] [Server thread/DEBUG] [xyz.pixelatedw.mineminenomi.api.entities.ai.NPCPhaseManager/]: Switched Marine Rifleman's phase to: Range Phase
[27Aug2026 22:20:51.133] [Server thread/DEBUG] [xyz.pixelatedw.mineminenomi.api.entities.ai.NPCPhaseManager/]: Switched Marine Rifleman's phase to: Range Phase
[27Aug2026 22:21:05.786] [Server thread/WARN] [net.minecraft.network.play.ServerPlayNetHandler/]: karma10K moved too quickly! 3.222034731156782,14.454346065835509,-9.91951064367413
[27Aug2026 22:21:13.753] [Server thread/DEBUG] [xyz.pixelatedw.mineminenomi.api.entities.ai.NPCPhaseManager/]: Switched Marine Rifleman's phase to: Melee Phase
[27Aug2026 22:21:13.846] [Server thread/DEBUG] [xyz.pixelatedw.mineminenomi.api.entities.ai.NPCPhaseManager/]: Switched Marine Rifleman's phase to: Melee Phase
[27Aug2026 22:21:13.892] [Server thread/DEBUG] [xyz.pixelatedw.mineminenomi.api.entities.ai.NPCPhaseManager/]: Switched Marine Rifleman's phase to: Melee Phase
[27Aug2026 22:21:29.531] [Server thread/DEBUG] [xyz.pixelatedw.mineminenomi.api.entities.ai.NPCPhaseManager/]: Switched Sea Cow's phase to: Ground Phase
[27Aug2026 22:21:29.532] [Server thread/DEBUG] [xyz.pixelatedw.mineminenomi.api.entities.ai.NPCPhaseManager/]: Switched Sea Cow's phase to: Ground Phase
[27Aug2026 22:21:29.532] [Server thread/DEBUG] [xyz.pixelatedw.mineminenomi.api.entities.ai.NPCPhaseManager/]: Switched Sea Cow's phase to: Ground Phase
[27Aug2026 22:21:32.239] [Server thread/DEBUG] [xyz.pixelatedw.mineminenomi.api.entities.ai.NPCPhaseManager/]: Switched Sea Cow's phase to: Ground Phase
[27Aug2026 22:21:32.345] [Server thread/DEBUG] [xyz.pixelatedw.mineminenomi.api.entities.ai.NPCPhaseManager/]: Switched Sea Cow's phase to: Water Phase
[27Aug2026 22:21:35.058] [Server thread/DEBUG] [ZitoenPiece/ChefsKiss/]: Chef's Kiss: Food has no NBT tag
[27Aug2026 22:21:35.836] [Server thread/DEBUG] [xyz.pixelatedw.mineminenomi.api.entities.ai.NPCPhaseManager/]: Switched Sea Cow's phase to: Ground Phase
[27Aug2026 22:21:36.089] [Server thread/DEBUG] [xyz.pixelatedw.mineminenomi.api.entities.ai.AbilityWrapperGoal/]: Sea Cow stopped Tail Spin at tick 2200
[27Aug2026 22:21:37.637] [Server thread/DEBUG] [xyz.pixelatedw.mineminenomi.api.entities.ai.AbilityWrapperGoal/]: Sea Cow stopped Belly Flop at tick 2231
[27Aug2026 22:21:39.092] [Server thread/DEBUG] [xyz.pixelatedw.mineminenomi.api.entities.ai.AbilityWrapperGoal/]: Sea Cow stopped Tackle at tick 2260
[27Aug2026 22:21:44.840] [Server thread/DEBUG] [xyz.pixelatedw.mineminenomi.api.entities.ai.NPCPhaseManager/]: Switched Sea Cow's phase to: Water Phase
[27Aug2026 22:21:49.913] [Server thread/DEBUG] [ZitoenPiece/ChefsKiss/]: Chef's Kiss: Food has no NBT tag
[27Aug2026 22:21:51.660] [Server thread/DEBUG] [ZitoenPiece/ChefsKiss/]: Chef's Kiss: Food has no NBT tag
[27Aug2026 22:22:03.263] [Server thread/INFO] [net.minecraft.server.dedicated.DedicatedServer/]: [Capone karma10K: Teleported Capone karma10K to Jaguar dante_11223]
[27Aug2026 22:22:03.292] [Server thread/DEBUG] [net.Zitoen.zitoenpiece.network.limb.LimbSyncPacket/]: [LimbSyncPacket] PACKET CREATED - entityId: 836, hasArm: true, hasLeg: true, armType: VANILLA, legType: VANILLA
[27Aug2026 22:22:03.292] [Server thread/DEBUG] [net.Zitoen.zitoenpiece.network.limb.LimbSyncPacket/]: [LimbSyncPacket] PACKET ENCODED - entityId: 836, hasArm: true, hasLeg: true, armType: VANILLA, legType: VANILLA
[27Aug2026 22:22:03.342] [Server thread/DEBUG] [net.Zitoen.zitoenpiece.network.limb.LimbSyncPacket/]: [LimbSyncPacket] PACKET CREATED - entityId: 310, hasArm: true, hasLeg: true, armType: VANILLA, legType: VANILLA
[27Aug2026 22:22:03.342] [Server thread/DEBUG] [net.Zitoen.zitoenpiece.network.limb.LimbSyncPacket/]: [LimbSyncPacket] PACKET ENCODED - entityId: 310, hasArm: true, hasLeg: true, armType: VANILLA, legType: VANILLA
[27Aug2026 22:22:03.347] [Server thread/DEBUG] [xyz.pixelatedw.mineminenomi.api.entities.ai.NPCPhaseManager/]: Switched Sea Cow's phase to: Ground Phase
[27Aug2026 22:22:03.351] [Server thread/DEBUG] [xyz.pixelatedw.mineminenomi.api.entities.ai.NPCPhaseManager/]: Switched Sea Cow's phase to: Ground Phase
[27Aug2026 22:22:09.796] [Server thread/DEBUG] [ZitoenPiece/ChefsKiss/]: Chef's Kiss: Food has no NBT tag
[27Aug2026 22:22:14.537] [Worker-Main-1/DEBUG] [com.finndog.mvs.MVSMain/]: boulder at -7011 71 -2866
[27Aug2026 22:22:15.763] [Server thread/DEBUG] [zitoenpiece/]: [Honor] Combat tracked: karma10K attacked dante_11223 first
[27Aug2026 22:22:19.116] [Worker-Main-2/DEBUG] [com.finndog.mvs.MVSMain/]: oaklogpile at -6674 69 -2835
[27Aug2026 22:22:19.981] [Worker-Main-2/DEBUG] [com.finndog.mvs.MVSMain/]: spruce log pile at -7011 69 -2834
[27Aug2026 22:22:21.420] [Worker-Main-9/DEBUG] [com.finndog.mvs.MVSMain/]: boulder at -6723 71 -2818
[27Aug2026 22:22:24.791] [Server thread/DEBUG] [net.minecraftforge.fml.FMLWorldPersistenceHook/WP]: Gathering id map for writing to world save world
[27Aug2026 22:22:24.799] [Server thread/DEBUG] [net.minecraftforge.fml.FMLWorldPersistenceHook/WP]: ID Map collection complete world
[27Aug2026 22:22:24.827] [Server thread/INFO] [net.minecraft.server.dedicated.DedicatedServer/]: [Don Tmarsi219: Teleported Don Tmarsi219 to Capone karma10K]
[27Aug2026 22:22:24.828] [Server thread/DEBUG] [net.Zitoen.zitoenpiece.network.limb.LimbSyncPacket/]: [LimbSyncPacket] PACKET CREATED - entityId: 310, hasArm: true, hasLeg: true, armType: VANILLA, legType: VANILLA
[27Aug2026 22:22:24.828] [Server thread/DEBUG] [net.Zitoen.zitoenpiece.network.limb.LimbSyncPacket/]: [LimbSyncPacket] PACKET ENCODED - entityId: 310, hasArm: true, hasLeg: true, armType: VANILLA, legType: VANILLA
[27Aug2026 22:22:24.829] [Server thread/DEBUG] [net.Zitoen.zitoenpiece.network.limb.LimbSyncPacket/]: [LimbSyncPacket] PACKET CREATED - entityId: 836, hasArm: true, hasLeg: true, armType: VANILLA, legType: VANILLA
[27Aug2026 22:22:24.829] [Server thread/DEBUG] [net.Zitoen.zitoenpiece.network.limb.LimbSyncPacket/]: [LimbSyncPacket] PACKET ENCODED - entityId: 836, hasArm: true, hasLeg: true, armType: VANILLA, legType: VANILLA
[27Aug2026 22:22:24.946] [Server thread/DEBUG] [net.Zitoen.zitoenpiece.network.limb.LimbSyncPacket/]: [LimbSyncPacket] PACKET CREATED - entityId: 135, hasArm: true, hasLeg: true, armType: VANILLA, legType: VANILLA
[27Aug2026 22:22:24.946] [Server thread/DEBUG] [net.Zitoen.zitoenpiece.network.limb.LimbSyncPacket/]: [LimbSyncPacket] PACKET ENCODED - entityId: 135, hasArm: true, hasLeg: true, armType: VANILLA, legType: VANILLA
[27Aug2026 22:22:24.947] [Server thread/DEBUG] [net.Zitoen.zitoenpiece.network.limb.LimbSyncPacket/]: [LimbSyncPacket] PACKET CREATED - entityId: 135, hasArm: true, hasLeg: true, armType: VANILLA, legType: VANILLA
[27Aug2026 22:22:24.947] [Server thread/DEBUG] [net.Zitoen.zitoenpiece.network.limb.LimbSyncPacket/]: [LimbSyncPacket] PACKET ENCODED - entityId: 135, hasArm: true, hasLeg: true, armType: VANILLA, legType: VANILLA
[27Aug2026 22:22:25.225] [Server thread/DEBUG] [zitoenpiece/]: [Honor] Combat tracked: karma10K attacked Tmarsi219 first
[27Aug2026 22:22:40.212] [Server thread/DEBUG] [zitoenpiece/]: [Honor] Combat tracked: Tmarsi219 attacked dante_11223 first
[27Aug2026 22:22:40.216] [Server thread/INFO] [net.minecraft.server.dedicated.DedicatedServer/]: Jaguar dante_11223 is bleeding...
[27Aug2026 22:22:56.397] [Server thread/DEBUG] [ZitoenPiece/ChefsKiss/]: Chef's Kiss: Food has no NBT tag
[27Aug2026 22:22:58.101] [Server thread/DEBUG] [ZitoenPiece/ChefsKiss/]: Chef's Kiss: Food has no NBT tag
[27Aug2026 22:22:58.199] [Server thread/DEBUG] [ZitoenPiece/ChefsKiss/]: Chef's Kiss: Food has no NBT tag
[27Aug2026 22:22:59.796] [Server thread/DEBUG] [ZitoenPiece/ChefsKiss/]: Chef's Kiss: Food has no NBT tag
[27Aug2026 22:22:59.946] [Server thread/DEBUG] [ZitoenPiece/ChefsKiss/]: Chef's Kiss: Food has no NBT tag
[27Aug2026 22:23:01.498] [Server thread/DEBUG] [ZitoenPiece/ChefsKiss/]: Chef's Kiss: Food has no NBT tag
[27Aug2026 22:23:01.747] [Server thread/DEBUG] [ZitoenPiece/ChefsKiss/]: Chef's Kiss: Food has no NBT tag
[27Aug2026 22:23:03.498] [Server thread/DEBUG] [ZitoenPiece/ChefsKiss/]: Chef's Kiss: Food has no NBT tag
[27Aug2026 22:23:04.355] [Server thread/DEBUG] [ZitoenPiece/ChefsKiss/]: Chef's Kiss: Food has no NBT tag
[27Aug2026 22:23:22.786] [Server thread/DEBUG] [xyz.pixelatedw.mineminenomi.api.entities.ai.NPCPhaseManager/]: Switched Revolutionary Army Sniper's phase to: Melee Phase
[27Aug2026 22:23:55.791] [Server thread/DEBUG] [xyz.pixelatedw.mineminenomi.api.entities.ai.NPCPhaseManager/]: Switched Revolutionary Army Sniper's phase to: Melee Phase
[27Aug2026 22:23:59.886] [Server thread/DEBUG] [xyz.pixelatedw.mineminenomi.api.entities.ai.AbilityWrapperGoal/]: Revolutionary Army Sniper stopped Tokuyo Abura Boshi at tick 5089
[27Aug2026 22:24:00.050] [Server thread/DEBUG] [ZitoenPiece/ChefsKiss/]: Chef's Kiss: Food has no NBT tag
[27Aug2026 22:24:00.888] [Server thread/DEBUG] [xyz.pixelatedw.mineminenomi.api.entities.ai.AbilityWrapperGoal/]: Revolutionary Army Sniper stopped Tetsu Boshi at tick 5109
[27Aug2026 22:24:06.537] [Server thread/DEBUG] [xyz.pixelatedw.mineminenomi.api.entities.ai.NPCPhaseManager/]: Switched Marine Rifleman's phase to: Range Phase
[27Aug2026 22:24:08.688] [Server thread/DEBUG] [xyz.pixelatedw.mineminenomi.api.entities.ai.NPCPhaseManager/]: Switched Marine Rifleman's phase to: Range Phase
[27Aug2026 22:24:08.788] [Server thread/DEBUG] [xyz.pixelatedw.mineminenomi.api.entities.ai.NPCPhaseManager/]: Switched Marine Rifleman's phase to: Range Phase
[27Aug2026 22:24:09.138] [Server thread/DEBUG] [xyz.pixelatedw.mineminenomi.api.entities.ai.NPCPhaseManager/]: Switched Marine Rifleman's phase to: Melee Phase
[27Aug2026 22:24:11.996] [Server thread/DEBUG] [xyz.pixelatedw.mineminenomi.api.entities.ai.AbilityWrapperGoal/]: Marine Rifleman stopped Busoshoku Haki: Imbuing at tick 5308
[27Aug2026 22:24:44.190] [Server thread/DEBUG] [xyz.pixelatedw.mineminenomi.api.entities.ai.NPCPhaseManager/]: Switched Marine Rifleman's phase to: Melee Phase
[27Aug2026 22:24:44.191] [Server thread/DEBUG] [xyz.pixelatedw.mineminenomi.api.entities.ai.NPCPhaseManager/]: Switched Marine Rifleman's phase to: Melee Phase
[27Aug2026 22:24:50.394] [Server thread/DEBUG] [xyz.pixelatedw.mineminenomi.api.entities.ai.NPCPhaseManager/]: Switched Marine Rifleman's phase to: Range Phase
[27Aug2026 22:24:51.437] [Server thread/DEBUG] [xyz.pixelatedw.mineminenomi.api.entities.ai.NPCPhaseManager/]: Switched Marine Rifleman's phase to: Melee Phase
[27Aug2026 22:24:53.500] [Server thread/DEBUG] [com.yumixlove.bountyhunters.data.WorldDorikiData/]: World highest doriki updated: 390.11368 -> 455.5399999999999
[27Aug2026 22:25:01.739] [Server thread/DEBUG] [xyz.pixelatedw.mineminenomi.api.entities.ai.NPCPhaseManager/]: Switched Revolutionary Army Sniper's phase to: Range Phase
[27Aug2026 22:25:08.053] [Server thread/DEBUG] [ZitoenPiece/ChefsKiss/]: Chef's Kiss: Food missing ChefsKissCooked tag. Tags present: [DevilHordesExpiration]
[27Aug2026 22:25:26.147] [Server thread/DEBUG] [ZitoenPiece/ChefsKiss/]: Chef's Kiss: Food has no NBT tag
[27Aug2026 22:25:46.145] [Server thread/DEBUG] [ZitoenPiece/ChefsKiss/]: Chef's Kiss: Food has no NBT tag
[27Aug2026 22:25:57.590] [Server thread/DEBUG] [xyz.pixelatedw.mineminenomi.api.entities.ai.AbilityWrapperGoal/]: Saber Trainer stopped Spider Lily Slice at tick 3082
[27Aug2026 22:25:57.591] [Server thread/DEBUG] [xyz.pixelatedw.mineminenomi.api.entities.ai.AbilityWrapperGoal/]: Saber Trainer stopped Wild Gambit at tick 3082
[27Aug2026 22:25:57.792] [Server thread/DEBUG] [xyz.pixelatedw.mineminenomi.api.entities.ai.AbilityWrapperGoal/]: Saber Trainer stopped Soru at tick 3086
[27Aug2026 22:25:58.141] [Server thread/DEBUG] [xyz.pixelatedw.mineminenomi.api.entities.ai.AbilityWrapperGoal/]: Saber Trainer stopped Final Resort at tick 3093
[27Aug2026 22:25:58.340] [Server thread/DEBUG] [xyz.pixelatedw.mineminenomi.api.entities.ai.AbilityWrapperGoal/]: Saber Trainer stopped Soru at tick 3097
[27Aug2026 22:25:58.340] [Server thread/DEBUG] [xyz.pixelatedw.mineminenomi.api.entities.ai.AbilityWrapperGoal/]: Saber Trainer stopped Dawnbreaker Dash at tick 3097
[27Aug2026 22:25:58.891] [Server thread/DEBUG] [xyz.pixelatedw.mineminenomi.api.entities.ai.AbilityWrapperGoal/]: Saber Trainer stopped Soru at tick 3108
[27Aug2026 22:25:59.441] [Server thread/DEBUG] [xyz.pixelatedw.mineminenomi.api.entities.ai.AbilityWrapperGoal/]: Saber Trainer stopped Soru at tick 3119
[27Aug2026 22:25:59.596] [Server thread/DEBUG] [ZitoenPiece/ChefsKiss/]: Chef's Kiss: Food has no NBT tag
[27Aug2026 22:25:59.991] [Server thread/DEBUG] [xyz.pixelatedw.mineminenomi.api.entities.ai.AbilityWrapperGoal/]: Saber Trainer stopped Soru at tick 3130
[27Aug2026 22:26:00.160] [Server thread/WARN] [net.minecraft.network.play.ServerPlayNetHandler/]: karma10K moved wrongly!
[27Aug2026 22:26:00.341] [Server thread/DEBUG] [xyz.pixelatedw.mineminenomi.api.entities.ai.AbilityWrapperGoal/]: Saber Trainer stopped Circle Parry at tick 3137
[27Aug2026 22:26:03.496] [Server thread/INFO] [net.minecraft.server.dedicated.DedicatedServer/]: Jaguar dante_11223 is bleeding...
[27Aug2026 22:26:05.942] [Server thread/DEBUG] [xyz.pixelatedw.mineminenomi.api.entities.ai.AbilityWrapperGoal/]: Saber Trainer stopped Spider Lily Slice at tick 3249
[27Aug2026 22:26:09.346] [Server thread/DEBUG] [ZitoenPiece/ChefsKiss/]: Chef's Kiss: Food has no NBT tag
[27Aug2026 22:26:10.094] [Server thread/DEBUG] [xyz.pixelatedw.mineminenomi.api.entities.ai.AbilityWrapperGoal/]: Saber Trainer stopped Busoshoku Haki: Full Body Hardening at tick 3332
[27Aug2026 22:26:11.050] [Server thread/DEBUG] [ZitoenPiece/ChefsKiss/]: Chef's Kiss: Food has no NBT tag
[27Aug2026 22:26:12.758] [Server thread/DEBUG] [ZitoenPiece/ChefsKiss/]: Chef's Kiss: Food has no NBT tag
[27Aug2026 22:26:14.450] [Server thread/DEBUG] [ZitoenPiece/ChefsKiss/]: Chef's Kiss: Food has no NBT tag
[27Aug2026 22:26:21.485] [Server thread/DEBUG] [xyz.pixelatedw.mineminenomi.api.entities.ai.NPCPhaseManager/]: Switched Revolutionary Army Sniper's phase to: Melee Phase
[27Aug2026 22:26:22.543] [Server thread/DEBUG] [xyz.pixelatedw.mineminenomi.api.entities.ai.NPCPhaseManager/]: Switched Revolutionary Army Sniper's phase to: Range Phase
[27Aug2026 22:26:23.585] [Server thread/DEBUG] [xyz.pixelatedw.mineminenomi.api.entities.ai.NPCPhaseManager/]: Switched Revolutionary Army Sniper's phase to: Melee Phase
[27Aug2026 22:26:34.186] [Server thread/INFO] [net.minecraft.server.dedicated.DedicatedServer/]: Don Tmarsi219 has made the advancement [Isn't It Iron Pick]
[27Aug2026 22:26:43.699] [Server thread/DEBUG] [ZitoenPiece/ChefsKiss/]: Chef's Kiss: Food has no NBT tag
[27Aug2026 22:27:04.632] [Server thread/WARN] [net.minecraft.network.play.ServerPlayNetHandler/]: karma10K moved too quickly! -2.268819829603217,-10.806526110009003,-0.13459429327849648
[27Aug2026 22:27:10.903] [Server thread/DEBUG] [ZitoenPiece/ChefsKiss/]: Chef's Kiss: Food has no NBT tag
[27Aug2026 22:27:13.669] [Server thread/DEBUG] [ZitoenPiece/ChefsKiss/]: Chef's Kiss: Food has no NBT tag
[27Aug2026 22:27:24.637] [Server thread/DEBUG] [net.minecraftforge.fml.FMLWorldPersistenceHook/WP]: Gathering id map for writing to world save world
[27Aug2026 22:27:24.646] [Server thread/DEBUG] [net.minecraftforge.fml.FMLWorldPersistenceHook/WP]: ID Map collection complete world
[27Aug2026 22:27:24.730] [Server thread/DEBUG] [com.yumixlove.bountyhunters.data.WorldDorikiData/]: World highest doriki updated: 455.5399999999999 -> 489.1137999999999
[27Aug2026 22:27:28.076] [Server thread/DEBUG] [ZitoenPiece/ChefsKiss/]: Chef's Kiss: Food has no NBT tag
[27Aug2026 22:27:35.449] [Server thread/INFO] [net.minecraft.server.dedicated.DedicatedServer/]: [Don Tmarsi219: Teleported Don Tmarsi219 to Capone karma10K]
[27Aug2026 22:28:35.201] [Server thread/INFO] [net.minecraft.server.dedicated.DedicatedServer/]: Capone karma10K has made the advancement [Stone Age]
[27Aug2026 22:28:57.523] [Server thread/DEBUG] [xyz.pixelatedw.mineminenomi.api.entities.ai.NPCPhaseManager/]: Switched Revolutionary Army Sniper's phase to: Range Phase
[27Aug2026 22:28:57.756] [Server thread/DEBUG] [ZitoenPiece/ChefsKiss/]: Chef's Kiss: Food has no NBT tag
[27Aug2026 22:29:15.799] [Server thread/DEBUG] [ZitoenPiece/ChefsKiss/]: Chef's Kiss: Food has no NBT tag
[27Aug2026 22:29:17.655] [Server thread/INFO] [net.minecraft.server.dedicated.DedicatedServer/]: [Don Tmarsi219: Teleported Don Tmarsi219 to Capone karma10K]
[27Aug2026 22:29:23.853] [Server thread/WARN] [net.minecraft.network.play.ServerPlayNetHandler/]: Tmarsi219 moved wrongly!
[27Aug2026 22:29:23.940] [Server thread/DEBUG] [xyz.pixelatedw.mineminenomi.api.entities.ai.AbilityWrapperGoal/]: Revolutionary Army Sniper stopped Kemuri Boshi at tick 11462
[27Aug2026 22:29:23.940] [Server thread/DEBUG] [xyz.pixelatedw.mineminenomi.api.entities.ai.AbilityWrapperGoal/]: Revolutionary Army Sniper stopped Kaen Boshi at tick 11462
[27Aug2026 22:29:24.451] [Server thread/DEBUG] [ZitoenPiece/ChefsKiss/]: Chef's Kiss: Food has no NBT tag
[27Aug2026 22:29:26.990] [Server thread/DEBUG] [xyz.pixelatedw.mineminenomi.api.entities.ai.AbilityWrapperGoal/]: Revolutionary Army Sniper stopped Kemuri Boshi at tick 11523
[27Aug2026 22:29:26.991] [Server thread/DEBUG] [xyz.pixelatedw.mineminenomi.api.entities.ai.AbilityWrapperGoal/]: Revolutionary Army Sniper stopped Kaen Boshi at tick 11523
[27Aug2026 22:29:29.125] [Server thread/DEBUG] [xyz.pixelatedw.mineminenomi.api.entities.ai.NPCPhaseManager/]: Switched Revolutionary Army Sniper's phase to: Range Phase
[27Aug2026 22:29:30.038] [Server thread/DEBUG] [xyz.pixelatedw.mineminenomi.api.entities.ai.AbilityWrapperGoal/]: Revolutionary Army Sniper stopped Kemuri Boshi at tick 11584
[27Aug2026 22:29:30.038] [Server thread/DEBUG] [xyz.pixelatedw.mineminenomi.api.entities.ai.AbilityWrapperGoal/]: Revolutionary Army Sniper stopped Kaen Boshi at tick 11584
[27Aug2026 22:29:33.089] [Server thread/DEBUG] [xyz.pixelatedw.mineminenomi.api.entities.ai.AbilityWrapperGoal/]: Revolutionary Army Sniper stopped Kemuri Boshi at tick 11645
[27Aug2026 22:29:33.089] [Server thread/DEBUG] [xyz.pixelatedw.mineminenomi.api.entities.ai.AbilityWrapperGoal/]: Revolutionary Army Sniper stopped Kaen Boshi at tick 11645
[27Aug2026 22:29:36.139] [Server thread/DEBUG] [xyz.pixelatedw.mineminenomi.api.entities.ai.AbilityWrapperGoal/]: Revolutionary Army Sniper stopped Kemuri Boshi at tick 11706
[27Aug2026 22:29:36.139] [Server thread/DEBUG] [xyz.pixelatedw.mineminenomi.api.entities.ai.AbilityWrapperGoal/]: Revolutionary Army Sniper stopped Kaen Boshi at tick 11706
[27Aug2026 22:29:39.195] [Server thread/DEBUG] [xyz.pixelatedw.mineminenomi.api.entities.ai.AbilityWrapperGoal/]: Revolutionary Army Sniper stopped Kemuri Boshi at tick 11767
[27Aug2026 22:29:39.195] [Server thread/DEBUG] [xyz.pixelatedw.mineminenomi.api.entities.ai.AbilityWrapperGoal/]: Revolutionary Army Sniper stopped Kaen Boshi at tick 11767
[27Aug2026 22:29:42.239] [Server thread/DEBUG] [xyz.pixelatedw.mineminenomi.api.entities.ai.AbilityWrapperGoal/]: Revolutionary Army Sniper stopped Kemuri Boshi at tick 11828
[27Aug2026 22:29:42.239] [Server thread/DEBUG] [xyz.pixelatedw.mineminenomi.api.entities.ai.AbilityWrapperGoal/]: Revolutionary Army Sniper stopped Kaen Boshi at tick 11828
[27Aug2026 22:29:45.289] [Server thread/DEBUG] [xyz.pixelatedw.mineminenomi.api.entities.ai.AbilityWrapperGoal/]: Revolutionary Army Sniper stopped Kemuri Boshi at tick 11889
[27Aug2026 22:29:45.289] [Server thread/DEBUG] [xyz.pixelatedw.mineminenomi.api.entities.ai.AbilityWrapperGoal/]: Revolutionary Army Sniper stopped Kaen Boshi at tick 11889
[27Aug2026 22:29:48.338] [Server thread/DEBUG] [xyz.pixelatedw.mineminenomi.api.entities.ai.AbilityWrapperGoal/]: Revolutionary Army Sniper stopped Kemuri Boshi at tick 11950
[27Aug2026 22:29:48.338] [Server thread/DEBUG] [xyz.pixelatedw.mineminenomi.api.entities.ai.AbilityWrapperGoal/]: Revolutionary Army Sniper stopped Kaen Boshi at tick 11950
[27Aug2026 22:29:51.389] [Server thread/DEBUG] [xyz.pixelatedw.mineminenomi.api.entities.ai.AbilityWrapperGoal/]: Revolutionary Army Sniper stopped Kemuri Boshi at tick 12011
[27Aug2026 22:29:51.389] [Server thread/DEBUG] [xyz.pixelatedw.mineminenomi.api.entities.ai.AbilityWrapperGoal/]: Revolutionary Army Sniper stopped Kaen Boshi at tick 12011
[27Aug2026 22:29:53.498] [Server thread/DEBUG] [com.yumixlove.bountyhunters.data.WorldDorikiData/]: World highest doriki updated: 489.1137999999999 -> 620.7536799999999
[27Aug2026 22:29:54.437] [Server thread/DEBUG] [xyz.pixelatedw.mineminenomi.api.entities.ai.AbilityWrapperGoal/]: Revolutionary Army Sniper stopped Kemuri Boshi at tick 12072
[27Aug2026 22:29:54.437] [Server thread/DEBUG] [xyz.pixelatedw.mineminenomi.api.entities.ai.AbilityWrapperGoal/]: Revolutionary Army Sniper stopped Kaen Boshi at tick 12072
[27Aug2026 22:29:57.386] [Server thread/DEBUG] [xyz.pixelatedw.mineminenomi.api.entities.ai.NPCPhaseManager/]: Switched Sea Cow's phase to: Ground Phase
[27Aug2026 22:29:57.435] [Server thread/DEBUG] [xyz.pixelatedw.mineminenomi.api.entities.ai.NPCPhaseManager/]: Switched Sea Cow's phase to: Water Phase
[27Aug2026 22:29:57.491] [Server thread/DEBUG] [xyz.pixelatedw.mineminenomi.api.entities.ai.AbilityWrapperGoal/]: Revolutionary Army Sniper stopped Kemuri Boshi at tick 12133
[27Aug2026 22:29:57.492] [Server thread/DEBUG] [xyz.pixelatedw.mineminenomi.api.entities.ai.AbilityWrapperGoal/]: Revolutionary Army Sniper stopped Kaen Boshi at tick 12133
[27Aug2026 22:29:59.328] [Server thread/DEBUG] [xyz.pixelatedw.mineminenomi.api.entities.ai.NPCPhaseManager/]: Switched Sea Cow's phase to: Ground Phase
[27Aug2026 22:29:59.562] [Server thread/DEBUG] [ZitoenPiece/ChefsKiss/]: Chef's Kiss: Food has no NBT tag
[27Aug2026 22:30:00.539] [Server thread/DEBUG] [xyz.pixelatedw.mineminenomi.api.entities.ai.AbilityWrapperGoal/]: Revolutionary Army Sniper stopped Kemuri Boshi at tick 12194
[27Aug2026 22:30:00.539] [Server thread/DEBUG] [xyz.pixelatedw.mineminenomi.api.entities.ai.AbilityWrapperGoal/]: Revolutionary Army Sniper stopped Kaen Boshi at tick 12194
[27Aug2026 22:30:03.588] [Server thread/DEBUG] [xyz.pixelatedw.mineminenomi.api.entities.ai.AbilityWrapperGoal/]: Revolutionary Army Sniper stopped Kemuri Boshi at tick 12255
[27Aug2026 22:30:03.588] [Server thread/DEBUG] [xyz.pixelatedw.mineminenomi.api.entities.ai.AbilityWrapperGoal/]: Revolutionary Army Sniper stopped Kaen Boshi at tick 12255
[27Aug2026 22:30:06.638] [Server thread/DEBUG] [xyz.pixelatedw.mineminenomi.api.entities.ai.AbilityWrapperGoal/]: Revolutionary Army Sniper stopped Kemuri Boshi at tick 12316
[27Aug2026 22:30:06.639] [Server thread/DEBUG] [xyz.pixelatedw.mineminenomi.api.entities.ai.AbilityWrapperGoal/]: Revolutionary Army Sniper stopped Kaen Boshi at tick 12316
[27Aug2026 22:30:09.702] [Server thread/DEBUG] [xyz.pixelatedw.mineminenomi.api.entities.ai.AbilityWrapperGoal/]: Revolutionary Army Sniper stopped Kemuri Boshi at tick 12377
[27Aug2026 22:30:09.702] [Server thread/DEBUG] [xyz.pixelatedw.mineminenomi.api.entities.ai.AbilityWrapperGoal/]: Revolutionary Army Sniper stopped Kaen Boshi at tick 12377
[27Aug2026 22:30:12.738] [Server thread/DEBUG] [xyz.pixelatedw.mineminenomi.api.entities.ai.AbilityWrapperGoal/]: Revolutionary Army Sniper stopped Kemuri Boshi at tick 12438
[27Aug2026 22:30:12.738] [Server thread/DEBUG] [xyz.pixelatedw.mineminenomi.api.entities.ai.AbilityWrapperGoal/]: Revolutionary Army Sniper stopped Kaen Boshi at tick 12438
[27Aug2026 22:30:15.788] [Server thread/DEBUG] [xyz.pixelatedw.mineminenomi.api.entities.ai.AbilityWrapperGoal/]: Revolutionary Army Sniper stopped Kemuri Boshi at tick 12499
[27Aug2026 22:30:15.788] [Server thread/DEBUG] [xyz.pixelatedw.mineminenomi.api.entities.ai.AbilityWrapperGoal/]: Revolutionary Army Sniper stopped Kaen Boshi at tick 12499
[27Aug2026 22:30:18.838] [Server thread/DEBUG] [xyz.pixelatedw.mineminenomi.api.entities.ai.AbilityWrapperGoal/]: Revolutionary Army Sniper stopped Kemuri Boshi at tick 12560
[27Aug2026 22:30:18.839] [Server thread/DEBUG] [xyz.pixelatedw.mineminenomi.api.entities.ai.AbilityWrapperGoal/]: Revolutionary Army Sniper stopped Kaen Boshi at tick 12560
[27Aug2026 22:30:21.889] [Server thread/DEBUG] [xyz.pixelatedw.mineminenomi.api.entities.ai.AbilityWrapperGoal/]: Revolutionary Army Sniper stopped Kemuri Boshi at tick 12621
[27Aug2026 22:30:21.889] [Server thread/DEBUG] [xyz.pixelatedw.mineminenomi.api.entities.ai.AbilityWrapperGoal/]: Revolutionary Army Sniper stopped Kaen Boshi at tick 12621
[27Aug2026 22:30:22.625] [Server thread/DEBUG] [xyz.pixelatedw.mineminenomi.api.entities.ai.NPCPhaseManager/]: Switched Revolutionary Army Sniper's phase to: Range Phase
[27Aug2026 22:30:24.937] [Server thread/DEBUG] [xyz.pixelatedw.mineminenomi.api.entities.ai.AbilityWrapperGoal/]: Revolutionary Army Sniper stopped Kemuri Boshi at tick 12682
[27Aug2026 22:30:24.937] [Server thread/DEBUG] [xyz.pixelatedw.mineminenomi.api.entities.ai.AbilityWrapperGoal/]: Revolutionary Army Sniper stopped Kaen Boshi at tick 12682
[27Aug2026 22:30:27.989] [Server thread/DEBUG] [xyz.pixelatedw.mineminenomi.api.entities.ai.AbilityWrapperGoal/]: Revolutionary Army Sniper stopped Kemuri Boshi at tick 12743
[27Aug2026 22:30:27.989] [Server thread/DEBUG] [xyz.pixelatedw.mineminenomi.api.entities.ai.AbilityWrapperGoal/]: Revolutionary Army Sniper stopped Kaen Boshi at tick 12743
[27Aug2026 22:30:31.038] [Server thread/DEBUG] [xyz.pixelatedw.mineminenomi.api.entities.ai.AbilityWrapperGoal/]: Revolutionary Army Sniper stopped Kemuri Boshi at tick 12804
[27Aug2026 22:30:31.038] [Server thread/DEBUG] [xyz.pixelatedw.mineminenomi.api.entities.ai.AbilityWrapperGoal/]: Revolutionary Army Sniper stopped Kaen Boshi at tick 12804
[27Aug2026 22:30:34.096] [Server thread/DEBUG] [xyz.pixelatedw.mineminenomi.api.entities.ai.AbilityWrapperGoal/]: Revolutionary Army Sniper stopped Kemuri Boshi at tick 12865
[27Aug2026 22:30:34.096] [Server thread/DEBUG] [xyz.pixelatedw.mineminenomi.api.entities.ai.AbilityWrapperGoal/]: Revolutionary Army Sniper stopped Kaen Boshi at tick 12865
[27Aug2026 22:30:37.438] [Server thread/DEBUG] [xyz.pixelatedw.mineminenomi.api.entities.ai.AbilityWrapperGoal/]: Revolutionary Army Sniper stopped Kemuri Boshi at tick 12932
[27Aug2026 22:30:37.438] [Server thread/DEBUG] [xyz.pixelatedw.mineminenomi.api.entities.ai.AbilityWrapperGoal/]: Revolutionary Army Sniper stopped Kaen Boshi at tick 12932
[27Aug2026 22:30:39.441] [Server thread/DEBUG] [xyz.pixelatedw.mineminenomi.api.entities.ai.NPCPhaseManager/]: Switched Revolutionary Army Sniper's phase to: Melee Phase
[27Aug2026 22:30:40.488] [Server thread/DEBUG] [xyz.pixelatedw.mineminenomi.api.entities.ai.NPCPhaseManager/]: Switched Revolutionary Army Sniper's phase to: Range Phase
[27Aug2026 22:30:40.738] [Server thread/DEBUG] [xyz.pixelatedw.mineminenomi.api.entities.ai.AbilityWrapperGoal/]: Revolutionary Army Sniper stopped Kemuri Boshi at tick 12998
[27Aug2026 22:30:40.739] [Server thread/DEBUG] [xyz.pixelatedw.mineminenomi.api.entities.ai.AbilityWrapperGoal/]: Revolutionary Army Sniper stopped Kaen Boshi at tick 12998
[27Aug2026 22:30:42.908] [Server thread/DEBUG] [ZitoenPiece/ChefsKiss/]: Chef's Kiss: Food has no NBT tag
[27Aug2026 22:30:43.788] [Server thread/DEBUG] [xyz.pixelatedw.mineminenomi.api.entities.ai.AbilityWrapperGoal/]: Revolutionary Army Sniper stopped Kemuri Boshi at tick 13059
[27Aug2026 22:30:43.788] [Server thread/DEBUG] [xyz.pixelatedw.mineminenomi.api.entities.ai.AbilityWrapperGoal/]: Revolutionary Army Sniper stopped Kaen Boshi at tick 13059
[27Aug2026 22:30:44.291] [Server thread/DEBUG] [xyz.pixelatedw.mineminenomi.api.entities.ai.NPCPhaseManager/]: Switched Revolutionary Army Sniper's phase to: Melee Phase
[27Aug2026 22:30:44.653] [Server thread/DEBUG] [ZitoenPiece/ChefsKiss/]: Chef's Kiss: Food has no NBT tag
[27Aug2026 22:30:46.039] [Server thread/DEBUG] [xyz.pixelatedw.mineminenomi.api.entities.ai.NPCPhaseManager/]: Switched Revolutionary Army Sniper's phase to: Range Phase
[27Aug2026 22:30:46.841] [Server thread/DEBUG] [xyz.pixelatedw.mineminenomi.api.entities.ai.AbilityWrapperGoal/]: Revolutionary Army Sniper stopped Kemuri Boshi at tick 13120
[27Aug2026 22:30:46.841] [Server thread/DEBUG] [xyz.pixelatedw.mineminenomi.api.entities.ai.AbilityWrapperGoal/]: Revolutionary Army Sniper stopped Kaen Boshi at tick 13120
[27Aug2026 22:30:49.889] [Server thread/DEBUG] [xyz.pixelatedw.mineminenomi.api.entities.ai.AbilityWrapperGoal/]: Revolutionary Army Sniper stopped Kemuri Boshi at tick 13181
[27Aug2026 22:30:49.889] [Server thread/DEBUG] [xyz.pixelatedw.mineminenomi.api.entities.ai.AbilityWrapperGoal/]: Revolutionary Army Sniper stopped Kaen Boshi at tick 13181
[27Aug2026 22:30:51.739] [Server thread/DEBUG] [xyz.pixelatedw.mineminenomi.api.entities.ai.AbilityWrapperGoal/]: Revolutionary Army Scout stopped Busoshoku Haki: Hardening at tick 13218
[27Aug2026 22:30:52.004] [Server thread/DEBUG] [ZitoenPiece/ChefsKiss/]: Chef's Kiss: Food has no NBT tag
[27Aug2026 22:31:08.500] [Server thread/DEBUG] [com.yumixlove.bountyhunters.data.WorldDorikiData/]: World highest doriki updated: 620.7536799999999 -> 704.70488
[27Aug2026 22:31:18.980] [Server thread/DEBUG] [xyz.pixelatedw.mineminenomi.api.entities.ai.NPCPhaseManager/]: Switched Sea Cow's phase to: Ground Phase
[27Aug2026 22:31:23.379] [Server thread/DEBUG] [xyz.pixelatedw.mineminenomi.api.entities.ai.NPCPhaseManager/]: Switched Sea Cow's phase to: Ground Phase
[27Aug2026 22:31:24.430] [Server thread/DEBUG] [xyz.pixelatedw.mineminenomi.api.entities.ai.NPCPhaseManager/]: Switched Sea Cow's phase to: Ground Phase
[27Aug2026 22:31:37.547] [Server thread/DEBUG] [xyz.pixelatedw.mineminenomi.api.entities.ai.AbilityWrapperGoal/]: Nitoryu Trainer stopped Nanahyakuniju Pound Ho at tick 281
[27Aug2026 22:31:37.728] [Server thread/DEBUG] [xyz.pixelatedw.mineminenomi.api.entities.ai.NPCPhaseManager/]: Switched Pirate Rifleman's phase to: Range Phase
[27Aug2026 22:31:37.751] [Server thread/DEBUG] [xyz.pixelatedw.mineminenomi.api.entities.ai.AbilityWrapperGoal/]: Nitoryu Trainer stopped Busoshoku Haki: Hardening at tick 285
[27Aug2026 22:31:38.547] [Server thread/DEBUG] [xyz.pixelatedw.mineminenomi.api.entities.ai.AbilityWrapperGoal/]: Nitoryu Trainer stopped Nitoryu Iai Rashomon at tick 301
[27Aug2026 22:31:38.799] [Server thread/DEBUG] [xyz.pixelatedw.mineminenomi.api.entities.ai.AbilityWrapperGoal/]: Nitoryu Trainer stopped Paradise Totsuka at tick 306
[27Aug2026 22:31:39.717] [Server thread/DEBUG] [xyz.pixelatedw.mineminenomi.api.entities.ai.NPCPhaseManager/]: Switched Revolutionary Army Sniper's phase to: Range Phase
[27Aug2026 22:31:40.302] [Server thread/DEBUG] [xyz.pixelatedw.mineminenomi.api.entities.ai.NPCPhaseManager/]: Switched Pirate Rifleman's phase to: Melee Phase
[27Aug2026 22:31:40.546] [Server thread/DEBUG] [xyz.pixelatedw.mineminenomi.api.entities.ai.AbilityWrapperGoal/]: Nitoryu Trainer stopped Nitoryu: Counter Strike at tick 341
[27Aug2026 22:31:41.518] [Server thread/DEBUG] [xyz.pixelatedw.mineminenomi.api.entities.ai.NPCPhaseManager/]: Switched Revolutionary Army Sniper's phase to: Range Phase
[27Aug2026 22:32:00.759] [Server thread/DEBUG] [ZitoenPiece/ChefsKiss/]: Chef's Kiss: Food has no NBT tag
[27Aug2026 22:32:13.603] [Server thread/DEBUG] [ZitoenPiece/ChefsKiss/]: Chef's Kiss: Food missing ChefsKissCooked tag. Tags present: [DevilHordesExpiration]
[27Aug2026 22:32:17.853] [Server thread/DEBUG] [ZitoenPiece/ChefsKiss/]: Chef's Kiss: Food missing ChefsKissCooked tag. Tags present: [DevilHordesExpiration]
[27Aug2026 22:32:24.207] [Server thread/DEBUG] [net.minecraftforge.fml.FMLWorldPersistenceHook/WP]: Gathering id map for writing to world save world
[27Aug2026 22:32:24.214] [Server thread/DEBUG] [net.minecraftforge.fml.FMLWorldPersistenceHook/WP]: ID Map collection complete world
[27Aug2026 22:32:24.270] [Server thread/DEBUG] [com.yumixlove.bountyhunters.data.WorldDorikiData/]: World highest doriki updated: 704.70488 -> 792.60488
[27Aug2026 22:32:34.478] [Server thread/DEBUG] [xyz.pixelatedw.mineminenomi.api.entities.ai.NPCPhaseManager/]: Switched Sea Cow's phase to: Ground Phase
[27Aug2026 22:32:57.284] [Server thread/DEBUG] [ModernFix/]: Using cached upgraded version of mineminenomi:marine/large_tent
[27Aug2026 22:32:57.288] [Server thread/DEBUG] [ModernFix/]: Using cached upgraded version of mineminenomi:marine/small_tent
[27Aug2026 22:32:57.731] [Server thread/DEBUG] [xyz.pixelatedw.mineminenomi.api.entities.ai.NPCPhaseManager/]: Switched Pirate Rifleman's phase to: Range Phase
[27Aug2026 22:33:17.730] [Server thread/DEBUG] [xyz.pixelatedw.mineminenomi.api.entities.ai.NPCPhaseManager/]: Switched Revolutionary Army Sniper's phase to: Range Phase
[27Aug2026 22:33:17.734] [Server thread/DEBUG] [xyz.pixelatedw.mineminenomi.api.entities.ai.NPCPhaseManager/]: Switched Pirate Rifleman's phase to: Range Phase
[27Aug2026 22:33:38.230] [Server thread/DEBUG] [xyz.pixelatedw.mineminenomi.api.entities.ai.NPCPhaseManager/]: Switched Sea Cow's phase to: Ground Phase
[27Aug2026 22:33:58.230] [Server thread/DEBUG] [xyz.pixelatedw.mineminenomi.api.entities.ai.NPCPhaseManager/]: Switched Sea Cow's phase to: Ground Phase
[27Aug2026 22:34:14.623] [Server thread/INFO] [net.minecraft.server.dedicated.DedicatedServer/]: [Capone karma10K: Teleported Capone karma10K to Jaguar dante_11223]
[27Aug2026 22:34:14.635] [Server thread/DEBUG] [net.Zitoen.zitoenpiece.network.limb.LimbSyncPacket/]: [LimbSyncPacket] PACKET CREATED - entityId: 836, hasArm: true, hasLeg: true, armType: VANILLA, legType: VANILLA
[27Aug2026 22:34:14.635] [Server thread/DEBUG] [net.Zitoen.zitoenpiece.network.limb.LimbSyncPacket/]: [LimbSyncPacket] PACKET ENCODED - entityId: 836, hasArm: true, hasLeg: true, armType: VANILLA, legType: VANILLA
[27Aug2026 22:34:14.724] [Server thread/DEBUG] [net.Zitoen.zitoenpiece.network.limb.LimbSyncPacket/]: [LimbSyncPacket] PACKET CREATED - entityId: 310, hasArm: true, hasLeg: true, armType: VANILLA, legType: VANILLA
[27Aug2026 22:34:14.724] [Server thread/DEBUG] [net.Zitoen.zitoenpiece.network.limb.LimbSyncPacket/]: [LimbSyncPacket] PACKET ENCODED - entityId: 310, hasArm: true, hasLeg: true, armType: VANILLA, legType: VANILLA
[27Aug2026 22:35:14.081] [Server thread/DEBUG] [xyz.pixelatedw.mineminenomi.api.entities.ai.NPCPhaseManager/]: Switched Sea Cow's phase to: Ground Phase
[27Aug2026 22:35:14.208] [Server thread/DEBUG] [xyz.pixelatedw.mineminenomi.api.entities.ai.NPCPhaseManager/]: Switched Sea Cow's phase to: Water Phase
[27Aug2026 22:35:18.921] [Server thread/DEBUG] [ZitoenPiece/ChefsKiss/]: Chef's Kiss: Food has no NBT tag
[27Aug2026 22:35:20.676] [Server thread/DEBUG] [ZitoenPiece/ChefsKiss/]: Chef's Kiss: Food has no NBT tag
[27Aug2026 22:35:22.411] [Server thread/DEBUG] [ZitoenPiece/ChefsKiss/]: Chef's Kiss: Food has no NBT tag
[27Aug2026 22:35:24.182] [Server thread/DEBUG] [ZitoenPiece/ChefsKiss/]: Chef's Kiss: Food has no NBT tag
[27Aug2026 22:35:46.914] [Server thread/DEBUG] [zitoenpiece/]: [Honor] Combat tracked: dante_11223 attacked karma10K first
[27Aug2026 22:35:49.871] [Server thread/INFO] [net.minecraft.server.dedicated.DedicatedServer/]: [Don Tmarsi219: Kicked Jaguar dante_11223: Kicked by an operator]
[27Aug2026 22:35:49.913] [Server thread/INFO] [net.minecraft.network.play.ServerPlayNetHandler/]: dante_11223 lost connection: Kicked by an operator
[27Aug2026 22:35:49.914] [Server thread/INFO] [net.minecraft.server.dedicated.DedicatedServer/]: Jaguar dante_11223 left the game
[27Aug2026 22:35:49.915] [Server thread/DEBUG] [com.fruitreworks.FruitReworks/]: Cleaned up resource data for player: dante_11223
[27Aug2026 22:35:49.916] [Server thread/DEBUG] [zitoenpiece/]: [Honor] Cleared combat tracking for dante_11223
[27Aug2026 22:35:55.398] [Netty Epoll Server IO #7/DEBUG] [net.minecraftforge.fml.network.FMLHandshakeHandler/FMLHANDSHAKE]: Starting new modded network connection. Found 33 messages to dispatch.
[27Aug2026 22:35:55.409] [Server thread/DEBUG] [net.minecraftforge.fml.network.FMLHandshakeHandler/FMLHANDSHAKE]: Sending ticking packet info 'net.minecraftforge.fml.network.FMLHandshakeMessages$S2CModList' to 'fml:handshake' sequence 0
[27Aug2026 22:35:55.452] [Server thread/DEBUG] [net.minecraftforge.fml.network.FMLHandshakeHandler/FMLHANDSHAKE]: Sending ticking packet info 'Registry minecraft:villager_profession' to 'fml:handshake' sequence 1
[27Aug2026 22:35:55.508] [Server thread/DEBUG] [net.minecraftforge.fml.network.FMLHandshakeHandler/FMLHANDSHAKE]: Sending ticking packet info 'Registry minecraft:item' to 'fml:handshake' sequence 2
[27Aug2026 22:35:55.555] [Server thread/DEBUG] [net.minecraftforge.fml.network.FMLHandshakeHandler/FMLHANDSHAKE]: Sending ticking packet info 'Registry minecraft:potion' to 'fml:handshake' sequence 3
[27Aug2026 22:35:55.571] [Netty Epoll Server IO #7/DEBUG] [net.minecraftforge.fml.network.FMLLoginWrapper/FMLHANDSHAKE]: Recieved login wrapper packet event for channel fml:handshake with index 0
[27Aug2026 22:35:55.572] [Netty Epoll Server IO #7/DEBUG] [net.minecraftforge.fml.network.FMLHandshakeHandler/FMLHANDSHAKE]: Received client indexed reply 0 of type net.minecraftforge.fml.network.FMLHandshakeMessages$C2SModListReply
[27Aug2026 22:35:55.572] [Netty Epoll Server IO #7/DEBUG] [net.minecraftforge.fml.network.FMLHandshakeHandler/FMLHANDSHAKE]: Received client connection with modlist [minecraft, ftbessentials, mineminenomi, jade, waila, creativecore, bountyhunters, xaerolib, leopard_rework, curios, awakenawakennomi, xaerominimap, oculus, xaeroworldmap, controlling, modernfix, jei, citadel, yokai, quickteleports, mineminenomiawakenpath, minemineextraslots, fightingstyles, sophisticatedbackpacks, cartaddon, zitoenpiece, coroutil, lazydfu, mvs, architectury, ftblibrary, lootr, ferritecore, fruitreworks, blitzraces, watut, forge, appleskin, hito_hito_no_mi_nika, playerrevive, embeddium, rubidium, skinrestoreforge, allfruitallboxes, hakibar, devilhordes]
[27Aug2026 22:35:55.572] [Netty Epoll Server IO #7/DEBUG] [net.minecraftforge.fml.network.NetworkRegistry/NETREGISTRY]: Channel 'mineminenomi:main_channel' : Version test of '1' from client : ACCEPTED
[27Aug2026 22:35:55.572] [Netty Epoll Server IO #7/DEBUG] [net.minecraftforge.fml.network.NetworkRegistry/NETREGISTRY]: Channel 'watut:main' : Version test of '4' from client : ACCEPTED
[27Aug2026 22:35:55.572] [Netty Epoll Server IO #7/DEBUG] [net.minecraftforge.fml.network.NetworkRegistry/NETREGISTRY]: Channel 'zitoenpiece:transmission_sound' : Version test of '1' from client : ACCEPTED
[27Aug2026 22:35:55.572] [Netty Epoll Server IO #7/DEBUG] [net.minecraftforge.fml.network.NetworkRegistry/NETREGISTRY]: Channel 'zitoenpiece:summoning' : Version test of '1' from client : ACCEPTED
[27Aug2026 22:35:55.572] [Netty Epoll Server IO #7/DEBUG] [net.minecraftforge.fml.network.NetworkRegistry/NETREGISTRY]: Channel 'architectury:network' : Version test of '1' from client : ACCEPTED
[27Aug2026 22:35:55.572] [Netty Epoll Server IO #7/DEBUG] [net.minecraftforge.fml.network.NetworkRegistry/NETREGISTRY]: Channel 'jei:channel' : Version test of '1.0.0' from client : ACCEPTED
[27Aug2026 22:35:55.572] [Netty Epoll Server IO #7/DEBUG] [net.minecraftforge.fml.network.NetworkRegistry/NETREGISTRY]: Channel 'minecraft:unregister' : Version test of 'FML2' from client : ACCEPTED
[27Aug2026 22:35:55.572] [Netty Epoll Server IO #7/DEBUG] [net.minecraftforge.fml.network.NetworkRegistry/NETREGISTRY]: Channel 'sophisticatedbackpacks:channel' : Version test of '1' from client : ACCEPTED
[27Aug2026 22:35:55.572] [Netty Epoll Server IO #7/DEBUG] [net.minecraftforge.fml.network.NetworkRegistry/NETREGISTRY]: Channel 'citadel:main_channel' : Version test of '1' from client : ACCEPTED
[27Aug2026 22:35:55.572] [Netty Epoll Server IO #7/DEBUG] [net.minecraftforge.fml.network.NetworkRegistry/NETREGISTRY]: Channel 'cartaddon:main' : Version test of '1' from client : ACCEPTED
[27Aug2026 22:35:55.572] [Netty Epoll Server IO #7/DEBUG] [net.minecraftforge.fml.network.NetworkRegistry/NETREGISTRY]: Channel 'forge:split_11' : Version test of '1.1' from client : ACCEPTED
[27Aug2026 22:35:55.572] [Netty Epoll Server IO #7/DEBUG] [net.minecraftforge.fml.network.NetworkRegistry/NETREGISTRY]: Channel 'modernfix:main' : Version test of '1' from client : ACCEPTED
[27Aug2026 22:35:55.572] [Netty Epoll Server IO #7/DEBUG] [net.minecraftforge.fml.network.NetworkRegistry/NETREGISTRY]: Channel 'curios:main' : Version test of '1' from client : ACCEPTED
[27Aug2026 22:35:55.572] [Netty Epoll Server IO #7/DEBUG] [net.minecraftforge.fml.network.NetworkRegistry/NETREGISTRY]: Channel 'fruitreworks:main' : Version test of '1' from client : ACCEPTED
[27Aug2026 22:35:55.572] [Netty Epoll Server IO #7/DEBUG] [net.minecraftforge.fml.network.NetworkRegistry/NETREGISTRY]: Channel 'zitoenpiece:voice_of_all_things' : Version test of '1' from client : ACCEPTED
[27Aug2026 22:35:55.572] [Netty Epoll Server IO #7/DEBUG] [net.minecraftforge.fml.network.NetworkRegistry/NETREGISTRY]: Channel 'appleskin:sync' : Version test of '1' from client : ACCEPTED
[27Aug2026 22:35:55.572] [Netty Epoll Server IO #7/DEBUG] [net.minecraftforge.fml.network.NetworkRegistry/NETREGISTRY]: Channel 'fml:loginwrapper' : Version test of 'FML2' from client : ACCEPTED
[27Aug2026 22:35:55.572] [Netty Epoll Server IO #7/DEBUG] [net.minecraftforge.fml.network.NetworkRegistry/NETREGISTRY]: Channel 'playerrevive:main' : Version test of '1.0' from client : ACCEPTED
[27Aug2026 22:35:55.572] [Netty Epoll Server IO #7/DEBUG] [net.minecraftforge.fml.network.NetworkRegistry/NETREGISTRY]: Channel 'zitoenpiece:main' : Version test of '1' from client : ACCEPTED
[27Aug2026 22:35:55.572] [Netty Epoll Server IO #7/DEBUG] [net.minecraftforge.fml.network.NetworkRegistry/NETREGISTRY]: Channel 'fml:play' : Version test of 'FML2' from client : ACCEPTED
[27Aug2026 22:35:55.572] [Netty Epoll Server IO #7/DEBUG] [net.minecraftforge.fml.network.NetworkRegistry/NETREGISTRY]: Channel 'creativecore:main' : Version test of '1.0' from client : ACCEPTED
[27Aug2026 22:35:55.572] [Netty Epoll Server IO #7/DEBUG] [net.minecraftforge.fml.network.NetworkRegistry/NETREGISTRY]: Channel 'fightingstyles:main' : Version test of '1' from client : ACCEPTED
[27Aug2026 22:35:55.572] [Netty Epoll Server IO #7/DEBUG] [net.minecraftforge.fml.network.NetworkRegistry/NETREGISTRY]: Channel 'fml:handshake' : Version test of 'FML2' from client : ACCEPTED
[27Aug2026 22:35:55.572] [Netty Epoll Server IO #7/DEBUG] [net.minecraftforge.fml.network.NetworkRegistry/NETREGISTRY]: Channel 'lootr:main_network_channel' : Version test of '2' from client : ACCEPTED
[27Aug2026 22:35:55.572] [Netty Epoll Server IO #7/DEBUG] [net.minecraftforge.fml.network.NetworkRegistry/NETREGISTRY]: Channel 'awakenawakennomi:main' : Version test of '1' from client : ACCEPTED
[27Aug2026 22:35:55.572] [Netty Epoll Server IO #7/DEBUG] [net.minecraftforge.fml.network.NetworkRegistry/NETREGISTRY]: Channel 'waila:networking' : Version test of '1.0.0' from client : ACCEPTED
[27Aug2026 22:35:55.572] [Netty Epoll Server IO #7/DEBUG] [net.minecraftforge.fml.network.NetworkRegistry/NETREGISTRY]: Channel 'minecraft:register' : Version test of 'FML2' from client : ACCEPTED
[27Aug2026 22:35:55.572] [Netty Epoll Server IO #7/DEBUG] [net.minecraftforge.fml.network.NetworkRegistry/NETREGISTRY]: Channel 'minemineextraslots:main' : Version test of '1' from client : ACCEPTED
[27Aug2026 22:35:55.572] [Netty Epoll Server IO #7/DEBUG] [net.minecraftforge.fml.network.NetworkRegistry/NETREGISTRY]: Channel 'forge:split' : Version test of '1.0' from client : ACCEPTED
[27Aug2026 22:35:55.573] [Netty Epoll Server IO #7/DEBUG] [net.minecraftforge.fml.network.NetworkRegistry/NETREGISTRY]: Accepting channel list from client
[27Aug2026 22:35:55.573] [Netty Epoll Server IO #7/DEBUG] [net.minecraftforge.fml.network.FMLHandshakeHandler/FMLHANDSHAKE]: Accepted client connection mod list
[27Aug2026 22:35:55.605] [Server thread/DEBUG] [net.minecraftforge.fml.network.FMLHandshakeHandler/FMLHANDSHAKE]: Sending ticking packet info 'Registry minecraft:block_entity_type' to 'fml:handshake' sequence 4
[27Aug2026 22:35:55.613] [Netty Epoll Server IO #7/DEBUG] [net.minecraftforge.fml.network.FMLLoginWrapper/FMLHANDSHAKE]: Recieved login wrapper packet event for channel fml:handshake with index 1
[27Aug2026 22:35:55.613] [Netty Epoll Server IO #7/DEBUG] [net.minecraftforge.fml.network.FMLHandshakeHandler/FMLHANDSHAKE]: Received client indexed reply 1 of type net.minecraftforge.fml.network.FMLHandshakeMessages$C2SAcknowledge
[27Aug2026 22:35:55.613] [Netty Epoll Server IO #7/DEBUG] [net.minecraftforge.fml.network.FMLHandshakeHandler/FMLHANDSHAKE]: Received acknowledgement from client
[27Aug2026 22:35:55.654] [Server thread/DEBUG] [net.minecraftforge.fml.network.FMLHandshakeHandler/FMLHANDSHAKE]: Sending ticking packet info 'Registry mineminenomi:particle_effect' to 'fml:handshake' sequence 5
[27Aug2026 22:35:55.704] [Server thread/DEBUG] [net.minecraftforge.fml.network.FMLHandshakeHandler/FMLHANDSHAKE]: Sending ticking packet info 'Registry mineminenomi:race' to 'fml:handshake' sequence 6
[27Aug2026 22:35:55.753] [Server thread/DEBUG] [net.minecraftforge.fml.network.FMLHandshakeHandler/FMLHANDSHAKE]: Sending ticking packet info 'Registry mineminenomi:quests' to 'fml:handshake' sequence 7
[27Aug2026 22:35:55.804] [Server thread/DEBUG] [net.minecraftforge.fml.network.FMLHandshakeHandler/FMLHANDSHAKE]: Sending ticking packet info 'Registry minecraft:stat_type' to 'fml:handshake' sequence 8
[27Aug2026 22:35:55.854] [Server thread/DEBUG] [net.minecraftforge.fml.network.FMLHandshakeHandler/FMLHANDSHAKE]: Sending ticking packet info 'Registry minecraft:menu' to 'fml:handshake' sequence 9
[27Aug2026 22:35:55.912] [Server thread/DEBUG] [net.minecraftforge.fml.network.FMLHandshakeHandler/FMLHANDSHAKE]: Sending ticking packet info 'Registry minecraft:motive' to 'fml:handshake' sequence 10
[27Aug2026 22:35:55.954] [Server thread/DEBUG] [net.minecraftforge.fml.network.FMLHandshakeHandler/FMLHANDSHAKE]: Sending ticking packet info 'Registry minecraft:fluid' to 'fml:handshake' sequence 11
[27Aug2026 22:35:55.995] [Netty Epoll Server IO #7/DEBUG] [net.minecraftforge.fml.network.FMLLoginWrapper/FMLHANDSHAKE]: Recieved login wrapper packet event for channel fml:handshake with index 2
[27Aug2026 22:35:55.995] [Netty Epoll Server IO #7/DEBUG] [net.minecraftforge.fml.network.FMLHandshakeHandler/FMLHANDSHAKE]: Received client indexed reply 2 of type net.minecraftforge.fml.network.FMLHandshakeMessages$C2SAcknowledge
[27Aug2026 22:35:55.995] [Netty Epoll Server IO #7/DEBUG] [net.minecraftforge.fml.network.FMLHandshakeHandler/FMLHANDSHAKE]: Received acknowledgement from client
[27Aug2026 22:35:56.003] [Netty Epoll Server IO #7/DEBUG] [net.minecraftforge.fml.network.FMLLoginWrapper/FMLHANDSHAKE]: Recieved login wrapper packet event for channel fml:handshake with index 3
[27Aug2026 22:35:56.003] [Netty Epoll Server IO #7/DEBUG] [net.minecraftforge.fml.network.FMLHandshakeHandler/FMLHANDSHAKE]: Received client indexed reply 3 of type net.minecraftforge.fml.network.FMLHandshakeMessages$C2SAcknowledge
[27Aug2026 22:35:56.003] [Netty Epoll Server IO #7/DEBUG] [net.minecraftforge.fml.network.FMLHandshakeHandler/FMLHANDSHAKE]: Received acknowledgement from client
[27Aug2026 22:35:56.003] [Netty Epoll Server IO #7/DEBUG] [net.minecraftforge.fml.network.FMLLoginWrapper/FMLHANDSHAKE]: Recieved login wrapper packet event for channel fml:handshake with index 4
[27Aug2026 22:35:56.003] [Netty Epoll Server IO #7/DEBUG] [net.minecraftforge.fml.network.FMLHandshakeHandler/FMLHANDSHAKE]: Received client indexed reply 4 of type net.minecraftforge.fml.network.FMLHandshakeMessages$C2SAcknowledge
[27Aug2026 22:35:56.003] [Netty Epoll Server IO #7/DEBUG] [net.minecraftforge.fml.network.FMLHandshakeHandler/FMLHANDSHAKE]: Received acknowledgement from client
[27Aug2026 22:35:56.003] [Netty Epoll Server IO #7/DEBUG] [net.minecraftforge.fml.network.FMLLoginWrapper/FMLHANDSHAKE]: Recieved login wrapper packet event for channel fml:handshake with index 5
[27Aug2026 22:35:56.004] [Netty Epoll Server IO #7/DEBUG] [net.minecraftforge.fml.network.FMLHandshakeHandler/FMLHANDSHAKE]: Received client indexed reply 5 of type net.minecraftforge.fml.network.FMLHandshakeMessages$C2SAcknowledge
[27Aug2026 22:35:56.004] [Netty Epoll Server IO #7/DEBUG] [net.minecraftforge.fml.network.FMLHandshakeHandler/FMLHANDSHAKE]: Received acknowledgement from client
[27Aug2026 22:35:56.004] [Netty Epoll Server IO #7/DEBUG] [net.minecraftforge.fml.network.FMLLoginWrapper/FMLHANDSHAKE]: Recieved login wrapper packet event for channel fml:handshake with index 6
[27Aug2026 22:35:56.004] [Netty Epoll Server IO #7/DEBUG] [net.minecraftforge.fml.network.FMLHandshakeHandler/FMLHANDSHAKE]: Received client indexed reply 6 of type net.minecraftforge.fml.network.FMLHandshakeMessages$C2SAcknowledge
[27Aug2026 22:35:56.004] [Netty Epoll Server IO #7/DEBUG] [net.minecraftforge.fml.network.FMLHandshakeHandler/FMLHANDSHAKE]: Received acknowledgement from client
[27Aug2026 22:35:56.015] [Server thread/DEBUG] [net.minecraftforge.fml.network.FMLHandshakeHandler/FMLHANDSHAKE]: Sending ticking packet info 'Registry zitoenpiece:professions' to 'fml:handshake' sequence 12
[27Aug2026 22:35:56.035] [Netty Epoll Server IO #7/DEBUG] [net.minecraftforge.fml.network.FMLLoginWrapper/FMLHANDSHAKE]: Recieved login wrapper packet event for channel fml:handshake with index 7
[27Aug2026 22:35:56.035] [Netty Epoll Server IO #7/DEBUG] [net.minecraftforge.fml.network.FMLHandshakeHandler/FMLHANDSHAKE]: Received client indexed reply 7 of type net.minecraftforge.fml.network.FMLHandshakeMessages$C2SAcknowledge
[27Aug2026 22:35:56.035] [Netty Epoll Server IO #7/DEBUG] [net.minecraftforge.fml.network.FMLHandshakeHandler/FMLHANDSHAKE]: Received acknowledgement from client
[27Aug2026 22:35:56.035] [Netty Epoll Server IO #7/DEBUG] [net.minecraftforge.fml.network.FMLLoginWrapper/FMLHANDSHAKE]: Recieved login wrapper packet event for channel fml:handshake with index 8
[27Aug2026 22:35:56.036] [Netty Epoll Server IO #7/DEBUG] [net.minecraftforge.fml.network.FMLHandshakeHandler/FMLHANDSHAKE]: Received client indexed reply 8 of type net.minecraftforge.fml.network.FMLHandshakeMessages$C2SAcknowledge
[27Aug2026 22:35:56.036] [Netty Epoll Server IO #7/DEBUG] [net.minecraftforge.fml.network.FMLHandshakeHandler/FMLHANDSHAKE]: Received acknowledgement from client
[27Aug2026 22:35:56.036] [Netty Epoll Server IO #7/DEBUG] [net.minecraftforge.fml.network.FMLLoginWrapper/FMLHANDSHAKE]: Recieved login wrapper packet event for channel fml:handshake with index 9
[27Aug2026 22:35:56.036] [Netty Epoll Server IO #7/DEBUG] [net.minecraftforge.fml.network.FMLHandshakeHandler/FMLHANDSHAKE]: Received client indexed reply 9 of type net.minecraftforge.fml.network.FMLHandshakeMessages$C2SAcknowledge
[27Aug2026 22:35:56.036] [Netty Epoll Server IO #7/DEBUG] [net.minecraftforge.fml.network.FMLHandshakeHandler/FMLHANDSHAKE]: Received acknowledgement from client
[27Aug2026 22:35:56.057] [Server thread/DEBUG] [net.minecraftforge.fml.network.FMLHandshakeHandler/FMLHANDSHAKE]: Sending ticking packet info 'Registry mineminenomi:abilities' to 'fml:handshake' sequence 13
[27Aug2026 22:35:56.073] [Netty Epoll Server IO #7/DEBUG] [net.minecraftforge.fml.network.FMLLoginWrapper/FMLHANDSHAKE]: Recieved login wrapper packet event for channel fml:handshake with index 10
[27Aug2026 22:35:56.073] [Netty Epoll Server IO #7/DEBUG] [net.minecraftforge.fml.network.FMLHandshakeHandler/FMLHANDSHAKE]: Received client indexed reply 10 of type net.minecraftforge.fml.network.FMLHandshakeMessages$C2SAcknowledge
[27Aug2026 22:35:56.073] [Netty Epoll Server IO #7/DEBUG] [net.minecraftforge.fml.network.FMLHandshakeHandler/FMLHANDSHAKE]: Received acknowledgement from client
[27Aug2026 22:35:56.106] [Server thread/DEBUG] [net.minecraftforge.fml.network.FMLHandshakeHandler/FMLHANDSHAKE]: Sending ticking packet info 'Registry minecraft:recipe_serializer' to 'fml:handshake' sequence 14
[27Aug2026 22:35:56.113] [Netty Epoll Server IO #7/DEBUG] [net.minecraftforge.fml.network.FMLLoginWrapper/FMLHANDSHAKE]: Recieved login wrapper packet event for channel fml:handshake with index 11
[27Aug2026 22:35:56.113] [Netty Epoll Server IO #7/DEBUG] [net.minecraftforge.fml.network.FMLHandshakeHandler/FMLHANDSHAKE]: Received client indexed reply 11 of type net.minecraftforge.fml.network.FMLHandshakeMessages$C2SAcknowledge
[27Aug2026 22:35:56.113] [Netty Epoll Server IO #7/DEBUG] [net.minecraftforge.fml.network.FMLHandshakeHandler/FMLHANDSHAKE]: Received acknowledgement from client
[27Aug2026 22:35:56.153] [Server thread/DEBUG] [net.minecraftforge.fml.network.FMLHandshakeHandler/FMLHANDSHAKE]: Sending ticking packet info 'Registry minecraft:sound_event' to 'fml:handshake' sequence 15
[27Aug2026 22:35:56.175] [Netty Epoll Server IO #7/DEBUG] [net.minecraftforge.fml.network.FMLLoginWrapper/FMLHANDSHAKE]: Recieved login wrapper packet event for channel fml:handshake with index 12
[27Aug2026 22:35:56.175] [Netty Epoll Server IO #7/DEBUG] [net.minecraftforge.fml.network.FMLHandshakeHandler/FMLHANDSHAKE]: Received client indexed reply 12 of type net.minecraftforge.fml.network.FMLHandshakeMessages$C2SAcknowledge
[27Aug2026 22:35:56.176] [Netty Epoll Server IO #7/DEBUG] [net.minecraftforge.fml.network.FMLHandshakeHandler/FMLHANDSHAKE]: Received acknowledgement from client
[27Aug2026 22:35:56.202] [Server thread/DEBUG] [net.minecraftforge.fml.network.FMLHandshakeHandler/FMLHANDSHAKE]: Sending ticking packet info 'Registry minecraft:particle_type' to 'fml:handshake' sequence 16
[27Aug2026 22:35:56.228] [Netty Epoll Server IO #7/DEBUG] [net.minecraftforge.fml.network.FMLLoginWrapper/FMLHANDSHAKE]: Recieved login wrapper packet event for channel fml:handshake with index 13
[27Aug2026 22:35:56.228] [Netty Epoll Server IO #7/DEBUG] [net.minecraftforge.fml.network.FMLHandshakeHandler/FMLHANDSHAKE]: Received client indexed reply 13 of type net.minecraftforge.fml.network.FMLHandshakeMessages$C2SAcknowledge
[27Aug2026 22:35:56.228] [Netty Epoll Server IO #7/DEBUG] [net.minecraftforge.fml.network.FMLHandshakeHandler/FMLHANDSHAKE]: Received acknowledgement from client
[27Aug2026 22:35:56.253] [Server thread/DEBUG] [net.minecraftforge.fml.network.FMLHandshakeHandler/FMLHANDSHAKE]: Sending ticking packet info 'Registry mineminenomi:jolly_roger_elements' to 'fml:handshake' sequence 17
[27Aug2026 22:35:56.277] [Netty Epoll Server IO #7/DEBUG] [net.minecraftforge.fml.network.FMLLoginWrapper/FMLHANDSHAKE]: Recieved login wrapper packet event for channel fml:handshake with index 14
[27Aug2026 22:35:56.277] [Netty Epoll Server IO #7/DEBUG] [net.minecraftforge.fml.network.FMLHandshakeHandler/FMLHANDSHAKE]: Received client indexed reply 14 of type net.minecraftforge.fml.network.FMLHandshakeMessages$C2SAcknowledge
[27Aug2026 22:35:56.278] [Netty Epoll Server IO #7/DEBUG] [net.minecraftforge.fml.network.FMLHandshakeHandler/FMLHANDSHAKE]: Received acknowledgement from client
[27Aug2026 22:35:56.303] [Server thread/DEBUG] [net.minecraftforge.fml.network.FMLHandshakeHandler/FMLHANDSHAKE]: Sending ticking packet info 'Registry mineminenomi:interactions' to 'fml:handshake' sequence 18
[27Aug2026 22:35:56.323] [Netty Epoll Server IO #7/DEBUG] [net.minecraftforge.fml.network.FMLLoginWrapper/FMLHANDSHAKE]: Recieved login wrapper packet event for channel fml:handshake with index 15
[27Aug2026 22:35:56.323] [Netty Epoll Server IO #7/DEBUG] [net.minecraftforge.fml.network.FMLHandshakeHandler/FMLHANDSHAKE]: Received client indexed reply 15 of type net.minecraftforge.fml.network.FMLHandshakeMessages$C2SAcknowledge
[27Aug2026 22:35:56.323] [Netty Epoll Server IO #7/DEBUG] [net.minecraftforge.fml.network.FMLHandshakeHandler/FMLHANDSHAKE]: Received acknowledgement from client
[27Aug2026 22:35:56.353] [Server thread/DEBUG] [net.minecraftforge.fml.network.FMLHandshakeHandler/FMLHANDSHAKE]: Sending ticking packet info 'Registry minecraft:block' to 'fml:handshake' sequence 19
[27Aug2026 22:35:56.379] [Netty Epoll Server IO #7/DEBUG] [net.minecraftforge.fml.network.FMLLoginWrapper/FMLHANDSHAKE]: Recieved login wrapper packet event for channel fml:handshake with index 16
[27Aug2026 22:35:56.379] [Netty Epoll Server IO #7/DEBUG] [net.minecraftforge.fml.network.FMLHandshakeHandler/FMLHANDSHAKE]: Received client indexed reply 16 of type net.minecraftforge.fml.network.FMLHandshakeMessages$C2SAcknowledge
[27Aug2026 22:35:56.379] [Netty Epoll Server IO #7/DEBUG] [net.minecraftforge.fml.network.FMLHandshakeHandler/FMLHANDSHAKE]: Received acknowledgement from client
[27Aug2026 22:35:56.404] [Server thread/DEBUG] [net.minecraftforge.fml.network.FMLHandshakeHandler/FMLHANDSHAKE]: Sending ticking packet info 'Registry minecraft:data_serializers' to 'fml:handshake' sequence 20
[27Aug2026 22:35:56.415] [Netty Epoll Server IO #7/DEBUG] [net.minecraftforge.fml.network.FMLLoginWrapper/FMLHANDSHAKE]: Recieved login wrapper packet event for channel fml:handshake with index 17
[27Aug2026 22:35:56.415] [Netty Epoll Server IO #7/DEBUG] [net.minecraftforge.fml.network.FMLHandshakeHandler/FMLHANDSHAKE]: Received client indexed reply 17 of type net.minecraftforge.fml.network.FMLHandshakeMessages$C2SAcknowledge
[27Aug2026 22:35:56.415] [Netty Epoll Server IO #7/DEBUG] [net.minecraftforge.fml.network.FMLHandshakeHandler/FMLHANDSHAKE]: Received acknowledgement from client
[27Aug2026 22:35:56.452] [Server thread/DEBUG] [net.minecraftforge.fml.network.FMLHandshakeHandler/FMLHANDSHAKE]: Sending ticking packet info 'Registry mineminenomi:challenges' to 'fml:handshake' sequence 21
[27Aug2026 22:35:56.465] [Netty Epoll Server IO #7/DEBUG] [net.minecraftforge.fml.network.FMLLoginWrapper/FMLHANDSHAKE]: Recieved login wrapper packet event for channel fml:handshake with index 18
[27Aug2026 22:35:56.465] [Netty Epoll Server IO #7/DEBUG] [net.minecraftforge.fml.network.FMLHandshakeHandler/FMLHANDSHAKE]: Received client indexed reply 18 of type net.minecraftforge.fml.network.FMLHandshakeMessages$C2SAcknowledge
[27Aug2026 22:35:56.465] [Netty Epoll Server IO #7/DEBUG] [net.minecraftforge.fml.network.FMLHandshakeHandler/FMLHANDSHAKE]: Received acknowledgement from client
[27Aug2026 22:35:56.504] [Server thread/DEBUG] [net.minecraftforge.fml.network.FMLHandshakeHandler/FMLHANDSHAKE]: Sending ticking packet info 'Registry mineminenomi:faction' to 'fml:handshake' sequence 22
[27Aug2026 22:35:56.523] [Netty Epoll Server IO #7/DEBUG] [net.minecraftforge.fml.network.FMLLoginWrapper/FMLHANDSHAKE]: Recieved login wrapper packet event for channel fml:handshake with index 19
[27Aug2026 22:35:56.523] [Netty Epoll Server IO #7/DEBUG] [net.minecraftforge.fml.network.FMLHandshakeHandler/FMLHANDSHAKE]: Received client indexed reply 19 of type net.minecraftforge.fml.network.FMLHandshakeMessages$C2SAcknowledge
[27Aug2026 22:35:56.523] [Netty Epoll Server IO #7/DEBUG] [net.minecraftforge.fml.network.FMLHandshakeHandler/FMLHANDSHAKE]: Received acknowledgement from client
[27Aug2026 22:35:56.554] [Server thread/DEBUG] [net.minecraftforge.fml.network.FMLHandshakeHandler/FMLHANDSHAKE]: Sending ticking packet info 'Registry minecraft:mob_effect' to 'fml:handshake' sequence 23
[27Aug2026 22:35:56.563] [Netty Epoll Server IO #7/DEBUG] [net.minecraftforge.fml.network.FMLLoginWrapper/FMLHANDSHAKE]: Recieved login wrapper packet event for channel fml:handshake with index 20
[27Aug2026 22:35:56.563] [Netty Epoll Server IO #7/DEBUG] [net.minecraftforge.fml.network.FMLHandshakeHandler/FMLHANDSHAKE]: Received client indexed reply 20 of type net.minecraftforge.fml.network.FMLHandshakeMessages$C2SAcknowledge
[27Aug2026 22:35:56.563] [Netty Epoll Server IO #7/DEBUG] [net.minecraftforge.fml.network.FMLHandshakeHandler/FMLHANDSHAKE]: Received acknowledgement from client
[27Aug2026 22:35:56.610] [Server thread/DEBUG] [net.minecraftforge.fml.network.FMLHandshakeHandler/FMLHANDSHAKE]: Sending ticking packet info 'Registry mineminenomi:morphs' to 'fml:handshake' sequence 24
[27Aug2026 22:35:56.615] [Netty Epoll Server IO #7/DEBUG] [net.minecraftforge.fml.network.FMLLoginWrapper/FMLHANDSHAKE]: Recieved login wrapper packet event for channel fml:handshake with index 21
[27Aug2026 22:35:56.615] [Netty Epoll Server IO #7/DEBUG] [net.minecraftforge.fml.network.FMLHandshakeHandler/FMLHANDSHAKE]: Received client indexed reply 21 of type net.minecraftforge.fml.network.FMLHandshakeMessages$C2SAcknowledge
[27Aug2026 22:35:56.615] [Netty Epoll Server IO #7/DEBUG] [net.minecraftforge.fml.network.FMLHandshakeHandler/FMLHANDSHAKE]: Received acknowledgement from client
[27Aug2026 22:35:56.660] [Netty Epoll Server IO #7/DEBUG] [net.minecraftforge.fml.network.FMLLoginWrapper/FMLHANDSHAKE]: Recieved login wrapper packet event for channel fml:handshake with index 22
[27Aug2026 22:35:56.660] [Netty Epoll Server IO #7/DEBUG] [net.minecraftforge.fml.network.FMLHandshakeHandler/FMLHANDSHAKE]: Received client indexed reply 22 of type net.minecraftforge.fml.network.FMLHandshakeMessages$C2SAcknowledge
[27Aug2026 22:35:56.660] [Netty Epoll Server IO #7/DEBUG] [net.minecraftforge.fml.network.FMLHandshakeHandler/FMLHANDSHAKE]: Received acknowledgement from client
[27Aug2026 22:35:56.667] [Server thread/DEBUG] [net.minecraftforge.fml.network.FMLHandshakeHandler/FMLHANDSHAKE]: Sending ticking packet info 'Registry minecraft:enchantment' to 'fml:handshake' sequence 25
[27Aug2026 22:35:56.710] [Netty Epoll Server IO #7/DEBUG] [net.minecraftforge.fml.network.FMLLoginWrapper/FMLHANDSHAKE]: Recieved login wrapper packet event for channel fml:handshake with index 23
[27Aug2026 22:35:56.711] [Netty Epoll Server IO #7/DEBUG] [net.minecraftforge.fml.network.FMLHandshakeHandler/FMLHANDSHAKE]: Received client indexed reply 23 of type net.minecraftforge.fml.network.FMLHandshakeMessages$C2SAcknowledge
[27Aug2026 22:35:56.711] [Netty Epoll Server IO #7/DEBUG] [net.minecraftforge.fml.network.FMLHandshakeHandler/FMLHANDSHAKE]: Received acknowledgement from client
[27Aug2026 22:35:56.716] [Server thread/DEBUG] [net.minecraftforge.fml.network.FMLHandshakeHandler/FMLHANDSHAKE]: Sending ticking packet info 'Registry mineminenomi:style' to 'fml:handshake' sequence 26
[27Aug2026 22:35:56.767] [Server thread/DEBUG] [net.minecraftforge.fml.network.FMLHandshakeHandler/FMLHANDSHAKE]: Sending ticking packet info 'Registry minecraft:entity_type' to 'fml:handshake' sequence 27
[27Aug2026 22:35:56.771] [Netty Epoll Server IO #7/DEBUG] [net.minecraftforge.fml.network.FMLLoginWrapper/FMLHANDSHAKE]: Recieved login wrapper packet event for channel fml:handshake with index 24
[27Aug2026 22:35:56.771] [Netty Epoll Server IO #7/DEBUG] [net.minecraftforge.fml.network.FMLHandshakeHandler/FMLHANDSHAKE]: Received client indexed reply 24 of type net.minecraftforge.fml.network.FMLHandshakeMessages$C2SAcknowledge
[27Aug2026 22:35:56.771] [Netty Epoll Server IO #7/DEBUG] [net.minecraftforge.fml.network.FMLHandshakeHandler/FMLHANDSHAKE]: Received acknowledgement from client
[27Aug2026 22:35:56.807] [Server thread/DEBUG] [net.minecraftforge.fml.network.FMLHandshakeHandler/FMLHANDSHAKE]: Sending ticking packet info 'Config minemineextraslots-server.toml' to 'fml:handshake' sequence 28
[27Aug2026 22:35:56.827] [Netty Epoll Server IO #7/DEBUG] [net.minecraftforge.fml.network.FMLLoginWrapper/FMLHANDSHAKE]: Recieved login wrapper packet event for channel fml:handshake with index 25
[27Aug2026 22:35:56.827] [Netty Epoll Server IO #7/DEBUG] [net.minecraftforge.fml.network.FMLHandshakeHandler/FMLHANDSHAKE]: Received client indexed reply 25 of type net.minecraftforge.fml.network.FMLHandshakeMessages$C2SAcknowledge
[27Aug2026 22:35:56.827] [Netty Epoll Server IO #7/DEBUG] [net.minecraftforge.fml.network.FMLHandshakeHandler/FMLHANDSHAKE]: Received acknowledgement from client
[27Aug2026 22:35:56.856] [Server thread/DEBUG] [net.minecraftforge.fml.network.FMLHandshakeHandler/FMLHANDSHAKE]: Sending ticking packet info 'Config curios-server.toml' to 'fml:handshake' sequence 29
[27Aug2026 22:35:56.875] [Netty Epoll Server IO #7/DEBUG] [net.minecraftforge.fml.network.FMLLoginWrapper/FMLHANDSHAKE]: Recieved login wrapper packet event for channel fml:handshake with index 26
[27Aug2026 22:35:56.875] [Netty Epoll Server IO #7/DEBUG] [net.minecraftforge.fml.network.FMLHandshakeHandler/FMLHANDSHAKE]: Received client indexed reply 26 of type net.minecraftforge.fml.network.FMLHandshakeMessages$C2SAcknowledge
[27Aug2026 22:35:56.875] [Netty Epoll Server IO #7/DEBUG] [net.minecraftforge.fml.network.FMLHandshakeHandler/FMLHANDSHAKE]: Received acknowledgement from client
[27Aug2026 22:35:56.903] [Server thread/DEBUG] [net.minecraftforge.fml.network.FMLHandshakeHandler/FMLHANDSHAKE]: Sending ticking packet info 'Config quickteleports-server.toml' to 'fml:handshake' sequence 30
[27Aug2026 22:35:56.965] [Server thread/DEBUG] [net.minecraftforge.fml.network.FMLHandshakeHandler/FMLHANDSHAKE]: Sending ticking packet info 'Config forge-server.toml' to 'fml:handshake' sequence 31
[27Aug2026 22:35:56.991] [Netty Epoll Server IO #7/DEBUG] [net.minecraftforge.fml.network.FMLLoginWrapper/FMLHANDSHAKE]: Recieved login wrapper packet event for channel fml:handshake with index 27
[27Aug2026 22:35:56.991] [Netty Epoll Server IO #7/DEBUG] [net.minecraftforge.fml.network.FMLHandshakeHandler/FMLHANDSHAKE]: Received client indexed reply 27 of type net.minecraftforge.fml.network.FMLHandshakeMessages$C2SAcknowledge
[27Aug2026 22:35:56.992] [Netty Epoll Server IO #7/DEBUG] [net.minecraftforge.fml.network.FMLHandshakeHandler/FMLHANDSHAKE]: Received acknowledgement from client
[27Aug2026 22:35:56.993] [Netty Epoll Server IO #7/DEBUG] [net.minecraftforge.fml.network.FMLLoginWrapper/FMLHANDSHAKE]: Recieved login wrapper packet event for channel fml:handshake with index 28
[27Aug2026 22:35:56.993] [Netty Epoll Server IO #7/DEBUG] [net.minecraftforge.fml.network.FMLHandshakeHandler/FMLHANDSHAKE]: Received client indexed reply 28 of type net.minecraftforge.fml.network.FMLHandshakeMessages$C2SAcknowledge
[27Aug2026 22:35:56.993] [Netty Epoll Server IO #7/DEBUG] [net.minecraftforge.fml.network.FMLHandshakeHandler/FMLHANDSHAKE]: Received acknowledgement from client
[27Aug2026 22:35:57.011] [Server thread/DEBUG] [net.minecraftforge.fml.network.FMLHandshakeHandler/FMLHANDSHAKE]: Sending ticking packet info 'Config jei-server.toml' to 'fml:handshake' sequence 32
[27Aug2026 22:35:57.011] [Netty Epoll Server IO #7/DEBUG] [net.minecraftforge.fml.network.FMLLoginWrapper/FMLHANDSHAKE]: Recieved login wrapper packet event for channel fml:handshake with index 29
[27Aug2026 22:35:57.012] [Netty Epoll Server IO #7/DEBUG] [net.minecraftforge.fml.network.FMLHandshakeHandler/FMLHANDSHAKE]: Received client indexed reply 29 of type net.minecraftforge.fml.network.FMLHandshakeMessages$C2SAcknowledge
[27Aug2026 22:35:57.012] [Netty Epoll Server IO #7/DEBUG] [net.minecraftforge.fml.network.FMLHandshakeHandler/FMLHANDSHAKE]: Received acknowledgement from client
[27Aug2026 22:35:57.067] [Netty Epoll Server IO #7/DEBUG] [net.minecraftforge.fml.network.FMLLoginWrapper/FMLHANDSHAKE]: Recieved login wrapper packet event for channel fml:handshake with index 30
[27Aug2026 22:35:57.068] [Netty Epoll Server IO #7/DEBUG] [net.minecraftforge.fml.network.FMLHandshakeHandler/FMLHANDSHAKE]: Received client indexed reply 30 of type net.minecraftforge.fml.network.FMLHandshakeMessages$C2SAcknowledge
[27Aug2026 22:35:57.068] [Netty Epoll Server IO #7/DEBUG] [net.minecraftforge.fml.network.FMLHandshakeHandler/FMLHANDSHAKE]: Received acknowledgement from client
[27Aug2026 22:35:57.119] [Netty Epoll Server IO #7/DEBUG] [net.minecraftforge.fml.network.FMLLoginWrapper/FMLHANDSHAKE]: Recieved login wrapper packet event for channel fml:handshake with index 31
[27Aug2026 22:35:57.120] [Netty Epoll Server IO #7/DEBUG] [net.minecraftforge.fml.network.FMLHandshakeHandler/FMLHANDSHAKE]: Received client indexed reply 31 of type net.minecraftforge.fml.network.FMLHandshakeMessages$C2SAcknowledge
[27Aug2026 22:35:57.120] [Netty Epoll Server IO #7/DEBUG] [net.minecraftforge.fml.network.FMLHandshakeHandler/FMLHANDSHAKE]: Received acknowledgement from client
[27Aug2026 22:35:57.171] [Netty Epoll Server IO #7/DEBUG] [net.minecraftforge.fml.network.FMLLoginWrapper/FMLHANDSHAKE]: Recieved login wrapper packet event for channel fml:handshake with index 32
[27Aug2026 22:35:57.171] [Netty Epoll Server IO #7/DEBUG] [net.minecraftforge.fml.network.FMLHandshakeHandler/FMLHANDSHAKE]: Received client indexed reply 32 of type net.minecraftforge.fml.network.FMLHandshakeMessages$C2SAcknowledge
[27Aug2026 22:35:57.172] [Netty Epoll Server IO #7/DEBUG] [net.minecraftforge.fml.network.FMLHandshakeHandler/FMLHANDSHAKE]: Received acknowledgement from client
[27Aug2026 22:35:57.207] [Server thread/DEBUG] [net.minecraftforge.fml.network.FMLHandshakeHandler/FMLHANDSHAKE]: Handshake complete!
[27Aug2026 22:35:57.258] [Server thread/DEBUG] [zitoenpiece/]: [Honor] Attached capability to player
[27Aug2026 22:35:57.264] [Server thread/INFO] [net.minecraftforge.common.AdvancementLoadFix/]: Using new advancement loading for net.minecraft.advancements.PlayerAdvancements@14aa16a1
[27Aug2026 22:35:57.276] [Server thread/INFO] [net.minecraft.server.management.PlayerList/]: dante_11223[/100.120.13.23:52458] logged in with entity id 11554 at (-2662.224754399313, 70.2496807172308, -3584.924966355993)
[27Aug2026 22:35:57.276] [Server thread/DEBUG] [net.minecraftforge.network.NetworkFilters/]: Injected net.minecraftforge.network.ForgeConnectionNetworkFilter@4cadd89a into net.minecraft.network.NetworkManager@66635bec
[27Aug2026 22:35:57.277] [Server thread/DEBUG] [ModernFix/]: Sending ID correction packet to client with 78 classes
[27Aug2026 22:35:57.289] [Server thread/INFO] [net.minecraft.server.dedicated.DedicatedServer/]: Jaguar dante_11223 joined the game
[27Aug2026 22:35:57.325] [Server thread/DEBUG] [net.Zitoen.zitoenpiece.network.limb.LimbSyncPacket/]: [LimbSyncPacket] PACKET CREATED - entityId: 11554, hasArm: true, hasLeg: true, armType: VANILLA, legType: VANILLA
[27Aug2026 22:35:57.325] [Server thread/DEBUG] [net.Zitoen.zitoenpiece.network.limb.LimbSyncPacket/]: [LimbSyncPacket] PACKET ENCODED - entityId: 11554, hasArm: true, hasLeg: true, armType: VANILLA, legType: VANILLA
[27Aug2026 22:35:57.354] [Server thread/DEBUG] [net.Zitoen.zitoenpiece.network.limb.LimbSyncPacket/]: [LimbSyncPacket] PACKET CREATED - entityId: 310, hasArm: true, hasLeg: true, armType: VANILLA, legType: VANILLA
[27Aug2026 22:35:57.354] [Server thread/DEBUG] [net.Zitoen.zitoenpiece.network.limb.LimbSyncPacket/]: [LimbSyncPacket] PACKET ENCODED - entityId: 310, hasArm: true, hasLeg: true, armType: VANILLA, legType: VANILLA
[27Aug2026 22:35:57.384] [Server thread/INFO] [Waila/]: Syncing config to dante_11223 (fc0fbe5d-4170-3762-adae-7e5e79a6b7ec)
[27Aug2026 22:35:57.385] [Server thread/INFO] [STDOUT/]: [net.Zitoen.zitoenpiece.haki.HakiMasteryEvents:onPlayerLogin:21]: [HakiMastery] PlayerLoggedInEvent fired for dante_11223
[27Aug2026 22:35:57.386] [Server thread/DEBUG] [net.Zitoen.zitoenpiece.haki.HakiMasteryEvents/]: [HakiMastery] Player dante_11223 logged in, syncing mastery data
[27Aug2026 22:35:57.386] [Server thread/INFO] [STDOUT/]: [net.Zitoen.zitoenpiece.haki.HakiMasteryEvents:onPlayerLogin:33]: [HakiMastery] Processing login for dante_11223
[27Aug2026 22:35:57.387] [Server thread/INFO] [STDOUT/]: [net.Zitoen.zitoenpiece.haki.HakiMasteryManager:updateMasteryFromAbilities:113]: [HakiMastery] Checking abilities for dante_11223
[27Aug2026 22:35:57.388] [Server thread/INFO] [STDOUT/]: [net.Zitoen.zitoenpiece.haki.HakiMasteryManager:updateMasteryFromAbilities:323]: [HakiMastery] No changes needed for dante_11223
[27Aug2026 22:35:57.389] [Server thread/INFO] [STDOUT/]: [net.Zitoen.zitoenpiece.haki.HakiMasteryEvents:onPlayerLogin:37]: [HakiMastery] Login processing complete for dante_11223
[27Aug2026 22:35:57.390] [Server thread/DEBUG] [net.Zitoen.zitoenpiece.network.limb.LimbSyncPacket/]: [LimbSyncPacket] PACKET CREATED - entityId: 11554, hasArm: true, hasLeg: true, armType: VANILLA, legType: VANILLA
[27Aug2026 22:35:57.390] [Server thread/DEBUG] [net.Zitoen.zitoenpiece.network.limb.LimbSyncPacket/]: [LimbSyncPacket] PACKET ENCODED - entityId: 11554, hasArm: true, hasLeg: true, armType: VANILLA, legType: VANILLA
[27Aug2026 22:35:57.390] [Server thread/DEBUG] [zitoenpiece/]: [Honor] Synced honor on login for dante_11223
[27Aug2026 22:35:57.391] [Server thread/INFO] [STDOUT/]: [com.anonymdev.skinrestoreforge.util.SkinApplier:refreshTabList:33]: [SkinRestoreForge DEBUG] Refreshing tab list for: dante_11223 (fc0fbe5d-4170-3762-adae-7e5e79a6b7ec)
[27Aug2026 22:35:57.391] [Server thread/INFO] [STDOUT/]: [com.anonymdev.skinrestoreforge.util.SkinApplier:refreshTabList:34]: [SkinRestoreForge DEBUG] textures property count: 1
[27Aug2026 22:35:57.392] [Server thread/INFO] [STDOUT/]: [com.anonymdev.skinrestoreforge.util.SkinApplier:lambda$refreshTabList$0:36]: [SkinRestoreForge DEBUG] value length=480 hasSignature=true
[27Aug2026 22:35:57.392] [Server thread/INFO] [STDOUT/]: [com.anonymdev.skinrestoreforge.util.SkinApplier:refreshTabList:39]: [SkinRestoreForge DEBUG] Connected players count: 3
[27Aug2026 22:35:57.393] [Server thread/INFO] [STDOUT/]: [com.anonymdev.skinrestoreforge.util.SkinApplier:refreshTabList:48]: [SkinRestoreForge DEBUG] REMOVE_PLAYER + ADD_PLAYER packets sent.
[27Aug2026 22:36:04.372] [Server thread/INFO] [net.minecraft.server.dedicated.DedicatedServer/]: [Capone karma10K: Teleported Capone karma10K to Jaguar dante_11223]
[27Aug2026 22:36:06.789] [Server thread/DEBUG] [xyz.pixelatedw.mineminenomi.api.entities.ai.NPCPhaseManager/]: Switched Sea Cow's phase to: Ground Phase
[27Aug2026 22:36:07.234] [Server thread/DEBUG] [xyz.pixelatedw.mineminenomi.api.entities.ai.NPCPhaseManager/]: Switched Sea Cow's phase to: Water Phase
[27Aug2026 22:36:14.084] [Server thread/DEBUG] [xyz.pixelatedw.mineminenomi.api.entities.ai.NPCPhaseManager/]: Switched Sea Cow's phase to: Ground Phase
[27Aug2026 22:36:14.334] [Server thread/DEBUG] [xyz.pixelatedw.mineminenomi.api.entities.ai.NPCPhaseManager/]: Switched Sea Cow's phase to: Water Phase
[27Aug2026 22:36:15.202] [Server thread/DEBUG] [zitoenpiece/]: [Honor] Combat tracked: dante_11223 attacked karma10K first
[27Aug2026 22:36:26.153] [Server thread/INFO] [net.minecraft.server.dedicated.DedicatedServer/]: [Don Tmarsi219: Teleported Don Tmarsi219 to Capone karma10K]
[27Aug2026 22:36:26.172] [Server thread/DEBUG] [net.Zitoen.zitoenpiece.network.limb.LimbSyncPacket/]: [LimbSyncPacket] PACKET CREATED - entityId: 310, hasArm: true, hasLeg: true, armType: VANILLA, legType: VANILLA
[27Aug2026 22:36:26.172] [Server thread/DEBUG] [net.Zitoen.zitoenpiece.network.limb.LimbSyncPacket/]: [LimbSyncPacket] PACKET ENCODED - entityId: 310, hasArm: true, hasLeg: true, armType: VANILLA, legType: VANILLA
[27Aug2026 22:36:26.183] [Server thread/DEBUG] [net.Zitoen.zitoenpiece.network.limb.LimbSyncPacket/]: [LimbSyncPacket] PACKET CREATED - entityId: 11554, hasArm: true, hasLeg: true, armType: VANILLA, legType: VANILLA
[27Aug2026 22:36:26.183] [Server thread/DEBUG] [net.Zitoen.zitoenpiece.network.limb.LimbSyncPacket/]: [LimbSyncPacket] PACKET ENCODED - entityId: 11554, hasArm: true, hasLeg: true, armType: VANILLA, legType: VANILLA
[27Aug2026 22:36:26.251] [Server thread/DEBUG] [net.Zitoen.zitoenpiece.network.limb.LimbSyncPacket/]: [LimbSyncPacket] PACKET CREATED - entityId: 135, hasArm: true, hasLeg: true, armType: VANILLA, legType: VANILLA
[27Aug2026 22:36:26.251] [Server thread/DEBUG] [net.Zitoen.zitoenpiece.network.limb.LimbSyncPacket/]: [LimbSyncPacket] PACKET ENCODED - entityId: 135, hasArm: true, hasLeg: true, armType: VANILLA, legType: VANILLA
[27Aug2026 22:36:26.253] [Server thread/DEBUG] [net.Zitoen.zitoenpiece.network.limb.LimbSyncPacket/]: [LimbSyncPacket] PACKET CREATED - entityId: 135, hasArm: true, hasLeg: true, armType: VANILLA, legType: VANILLA
[27Aug2026 22:36:26.253] [Server thread/DEBUG] [net.Zitoen.zitoenpiece.network.limb.LimbSyncPacket/]: [LimbSyncPacket] PACKET ENCODED - entityId: 135, hasArm: true, hasLeg: true, armType: VANILLA, legType: VANILLA
[27Aug2026 22:36:37.731] [Server thread/DEBUG] [xyz.pixelatedw.mineminenomi.api.entities.ai.NPCPhaseManager/]: Switched Revolutionary Army Sniper's phase to: Range Phase
[27Aug2026 22:36:44.700] [Server thread/DEBUG] [zitoenpiece/]: [Honor] Combat tracked: karma10K attacked Tmarsi219 first
[27Aug2026 22:36:55.540] [Server thread/DEBUG] [ZitoenPiece/ChefsKiss/]: Chef's Kiss: Food has no NBT tag
[27Aug2026 22:36:57.293] [Server thread/DEBUG] [ZitoenPiece/ChefsKiss/]: Chef's Kiss: Food has no NBT tag
[27Aug2026 22:36:57.731] [Server thread/DEBUG] [xyz.pixelatedw.mineminenomi.api.entities.ai.NPCPhaseManager/]: Switched Pirate Rifleman's phase to: Range Phase
[27Aug2026 22:37:10.243] [Server thread/INFO] [net.minecraft.server.dedicated.DedicatedServer/]: Jaguar dante_11223 is bleeding...
[27Aug2026 22:37:23.975] [Server thread/DEBUG] [net.minecraftforge.fml.FMLWorldPersistenceHook/WP]: Gathering id map for writing to world save world
[27Aug2026 22:37:23.983] [Server thread/DEBUG] [net.minecraftforge.fml.FMLWorldPersistenceHook/WP]: ID Map collection complete world
[27Aug2026 22:37:25.542] [Server thread/DEBUG] [ZitoenPiece/ChefsKiss/]: Chef's Kiss: Food has no NBT tag
[27Aug2026 22:37:27.291] [Server thread/DEBUG] [ZitoenPiece/ChefsKiss/]: Chef's Kiss: Food has no NBT tag
[27Aug2026 22:37:29.091] [Server thread/DEBUG] [ZitoenPiece/ChefsKiss/]: Chef's Kiss: Food has no NBT tag
[27Aug2026 22:37:30.892] [Server thread/DEBUG] [ZitoenPiece/ChefsKiss/]: Chef's Kiss: Food has no NBT tag
[27Aug2026 22:37:37.731] [Server thread/DEBUG] [xyz.pixelatedw.mineminenomi.api.entities.ai.NPCPhaseManager/]: Switched Revolutionary Army Sniper's phase to: Range Phase
[27Aug2026 22:37:57.729] [Server thread/DEBUG] [xyz.pixelatedw.mineminenomi.api.entities.ai.NPCPhaseManager/]: Switched Marine Rifleman's phase to: Range Phase
[27Aug2026 22:38:10.411] [Server thread/WARN] [net.minecraft.network.play.ServerPlayNetHandler/]: dante_11223 moved too quickly! -2.0311196841298624,17.65048542346463,7.704672844361085
[27Aug2026 22:38:11.757] [Server thread/INFO] [net.minecraft.server.dedicated.DedicatedServer/]: Jaguar dante_11223 is bleeding...
